px0,px1,px2,px3,px4,px5,px6,px7,px8,px9,px10,px11,px12,px13,px14,px15,px16,px17,px18,px19,px20,px21,px22,px23,px24,px25,px26,px27,px28,px29,px30,px31,px32,px33,px34,px35,px36,px37,px38,px39,px40,px41,px42,px43,px44,px45,px46,px47,px48,px49,px50,px51,px52,px53,px54,px55,px56,px57,px58,px59,px60,px61,px62,px63,target
0.0,0.0,5.0,13.0,9.0,1.0,0.0,0.0,0.0,0.0,13.0,15.0,10.0,15.0,5.0,0.0,0.0,3.0,15.0,2.0,0.0,11.0,8.0,0.0,0.0,4.0,12.0,0.0,0.0,8.0,8.0,0.0,0.0,5.0,8.0,0.0,0.0,9.0,8.0,0.0,0.0,4.0,11.0,0.0,1.0,12.0,7.0,0.0,0.0,2.0,14.0,5.0,10.0,12.0,0.0,0.0,0.0,0.0,6.0,13.0,10.0,0.0,0.0,0.0,0
0.0,0.0,0.0,12.0,13.0,5.0,0.0,0.0,0.0,0.0,0.0,11.0,16.0,9.0,0.0,0.0,0.0,0.0,3.0,15.0,16.0,6.0,0.0,0.0,0.0,7.0,15.0,16.0,16.0,2.0,0.0,0.0,0.0,0.0,1.0,16.0,16.0,3.0,0.0,0.0,0.0,0.0,1.0,16.0,16.0,6.0,0.0,0.0,0.0,0.0,1.0,16.0,16.0,6.0,0.0,0.0,0.0,0.0,0.0,11.0,16.0,10.0,0.0,0.0,1
0.0,0.0,0.0,4.0,15.0,12.0,0.0,0.0,0.0,0.0,3.0,16.0,15.0,14.0,0.0,0.0,0.0,0.0,8.0,13.0,8.0,16.0,0.0,0.0,0.0,0.0,1.0,6.0,15.0,11.0,0.0,0.0,0.0,1.0,8.0,13.0,15.0,1.0,0.0,0.0,0.0,9.0,16.0,16.0,5.0,0.0,0.0,0.0,0.0,3.0,13.0,16.0,16.0,11.0,5.0,0.0,0.0,0.0,0.0,3.0,11.0,16.0,9.0,0.0,2
0.0,0.0,7.0,15.0,13.0,1.0,0.0,0.0,0.0,8.0,13.0,6.0,15.0,4.0,0.0,0.0,0.0,2.0,1.0,13.0,13.0,0.0,0.0,0.0,0.0,0.0,2.0,15.0,11.0,1.0,0.0,0.0,0.0,0.0,0.0,1.0,12.0,12.0,1.0,0.0,0.0,0.0,0.0,0.0,1.0,10.0,8.0,0.0,0.0,0.0,8.0,4.0,5.0,14.0,9.0,0.0,0.0,0.0,7.0,13.0,13.0,9.0,0.0,0.0,3
0.0,0.0,0.0,1.0,11.0,0.0,0.0,0.0,0.0,0.0,0.0,7.0,8.0,0.0,0.0,0.0,0.0,0.0,1.0,13.0,6.0,2.0,2.0,0.0,0.0,0.0,7.0,15.0,0.0,9.0,8.0,0.0,0.0,5.0,16.0,10.0,0.0,16.0,6.0,0.0,0.0,4.0,15.0,16.0,13.0,16.0,1.0,0.0,0.0,0.0,0.0,3.0,15.0,10.0,0.0,0.0,0.0,0.0,0.0,2.0,16.0,4.0,0.0,0.0,4
0.0,0.0,12.0,10.0,0.0,0.0,0.0,0.0,0.0,0.0,14.0,16.0,16.0,14.0,0.0,0.0,0.0,0.0,13.0,16.0,15.0,10.0,1.0,0.0,0.0,0.0,11.0,16.0,16.0,7.0,0.0,0.0,0.0,0.0,0.0,4.0,7.0,16.0,7.0,0.0,0.0,0.0,0.0,0.0,4.0,16.0,9.0,0.0,0.0,0.0,5.0,4.0,12.0,16.0,4.0,0.0,0.0,0.0,9.0,16.0,16.0,10.0,0.0,0.0,5
0.0,0.0,0.0,12.0,13.0,0.0,0.0,0.0,0.0,0.0,5.0,16.0,8.0,0.0,0.0,0.0,0.0,0.0,13.0,16.0,3.0,0.0,0.0,0.0,0.0,0.0,14.0,13.0,0.0,0.0,0.0,0.0,0.0,0.0,15.0,12.0,7.0,2.0,0.0,0.0,0.0,0.0,13.0,16.0,13.0,16.0,3.0,0.0,0.0,0.0,7.0,16.0,11.0,15.0,8.0,0.0,0.0,0.0,1.0,9.0,15.0,11.0,3.0,0.0,6
0.0,0.0,7.0,8.0,13.0,16.0,15.0,1.0,0.0,0.0,7.0,7.0,4.0,11.0,12.0,0.0,0.0,0.0,0.0,0.0,8.0,13.0,1.0,0.0,0.0,4.0,8.0,8.0,15.0,15.0,6.0,0.0,0.0,2.0,11.0,15.0,15.0,4.0,0.0,0.0,0.0,0.0,0.0,16.0,5.0,0.0,0.0,0.0,0.0,0.0,9.0,15.0,1.0,0.0,0.0,0.0,0.0,0.0,13.0,5.0,0.0,0.0,0.0,0.0,7
0.0,0.0,9.0,14.0,8.0,1.0,0.0,0.0,0.0,0.0,12.0,14.0,14.0,12.0,0.0,0.0,0.0,0.0,9.0,10.0,0.0,15.0,4.0,0.0,0.0,0.0,3.0,16.0,12.0,14.0,2.0,0.0,0.0,0.0,4.0,16.0,16.0,2.0,0.0,0.0,0.0,3.0,16.0,8.0,10.0,13.0,2.0,0.0,0.0,1.0,15.0,1.0,3.0,16.0,8.0,0.0,0.0,0.0,11.0,16.0,15.0,11.0,1.0,0.0,8
0.0,0.0,11.0,12.0,0.0,0.0,0.0,0.0,0.0,2.0,16.0,16.0,16.0,13.0,0.0,0.0,0.0,3.0,16.0,12.0,10.0,14.0,0.0,0.0,0.0,1.0,16.0,1.0,12.0,15.0,0.0,0.0,0.0,0.0,13.0,16.0,9.0,15.0,2.0,0.0,0.0,0.0,0.0,3.0,0.0,9.0,11.0,0.0,0.0,0.0,0.0,0.0,9.0,15.0,4.0,0.0,0.0,0.0,9.0,12.0,13.0,3.0,0.0,0.0,9
0.0,0.0,1.0,9.0,15.0,11.0,0.0,0.0,0.0,0.0,11.0,16.0,8.0,14.0,6.0,0.0,0.0,2.0,16.0,10.0,0.0,9.0,9.0,0.0,0.0,1.0,16.0,4.0,0.0,8.0,8.0,0.0,0.0,4.0,16.0,4.0,0.0,8.0,8.0,0.0,0.0,1.0,16.0,5.0,1.0,11.0,3.0,0.0,0.0,0.0,12.0,12.0,10.0,10.0,0.0,0.0,0.0,0.0,1.0,10.0,13.0,3.0,0.0,0.0,0
0.0,0.0,0.0,0.0,14.0,13.0,1.0,0.0,0.0,0.0,0.0,5.0,16.0,16.0,2.0,0.0,0.0,0.0,0.0,14.0,16.0,12.0,0.0,0.0,0.0,1.0,10.0,16.0,16.0,12.0,0.0,0.0,0.0,3.0,12.0,14.0,16.0,9.0,0.0,0.0,0.0,0.0,0.0,5.0,16.0,15.0,0.0,0.0,0.0,0.0,0.0,4.0,16.0,14.0,0.0,0.0,0.0,0.0,0.0,1.0,13.0,16.0,1.0,0.0,1
0.0,0.0,5.0,12.0,1.0,0.0,0.0,0.0,0.0,0.0,15.0,14.0,7.0,0.0,0.0,0.0,0.0,0.0,13.0,1.0,12.0,0.0,0.0,0.0,0.0,2.0,10.0,0.0,14.0,0.0,0.0,0.0,0.0,0.0,2.0,0.0,16.0,1.0,0.0,0.0,0.0,0.0,0.0,6.0,15.0,0.0,0.0,0.0,0.0,0.0,9.0,16.0,15.0,9.0,8.0,2.0,0.0,0.0,3.0,11.0,8.0,13.0,12.0,4.0,2
0.0,2.0,9.0,15.0,14.0,9.0,3.0,0.0,0.0,4.0,13.0,8.0,9.0,16.0,8.0,0.0,0.0,0.0,0.0,6.0,14.0,15.0,3.0,0.0,0.0,0.0,0.0,11.0,14.0,2.0,0.0,0.0,0.0,0.0,0.0,2.0,15.0,11.0,0.0,0.0,0.0,0.0,0.0,0.0,2.0,15.0,4.0,0.0,0.0,1.0,5.0,6.0,13.0,16.0,6.0,0.0,0.0,2.0,12.0,12.0,13.0,11.0,0.0,0.0,3
0.0,0.0,0.0,8.0,15.0,1.0,0.0,0.0,0.0,0.0,1.0,14.0,13.0,1.0,1.0,0.0,0.0,0.0,10.0,15.0,3.0,15.0,11.0,0.0,0.0,7.0,16.0,7.0,1.0,16.0,8.0,0.0,0.0,9.0,16.0,13.0,14.0,16.0,5.0,0.0,0.0,1.0,10.0,15.0,16.0,14.0,0.0,0.0,0.0,0.0,0.0,1.0,16.0,10.0,0.0,0.0,0.0,0.0,0.0,10.0,15.0,4.0,0.0,0.0,4
0.0,5.0,12.0,13.0,16.0,16.0,2.0,0.0,0.0,11.0,16.0,15.0,8.0,4.0,0.0,0.0,0.0,8.0,14.0,11.0,1.0,0.0,0.0,0.0,0.0,8.0,16.0,16.0,14.0,0.0,0.0,0.0,0.0,1.0,6.0,6.0,16.0,0.0,0.0,0.0,0.0,0.0,0.0,5.0,16.0,3.0,0.0,0.0,0.0,1.0,5.0,15.0,13.0,0.0,0.0,0.0,0.0,4.0,15.0,16.0,2.0,0.0,0.0,0.0,5
0.0,0.0,0.0,8.0,15.0,1.0,0.0,0.0,0.0,0.0,0.0,12.0,14.0,0.0,0.0,0.0,0.0,0.0,3.0,16.0,7.0,0.0,0.0,0.0,0.0,0.0,6.0,16.0,2.0,0.0,0.0,0.0,0.0,0.0,7.0,16.0,16.0,13.0,5.0,0.0,0.0,0.0,15.0,16.0,9.0,9.0,14.0,0.0,0.0,0.0,3.0,14.0,9.0,2.0,16.0,2.0,0.0,0.0,0.0,7.0,15.0,16.0,11.0,0.0,6
0.0,0.0,1.0,8.0,15.0,10.0,0.0,0.0,0.0,3.0,13.0,15.0,14.0,14.0,0.0,0.0,0.0,5.0,10.0,0.0,10.0,12.0,0.0,0.0,0.0,0.0,3.0,5.0,15.0,10.0,2.0,0.0,0.0,0.0,16.0,16.0,16.0,16.0,12.0,0.0,0.0,1.0,8.0,12.0,14.0,8.0,3.0,0.0,0.0,0.0,0.0,10.0,13.0,0.0,0.0,0.0,0.0,0.0,0.0,11.0,9.0,0.0,0.0,0.0,7
0.0,0.0,10.0,7.0,13.0,9.0,0.0,0.0,0.0,0.0,9.0,10.0,12.0,15.0,2.0,0.0,0.0,0.0,4.0,11.0,10.0,11.0,0.0,0.0,0.0,0.0,1.0,16.0,10.0,1.0,0.0,0.0,0.0,0.0,12.0,13.0,4.0,0.0,0.0,0.0,0.0,0.0,12.0,1.0,12.0,0.0,0.0,0.0,0.0,1.0,10.0,2.0,14.0,0.0,0.0,0.0,0.0,0.0,11.0,14.0,5.0,0.0,0.0,0.0,8
0.0,0.0,6.0,14.0,4.0,0.0,0.0,0.0,0.0,0.0,11.0,16.0,10.0,0.0,0.0,0.0,0.0,0.0,8.0,14.0,16.0,2.0,0.0,0.0,0.0,0.0,1.0,12.0,12.0,11.0,0.0,0.0,0.0,0.0,0.0,0.0,0.0,11.0,3.0,0.0,0.0,0.0,0.0,0.0,0.0,5.0,11.0,0.0,0.0,0.0,1.0,4.0,4.0,7.0,16.0,2.0,0.0,0.0,7.0,16.0,16.0,13.0,11.0,1.0,9
0.0,0.0,3.0,13.0,11.0,7.0,0.0,0.0,0.0,0.0,11.0,16.0,16.0,16.0,2.0,0.0,0.0,4.0,16.0,9.0,1.0,14.0,2.0,0.0,0.0,4.0,16.0,0.0,0.0,16.0,2.0,0.0,0.0,0.0,16.0,1.0,0.0,12.0,8.0,0.0,0.0,0.0,15.0,9.0,0.0,13.0,6.0,0.0,0.0,0.0,9.0,14.0,9.0,14.0,1.0,0.0,0.0,0.0,2.0,12.0,13.0,4.0,0.0,0.0,0
0.0,0.0,0.0,2.0,16.0,16.0,2.0,0.0,0.0,0.0,0.0,4.0,16.0,16.0,2.0,0.0,0.0,1.0,4.0,12.0,16.0,12.0,0.0,0.0,0.0,7.0,16.0,16.0,16.0,12.0,0.0,0.0,0.0,0.0,3.0,10.0,16.0,14.0,0.0,0.0,0.0,0.0,0.0,8.0,16.0,12.0,0.0,0.0,0.0,0.0,0.0,6.0,16.0,16.0,2.0,0.0,0.0,0.0,0.0,2.0,12.0,15.0,4.0,0.0,1
0.0,0.0,8.0,16.0,5.0,0.0,0.0,0.0,0.0,1.0,13.0,11.0,16.0,0.0,0.0,0.0,0.0,0.0,10.0,0.0,13.0,3.0,0.0,0.0,0.0,0.0,3.0,1.0,16.0,1.0,0.0,0.0,0.0,0.0,0.0,9.0,12.0,0.0,0.0,0.0,0.0,0.0,3.0,15.0,5.0,0.0,0.0,0.0,0.0,0.0,14.0,15.0,8.0,8.0,3.0,0.0,0.0,0.0,7.0,12.0,12.0,12.0,13.0,1.0,2
0.0,1.0,8.0,12.0,15.0,14.0,4.0,0.0,0.0,3.0,11.0,8.0,8.0,12.0,12.0,0.0,0.0,0.0,0.0,0.0,2.0,13.0,7.0,0.0,0.0,0.0,0.0,2.0,15.0,12.0,1.0,0.0,0.0,0.0,0.0,0.0,13.0,5.0,0.0,0.0,0.0,0.0,0.0,0.0,9.0,13.0,0.0,0.0,0.0,0.0,7.0,8.0,14.0,15.0,0.0,0.0,0.0,0.0,14.0,15.0,11.0,2.0,0.0,0.0,3
0.0,0.0,0.0,0.0,12.0,2.0,0.0,0.0,0.0,0.0,0.0,6.0,14.0,1.0,0.0,0.0,0.0,0.0,4.0,16.0,7.0,8.0,0.0,0.0,0.0,0.0,13.0,9.0,0.0,16.0,6.0,0.0,0.0,6.0,16.0,10.0,11.0,16.0,0.0,0.0,0.0,0.0,5.0,10.0,13.0,16.0,0.0,0.0,0.0,0.0,0.0,0.0,6.0,16.0,0.0,0.0,0.0,0.0,0.0,0.0,12.0,8.0,0.0,0.0,4
0.0,0.0,12.0,8.0,8.0,7.0,0.0,0.0,0.0,3.0,16.0,16.0,11.0,7.0,0.0,0.0,0.0,2.0,14.0,1.0,0.0,0.0,0.0,0.0,0.0,5.0,14.0,5.0,0.0,0.0,0.0,0.0,0.0,2.0,15.0,16.0,9.0,0.0,0.0,0.0,0.0,0.0,0.0,2.0,16.0,2.0,0.0,0.0,0.0,0.0,4.0,8.0,16.0,4.0,0.0,0.0,0.0,0.0,11.0,14.0,9.0,0.0,0.0,0.0,5
0.0,0.0,1.0,13.0,14.0,3.0,0.0,0.0,0.0,0.0,8.0,16.0,13.0,2.0,0.0,0.0,0.0,2.0,16.0,16.0,3.0,0.0,0.0,0.0,0.0,3.0,16.0,12.0,1.0,0.0,0.0,0.0,0.0,5.0,16.0,14.0,5.0,0.0,0.0,0.0,0.0,3.0,16.0,16.0,16.0,16.0,6.0,0.0,0.0,1.0,14.0,16.0,16.0,16.0,12.0,0.0,0.0,0.0,3.0,12.0,15.0,14.0,7.0,0.0,6
0.0,0.0,0.0,8.0,14.0,14.0,2.0,0.0,0.0,0.0,0.0,6.0,10.0,15.0,11.0,0.0,0.0,0.0,0.0,0.0,0.0,14.0,10.0,0.0,0.0,2.0,8.0,11.0,12.0,16.0,8.0,0.0,0.0,8.0,16.0,16.0,16.0,16.0,7.0,0.0,0.0,0.0,0.0,0.0,11.0,15.0,1.0,0.0,0.0,0.0,0.0,9.0,16.0,7.0,0.0,0.0,0.0,0.0,0.0,12.0,13.0,1.0,0.0,0.0,7
0.0,0.0,10.0,11.0,4.0,0.0,0.0,0.0,0.0,0.0,10.0,15.0,13.0,13.0,1.0,0.0,0.0,0.0,8.0,11.0,0.0,14.0,4.0,0.0,0.0,0.0,0.0,13.0,15.0,13.0,0.0,0.0,0.0,1.0,11.0,16.0,16.0,0.0,0.0,0.0,0.0,1.0,15.0,3.0,9.0,10.0,0.0,0.0,0.0,0.0,14.0,6.0,15.0,10.0,0.0,0.0,0.0,0.0,8.0,14.0,7.0,1.0,0.0,0.0,8
0.0,0.0,9.0,13.0,7.0,0.0,0.0,0.0,0.0,0.0,12.0,16.0,16.0,2.0,0.0,0.0,0.0,0.0,12.0,13.0,16.0,6.0,0.0,0.0,0.0,0.0,6.0,16.0,16.0,14.0,0.0,0.0,0.0,0.0,0.0,0.0,2.0,16.0,3.0,0.0,0.0,0.0,0.0,0.0,0.0,9.0,10.0,0.0,0.0,0.0,3.0,7.0,12.0,14.0,16.0,2.0,0.0,0.0,7.0,12.0,12.0,12.0,11.0,0.0,9
0.0,0.0,10.0,14.0,11.0,3.0,0.0,0.0,0.0,4.0,16.0,13.0,6.0,14.0,1.0,0.0,0.0,4.0,16.0,2.0,0.0,11.0,7.0,0.0,0.0,8.0,16.0,0.0,0.0,10.0,5.0,0.0,0.0,8.0,16.0,0.0,0.0,14.0,4.0,0.0,0.0,8.0,16.0,0.0,1.0,16.0,1.0,0.0,0.0,4.0,16.0,1.0,11.0,15.0,0.0,0.0,0.0,0.0,11.0,16.0,12.0,3.0,0.0,0.0,0
0.0,0.0,2.0,13.0,8.0,0.0,0.0,0.0,0.0,0.0,6.0,16.0,16.0,6.0,0.0,0.0,0.0,0.0,5.0,15.0,13.0,11.0,0.0,0.0,0.0,0.0,0.0,7.0,16.0,15.0,0.0,0.0,0.0,0.0,0.0,0.0,0.0,14.0,3.0,0.0,0.0,0.0,0.0,0.0,0.0,7.0,11.0,0.0,0.0,0.0,0.0,3.0,4.0,4.0,16.0,2.0,0.0,0.0,2.0,15.0,13.0,14.0,13.0,2.0,9
0.0,2.0,13.0,16.0,16.0,16.0,11.0,0.0,0.0,5.0,16.0,10.0,5.0,4.0,1.0,0.0,0.0,6.0,16.0,7.0,3.0,0.0,0.0,0.0,0.0,9.0,16.0,16.0,16.0,6.0,0.0,0.0,0.0,3.0,8.0,4.0,11.0,15.0,0.0,0.0,0.0,0.0,0.0,1.0,12.0,15.0,0.0,0.0,0.0,0.0,4.0,13.0,16.0,6.0,0.0,0.0,0.0,2.0,16.0,15.0,8.0,0.0,0.0,0.0,5
0.0,6.0,13.0,5.0,8.0,8.0,1.0,0.0,0.0,8.0,16.0,16.0,16.0,16.0,6.0,0.0,0.0,6.0,16.0,9.0,6.0,4.0,0.0,0.0,0.0,6.0,16.0,16.0,15.0,5.0,0.0,0.0,0.0,0.0,4.0,5.0,15.0,12.0,0.0,0.0,0.0,0.0,0.0,3.0,16.0,9.0,0.0,0.0,0.0,1.0,8.0,13.0,15.0,3.0,0.0,0.0,0.0,4.0,16.0,15.0,3.0,0.0,0.0,0.0,5
0.0,0.0,0.0,5.0,14.0,2.0,0.0,0.0,0.0,0.0,1.0,13.0,11.0,0.0,0.0,0.0,0.0,0.0,5.0,16.0,2.0,0.0,0.0,0.0,0.0,0.0,6.0,15.0,5.0,0.0,0.0,0.0,0.0,1.0,15.0,16.0,15.0,11.0,1.0,0.0,0.0,2.0,13.0,14.0,1.0,12.0,9.0,0.0,0.0,0.0,4.0,16.0,7.0,13.0,9.0,0.0,0.0,0.0,0.0,5.0,16.0,15.0,3.0,0.0,6
0.0,3.0,15.0,8.0,8.0,6.0,0.0,0.0,0.0,4.0,16.0,16.0,16.0,13.0,2.0,0.0,0.0,3.0,16.0,9.0,2.0,0.0,0.0,0.0,0.0,2.0,16.0,16.0,15.0,3.0,0.0,0.0,0.0,0.0,7.0,6.0,12.0,9.0,0.0,0.0,0.0,0.0,0.0,1.0,14.0,10.0,0.0,0.0,0.0,0.0,5.0,14.0,15.0,2.0,0.0,0.0,0.0,1.0,15.0,14.0,1.0,0.0,0.0,0.0,5
0.0,0.0,6.0,14.0,10.0,2.0,0.0,0.0,0.0,0.0,15.0,15.0,13.0,15.0,3.0,0.0,0.0,2.0,16.0,10.0,0.0,13.0,9.0,0.0,0.0,1.0,16.0,5.0,0.0,12.0,5.0,0.0,0.0,0.0,16.0,3.0,0.0,13.0,6.0,0.0,0.0,1.0,15.0,5.0,6.0,13.0,1.0,0.0,0.0,0.0,16.0,11.0,14.0,10.0,0.0,0.0,0.0,0.0,7.0,16.0,11.0,1.0,0.0,0.0,0
0.0,0.0,13.0,10.0,1.0,0.0,0.0,0.0,0.0,5.0,16.0,14.0,7.0,0.0,0.0,0.0,0.0,4.0,16.0,8.0,14.0,0.0,0.0,0.0,0.0,2.0,14.0,16.0,16.0,6.0,0.0,0.0,0.0,0.0,1.0,4.0,9.0,13.0,1.0,0.0,0.0,0.0,0.0,0.0,0.0,13.0,6.0,0.0,0.0,0.0,5.0,8.0,5.0,9.0,14.0,0.0,0.0,0.0,13.0,13.0,15.0,16.0,13.0,0.0,9
0.0,0.0,7.0,7.0,13.0,16.0,4.0,0.0,0.0,0.0,13.0,13.0,6.0,12.0,7.0,0.0,0.0,0.0,10.0,4.0,10.0,11.0,1.0,0.0,0.0,0.0,8.0,16.0,10.0,0.0,0.0,0.0,0.0,3.0,14.0,16.0,0.0,0.0,0.0,0.0,0.0,8.0,8.0,11.0,5.0,0.0,0.0,0.0,0.0,4.0,10.0,9.0,8.0,0.0,0.0,0.0,0.0,1.0,11.0,16.0,6.0,0.0,0.0,0.0,8
0.0,1.0,9.0,16.0,13.0,7.0,0.0,0.0,0.0,7.0,14.0,4.0,10.0,12.0,0.0,0.0,0.0,6.0,15.0,9.0,16.0,11.0,0.0,0.0,0.0,0.0,9.0,11.0,7.0,14.0,0.0,0.0,0.0,0.0,0.0,0.0,0.0,15.0,2.0,0.0,0.0,0.0,0.0,0.0,0.0,11.0,6.0,0.0,0.0,3.0,13.0,8.0,5.0,14.0,5.0,0.0,0.0,0.0,9.0,14.0,13.0,10.0,1.0,0.0,9
0.0,0.0,11.0,10.0,12.0,4.0,0.0,0.0,0.0,0.0,12.0,13.0,9.0,16.0,1.0,0.0,0.0,0.0,7.0,13.0,11.0,16.0,0.0,0.0,0.0,0.0,1.0,16.0,14.0,4.0,0.0,0.0,0.0,0.0,10.0,16.0,13.0,0.0,0.0,0.0,0.0,0.0,14.0,7.0,12.0,7.0,0.0,0.0,0.0,4.0,14.0,4.0,12.0,13.0,0.0,0.0,0.0,1.0,11.0,14.0,12.0,4.0,0.0,0.0,8
0.0,0.0,0.0,9.0,15.0,1.0,0.0,0.0,0.0,0.0,4.0,16.0,12.0,0.0,0.0,0.0,0.0,0.0,15.0,14.0,2.0,11.0,3.0,0.0,0.0,4.0,16.0,9.0,4.0,16.0,10.0,0.0,0.0,9.0,16.0,11.0,13.0,16.0,2.0,0.0,0.0,0.0,9.0,16.0,16.0,14.0,0.0,0.0,0.0,0.0,0.0,8.0,16.0,6.0,0.0,0.0,0.0,0.0,0.0,9.0,16.0,2.0,0.0,0.0,4
0.0,0.0,0.0,0.0,12.0,5.0,0.0,0.0,0.0,0.0,0.0,2.0,16.0,12.0,0.0,0.0,0.0,0.0,1.0,12.0,16.0,11.0,0.0,0.0,0.0,2.0,12.0,16.0,16.0,10.0,0.0,0.0,0.0,6.0,11.0,5.0,15.0,6.0,0.0,0.0,0.0,0.0,0.0,1.0,16.0,9.0,0.0,0.0,0.0,0.0,0.0,2.0,16.0,11.0,0.0,0.0,0.0,0.0,0.0,3.0,16.0,8.0,0.0,0.0,1
0.0,0.0,0.0,9.0,15.0,12.0,0.0,0.0,0.0,0.0,4.0,7.0,7.0,14.0,0.0,0.0,0.0,0.0,0.0,0.0,0.0,13.0,3.0,0.0,0.0,4.0,9.0,8.0,10.0,13.0,1.0,0.0,0.0,4.0,16.0,15.0,16.0,16.0,6.0,0.0,0.0,0.0,0.0,0.0,14.0,3.0,0.0,0.0,0.0,0.0,0.0,9.0,12.0,0.0,0.0,0.0,0.0,0.0,0.0,11.0,7.0,0.0,0.0,0.0,7
0.0,0.0,9.0,16.0,16.0,16.0,5.0,0.0,0.0,1.0,14.0,10.0,8.0,16.0,8.0,0.0,0.0,0.0,0.0,0.0,7.0,16.0,3.0,0.0,0.0,3.0,8.0,11.0,15.0,16.0,11.0,0.0,0.0,8.0,16.0,16.0,15.0,11.0,3.0,0.0,0.0,0.0,2.0,16.0,7.0,0.0,0.0,0.0,0.0,0.0,8.0,16.0,1.0,0.0,0.0,0.0,0.0,0.0,13.0,10.0,0.0,0.0,0.0,0.0,7
0.0,0.0,9.0,16.0,13.0,6.0,0.0,0.0,0.0,0.0,6.0,5.0,16.0,16.0,0.0,0.0,0.0,0.0,0.0,8.0,15.0,5.0,0.0,0.0,0.0,0.0,0.0,5.0,14.0,3.0,0.0,0.0,0.0,0.0,0.0,0.0,9.0,15.0,2.0,0.0,0.0,0.0,0.0,0.0,0.0,11.0,12.0,0.0,0.0,0.0,4.0,8.0,11.0,15.0,12.0,0.0,0.0,0.0,11.0,14.0,12.0,8.0,0.0,0.0,3
0.0,1.0,15.0,4.0,0.0,0.0,0.0,0.0,0.0,2.0,16.0,16.0,16.0,14.0,2.0,0.0,0.0,6.0,16.0,11.0,8.0,8.0,3.0,0.0,0.0,5.0,16.0,11.0,5.0,0.0,0.0,0.0,0.0,0.0,11.0,14.0,14.0,1.0,0.0,0.0,0.0,0.0,0.0,5.0,16.0,7.0,0.0,0.0,0.0,0.0,6.0,16.0,16.0,4.0,0.0,0.0,0.0,0.0,14.0,14.0,4.0,0.0,0.0,0.0,5
0.0,0.0,0.0,1.0,11.0,9.0,0.0,0.0,0.0,0.0,0.0,7.0,16.0,13.0,0.0,0.0,0.0,0.0,4.0,14.0,16.0,9.0,0.0,0.0,0.0,10.0,16.0,11.0,16.0,8.0,0.0,0.0,0.0,0.0,0.0,3.0,16.0,6.0,0.0,0.0,0.0,0.0,0.0,3.0,16.0,8.0,0.0,0.0,0.0,0.0,0.0,5.0,16.0,10.0,0.0,0.0,0.0,0.0,0.0,2.0,14.0,6.0,0.0,0.0,1
0.0,0.0,2.0,15.0,13.0,3.0,0.0,0.0,0.0,0.0,10.0,15.0,11.0,15.0,0.0,0.0,0.0,3.0,16.0,6.0,0.0,10.0,0.0,0.0,0.0,4.0,16.0,8.0,0.0,3.0,8.0,0.0,0.0,8.0,14.0,3.0,0.0,4.0,8.0,0.0,0.0,3.0,15.0,1.0,0.0,3.0,7.0,0.0,0.0,0.0,14.0,11.0,6.0,14.0,5.0,0.0,0.0,0.0,4.0,12.0,15.0,6.0,0.0,0.0,0
0.0,0.0,1.0,15.0,13.0,1.0,0.0,0.0,0.0,0.0,7.0,16.0,14.0,8.0,0.0,0.0,0.0,8.0,12.0,9.0,2.0,13.0,2.0,0.0,0.0,7.0,9.0,1.0,0.0,6.0,6.0,0.0,0.0,5.0,9.0,0.0,0.0,3.0,9.0,0.0,0.0,0.0,15.0,2.0,0.0,8.0,12.0,0.0,0.0,0.0,9.0,15.0,13.0,16.0,6.0,0.0,0.0,0.0,0.0,13.0,14.0,8.0,0.0,0.0,0
0.0,0.0,0.0,5.0,14.0,12.0,2.0,0.0,0.0,0.0,7.0,15.0,8.0,14.0,4.0,0.0,0.0,0.0,6.0,2.0,3.0,13.0,1.0,0.0,0.0,0.0,0.0,1.0,13.0,4.0,0.0,0.0,0.0,0.0,1.0,11.0,9.0,0.0,0.0,0.0,0.0,8.0,16.0,13.0,0.0,0.0,0.0,0.0,0.0,5.0,14.0,16.0,11.0,2.0,0.0,0.0,0.0,0.0,0.0,6.0,12.0,13.0,3.0,0.0,2
0.0,0.0,0.0,3.0,15.0,10.0,1.0,0.0,0.0,0.0,0.0,11.0,10.0,16.0,4.0,0.0,0.0,0.0,0.0,12.0,1.0,15.0,6.0,0.0,0.0,0.0,0.0,3.0,4.0,15.0,4.0,0.0,0.0,0.0,0.0,6.0,15.0,6.0,0.0,0.0,0.0,4.0,15.0,16.0,9.0,0.0,0.0,0.0,0.0,0.0,13.0,16.0,15.0,9.0,3.0,0.0,0.0,0.0,0.0,4.0,9.0,14.0,7.0,0.0,2
0.0,0.0,3.0,12.0,16.0,16.0,6.0,0.0,0.0,0.0,10.0,11.0,7.0,16.0,11.0,0.0,0.0,0.0,0.0,0.0,2.0,14.0,10.0,0.0,0.0,5.0,11.0,8.0,9.0,16.0,3.0,0.0,0.0,9.0,16.0,16.0,16.0,16.0,9.0,0.0,0.0,1.0,4.0,9.0,16.0,6.0,0.0,0.0,0.0,0.0,0.0,11.0,14.0,0.0,0.0,0.0,0.0,0.0,4.0,16.0,5.0,0.0,0.0,0.0,7
0.0,0.0,4.0,8.0,16.0,5.0,0.0,0.0,0.0,0.0,9.0,16.0,8.0,11.0,0.0,0.0,0.0,0.0,5.0,10.0,0.0,13.0,2.0,0.0,0.0,0.0,0.0,13.0,4.0,15.0,2.0,0.0,0.0,0.0,0.0,9.0,16.0,8.0,0.0,0.0,0.0,0.0,8.0,15.0,14.0,5.0,0.0,0.0,0.0,0.0,16.0,5.0,14.0,4.0,0.0,0.0,0.0,0.0,6.0,16.0,12.0,1.0,0.0,0.0,8
0.0,0.0,0.0,1.0,14.0,14.0,3.0,0.0,0.0,0.0,0.0,10.0,11.0,13.0,8.0,0.0,0.0,0.0,0.0,7.0,0.0,13.0,8.0,0.0,0.0,0.0,0.0,0.0,7.0,15.0,1.0,0.0,0.0,4.0,8.0,12.0,15.0,4.0,0.0,0.0,0.0,6.0,16.0,16.0,6.0,0.0,0.0,0.0,0.0,0.0,2.0,12.0,12.0,4.0,2.0,0.0,0.0,0.0,0.0,1.0,13.0,16.0,5.0,0.0,2
0.0,0.0,2.0,14.0,15.0,5.0,0.0,0.0,0.0,0.0,10.0,16.0,16.0,15.0,1.0,0.0,0.0,3.0,16.0,10.0,10.0,16.0,4.0,0.0,0.0,5.0,16.0,0.0,0.0,14.0,6.0,0.0,0.0,5.0,16.0,6.0,0.0,12.0,7.0,0.0,0.0,1.0,15.0,13.0,4.0,13.0,6.0,0.0,0.0,0.0,11.0,16.0,16.0,15.0,0.0,0.0,0.0,0.0,2.0,11.0,13.0,4.0,0.0,0.0,0
0.0,0.0,0.0,0.0,12.0,13.0,1.0,0.0,0.0,0.0,0.0,8.0,16.0,15.0,2.0,0.0,0.0,0.0,10.0,16.0,16.0,12.0,0.0,0.0,0.0,4.0,16.0,16.0,16.0,13.0,0.0,0.0,0.0,4.0,7.0,4.0,16.0,6.0,0.0,0.0,0.0,0.0,0.0,1.0,16.0,8.0,0.0,0.0,0.0,0.0,0.0,1.0,16.0,8.0,0.0,0.0,0.0,0.0,0.0,0.0,12.0,12.0,0.0,0.0,1
0.0,0.0,0.0,1.0,9.0,11.0,0.0,0.0,0.0,0.0,0.0,13.0,16.0,16.0,0.0,0.0,0.0,0.0,0.0,12.0,7.0,14.0,0.0,0.0,0.0,0.0,0.0,0.0,14.0,7.0,0.0,0.0,0.0,0.0,5.0,12.0,12.0,0.0,0.0,0.0,0.0,7.0,16.0,16.0,6.0,0.0,0.0,0.0,0.0,4.0,9.0,13.0,16.0,11.0,4.0,0.0,0.0,0.0,0.0,0.0,9.0,13.0,3.0,0.0,2
0.0,0.0,0.0,10.0,13.0,1.0,0.0,0.0,0.0,1.0,11.0,12.0,7.0,0.0,0.0,0.0,0.0,2.0,16.0,12.0,0.0,0.0,0.0,0.0,0.0,4.0,16.0,11.0,0.0,0.0,0.0,0.0,0.0,4.0,16.0,15.0,8.0,4.0,0.0,0.0,0.0,4.0,16.0,16.0,13.0,16.0,6.0,0.0,0.0,0.0,7.0,16.0,7.0,13.0,14.0,0.0,0.0,0.0,0.0,7.0,15.0,15.0,5.0,0.0,6
0.0,1.0,10.0,15.0,11.0,1.0,0.0,0.0,0.0,3.0,8.0,8.0,11.0,12.0,0.0,0.0,0.0,0.0,0.0,5.0,14.0,15.0,1.0,0.0,0.0,0.0,0.0,11.0,15.0,2.0,0.0,0.0,0.0,0.0,0.0,4.0,15.0,2.0,0.0,0.0,0.0,0.0,0.0,0.0,12.0,10.0,0.0,0.0,0.0,0.0,3.0,4.0,10.0,16.0,1.0,0.0,0.0,0.0,13.0,16.0,15.0,10.0,0.0,0.0,3
0.0,0.0,10.0,15.0,14.0,4.0,0.0,0.0,0.0,0.0,4.0,6.0,13.0,16.0,2.0,0.0,0.0,0.0,0.0,3.0,16.0,9.0,0.0,0.0,0.0,0.0,0.0,1.0,16.0,6.0,0.0,0.0,0.0,0.0,0.0,0.0,10.0,12.0,0.0,0.0,0.0,0.0,0.0,0.0,1.0,16.0,4.0,0.0,0.0,1.0,9.0,5.0,6.0,16.0,7.0,0.0,0.0,0.0,14.0,12.0,15.0,11.0,2.0,0.0,3
0.0,0.0,6.0,13.0,16.0,6.0,0.0,0.0,0.0,3.0,16.0,14.0,15.0,16.0,1.0,0.0,0.0,0.0,5.0,0.0,8.0,16.0,2.0,0.0,0.0,0.0,0.0,0.0,8.0,16.0,3.0,0.0,0.0,3.0,15.0,16.0,16.0,16.0,9.0,0.0,0.0,5.0,13.0,14.0,16.0,11.0,3.0,0.0,0.0,0.0,0.0,12.0,15.0,1.0,0.0,0.0,0.0,0.0,4.0,16.0,7.0,0.0,0.0,0.0,7
0.0,0.0,14.0,16.0,14.0,6.0,0.0,0.0,0.0,0.0,7.0,10.0,16.0,16.0,3.0,0.0,0.0,0.0,0.0,5.0,16.0,16.0,1.0,0.0,0.0,0.0,0.0,2.0,16.0,8.0,0.0,0.0,0.0,0.0,0.0,0.0,12.0,13.0,1.0,0.0,0.0,0.0,0.0,0.0,4.0,16.0,7.0,0.0,0.0,0.0,5.0,9.0,14.0,16.0,7.0,0.0,0.0,0.0,13.0,16.0,16.0,10.0,1.0,0.0,3
0.0,3.0,16.0,16.0,14.0,7.0,1.0,0.0,0.0,1.0,9.0,9.0,15.0,16.0,4.0,0.0,0.0,0.0,0.0,7.0,16.0,12.0,1.0,0.0,0.0,0.0,0.0,9.0,16.0,2.0,0.0,0.0,0.0,0.0,0.0,3.0,15.0,7.0,0.0,0.0,0.0,0.0,0.0,0.0,9.0,15.0,0.0,0.0,0.0,1.0,10.0,10.0,16.0,16.0,3.0,0.0,0.0,2.0,13.0,16.0,12.0,5.0,0.0,0.0,3
0.0,0.0,0.0,6.0,16.0,4.0,0.0,0.0,0.0,0.0,1.0,13.0,15.0,1.0,0.0,0.0,0.0,1.0,11.0,16.0,5.0,0.0,0.0,0.0,0.0,8.0,16.0,10.0,0.0,10.0,6.0,0.0,0.0,12.0,16.0,8.0,9.0,16.0,12.0,0.0,0.0,2.0,15.0,16.0,16.0,16.0,7.0,0.0,0.0,0.0,0.0,4.0,16.0,11.0,0.0,0.0,0.0,0.0,0.0,7.0,16.0,3.0,0.0,0.0,4
0.0,0.0,0.0,9.0,10.0,0.0,0.0,0.0,0.0,0.0,7.0,16.0,7.0,0.0,0.0,0.0,0.0,0.0,13.0,13.0,1.0,0.0,0.0,0.0,0.0,0.0,15.0,7.0,0.0,0.0,0.0,0.0,0.0,4.0,16.0,15.0,12.0,7.0,0.0,0.0,0.0,2.0,16.0,12.0,4.0,11.0,10.0,0.0,0.0,0.0,8.0,14.0,5.0,9.0,14.0,0.0,0.0,0.0,0.0,6.0,12.0,14.0,9.0,0.0,6
0.0,0.0,0.0,10.0,11.0,0.0,0.0,0.0,0.0,0.0,9.0,16.0,6.0,0.0,0.0,0.0,0.0,0.0,15.0,13.0,0.0,0.0,0.0,0.0,0.0,0.0,14.0,10.0,0.0,0.0,0.0,0.0,0.0,1.0,15.0,12.0,8.0,2.0,0.0,0.0,0.0,0.0,12.0,16.0,16.0,16.0,10.0,1.0,0.0,0.0,7.0,16.0,12.0,12.0,16.0,4.0,0.0,0.0,0.0,9.0,15.0,12.0,5.0,0.0,6
0.0,0.0,5.0,14.0,0.0,0.0,0.0,0.0,0.0,0.0,12.0,9.0,0.0,0.0,0.0,0.0,0.0,0.0,15.0,3.0,0.0,0.0,0.0,0.0,0.0,1.0,16.0,0.0,0.0,0.0,0.0,0.0,0.0,1.0,16.0,2.0,7.0,4.0,0.0,0.0,0.0,3.0,16.0,16.0,16.0,16.0,9.0,0.0,0.0,0.0,15.0,15.0,4.0,10.0,16.0,0.0,0.0,0.0,4.0,14.0,16.0,12.0,7.0,0.0,6
0.0,0.0,0.0,9.0,9.0,0.0,0.0,0.0,0.0,0.0,3.0,16.0,9.0,0.0,0.0,0.0,0.0,3.0,14.0,10.0,0.0,2.0,0.0,0.0,0.0,10.0,16.0,5.0,7.0,15.0,1.0,0.0,0.0,2.0,11.0,15.0,16.0,13.0,1.0,0.0,0.0,0.0,0.0,7.0,16.0,3.0,0.0,0.0,0.0,0.0,0.0,6.0,15.0,0.0,0.0,0.0,0.0,0.0,0.0,4.0,16.0,5.0,0.0,0.0,4
0.0,0.0,6.0,12.0,13.0,6.0,0.0,0.0,0.0,6.0,16.0,9.0,12.0,16.0,2.0,0.0,0.0,7.0,16.0,9.0,15.0,13.0,0.0,0.0,0.0,0.0,11.0,15.0,16.0,4.0,0.0,0.0,0.0,0.0,0.0,12.0,10.0,0.0,0.0,0.0,0.0,0.0,3.0,16.0,4.0,0.0,0.0,0.0,0.0,0.0,1.0,16.0,2.0,0.0,0.0,0.0,0.0,0.0,6.0,11.0,0.0,0.0,0.0,0.0,9
0.0,0.0,0.0,0.0,14.0,7.0,0.0,0.0,0.0,0.0,0.0,13.0,16.0,9.0,0.0,0.0,0.0,0.0,10.0,16.0,16.0,7.0,0.0,0.0,0.0,7.0,16.0,8.0,16.0,2.0,0.0,0.0,0.0,1.0,5.0,6.0,16.0,6.0,0.0,0.0,0.0,0.0,0.0,4.0,16.0,6.0,0.0,0.0,0.0,0.0,0.0,2.0,16.0,6.0,0.0,0.0,0.0,0.0,0.0,0.0,12.0,11.0,0.0,0.0,1
0.0,1.0,13.0,15.0,12.0,12.0,5.0,0.0,0.0,4.0,16.0,8.0,8.0,6.0,0.0,0.0,0.0,7.0,13.0,0.0,0.0,0.0,0.0,0.0,0.0,8.0,15.0,13.0,15.0,7.0,0.0,0.0,0.0,1.0,6.0,5.0,8.0,12.0,0.0,0.0,0.0,0.0,0.0,0.0,12.0,11.0,0.0,0.0,0.0,0.0,2.0,13.0,14.0,1.0,0.0,0.0,0.0,3.0,14.0,10.0,1.0,0.0,0.0,0.0,5
0.0,0.0,1.0,13.0,10.0,0.0,0.0,0.0,0.0,7.0,16.0,16.0,16.0,7.0,0.0,0.0,0.0,8.0,16.0,13.0,10.0,15.0,0.0,0.0,0.0,8.0,16.0,2.0,2.0,15.0,3.0,0.0,0.0,5.0,15.0,2.0,0.0,12.0,7.0,0.0,0.0,1.0,15.0,6.0,2.0,16.0,3.0,0.0,0.0,0.0,11.0,15.0,13.0,16.0,0.0,0.0,0.0,0.0,1.0,15.0,14.0,8.0,0.0,0.0,0
0.0,1.0,12.0,13.0,4.0,0.0,0.0,0.0,0.0,4.0,16.0,16.0,16.0,3.0,0.0,0.0,0.0,4.0,16.0,16.0,16.0,10.0,0.0,0.0,0.0,0.0,6.0,16.0,14.0,16.0,0.0,0.0,0.0,0.0,0.0,0.0,0.0,16.0,4.0,0.0,0.0,0.0,0.0,0.0,0.0,13.0,7.0,0.0,0.0,1.0,2.0,3.0,7.0,14.0,10.0,0.0,0.0,2.0,12.0,16.0,14.0,12.0,3.0,0.0,9
0.0,0.0,13.0,13.0,8.0,2.0,0.0,0.0,0.0,5.0,16.0,16.0,16.0,12.0,0.0,0.0,0.0,1.0,15.0,12.0,0.0,0.0,0.0,0.0,0.0,0.0,12.0,13.0,7.0,1.0,0.0,0.0,0.0,0.0,8.0,16.0,16.0,12.0,0.0,0.0,0.0,0.0,0.0,4.0,9.0,16.0,3.0,0.0,0.0,0.0,1.0,5.0,14.0,15.0,1.0,0.0,0.0,0.0,10.0,16.0,16.0,6.0,0.0,0.0,5
0.0,0.0,0.0,0.0,9.0,13.0,0.0,0.0,0.0,0.0,0.0,2.0,16.0,16.0,1.0,0.0,0.0,0.0,0.0,5.0,9.0,15.0,0.0,0.0,0.0,0.0,0.0,0.0,5.0,14.0,0.0,0.0,0.0,0.0,0.0,3.0,15.0,7.0,0.0,0.0,0.0,7.0,16.0,16.0,11.0,0.0,0.0,0.0,0.0,0.0,11.0,14.0,16.0,7.0,3.0,0.0,0.0,0.0,0.0,0.0,9.0,15.0,9.0,0.0,2
0.0,3.0,5.0,14.0,13.0,6.0,0.0,0.0,0.0,9.0,16.0,12.0,10.0,12.0,0.0,0.0,0.0,6.0,16.0,3.0,12.0,11.0,0.0,0.0,0.0,1.0,13.0,10.0,16.0,6.0,0.0,0.0,0.0,0.0,10.0,16.0,10.0,0.0,0.0,0.0,0.0,1.0,15.0,16.0,10.0,0.0,0.0,0.0,0.0,0.0,16.0,12.0,16.0,0.0,0.0,0.0,0.0,0.0,3.0,15.0,16.0,5.0,0.0,0.0,8
0.0,0.0,0.0,0.0,11.0,15.0,4.0,0.0,0.0,0.0,0.0,3.0,16.0,16.0,12.0,0.0,0.0,0.0,0.0,8.0,14.0,16.0,12.0,0.0,0.0,0.0,0.0,5.0,10.0,16.0,6.0,0.0,0.0,1.0,7.0,11.0,16.0,13.0,0.0,0.0,0.0,9.0,16.0,16.0,14.0,1.0,0.0,0.0,0.0,3.0,8.0,14.0,16.0,9.0,0.0,0.0,0.0,0.0,0.0,1.0,11.0,16.0,12.0,0.0,2
0.0,0.0,10.0,12.0,10.0,0.0,0.0,0.0,0.0,3.0,16.0,16.0,16.0,4.0,0.0,0.0,0.0,7.0,15.0,3.0,8.0,13.0,0.0,0.0,0.0,8.0,12.0,0.0,0.0,14.0,1.0,0.0,0.0,8.0,12.0,0.0,0.0,7.0,8.0,0.0,0.0,5.0,13.0,0.0,0.0,4.0,8.0,0.0,0.0,0.0,14.0,8.0,0.0,10.0,8.0,0.0,0.0,0.0,7.0,12.0,13.0,12.0,4.0,0.0,0
0.0,0.0,4.0,14.0,11.0,0.0,0.0,0.0,0.0,3.0,15.0,15.0,16.0,9.0,0.0,0.0,0.0,8.0,13.0,0.0,3.0,15.0,1.0,0.0,0.0,8.0,12.0,0.0,0.0,8.0,6.0,0.0,0.0,8.0,12.0,0.0,0.0,8.0,8.0,0.0,0.0,5.0,13.0,1.0,0.0,8.0,8.0,0.0,0.0,2.0,15.0,14.0,12.0,15.0,6.0,0.0,0.0,0.0,5.0,16.0,15.0,8.0,0.0,0.0,0
0.0,0.0,0.0,1.0,14.0,13.0,1.0,0.0,0.0,0.0,0.0,1.0,16.0,16.0,3.0,0.0,0.0,5.0,11.0,15.0,16.0,16.0,0.0,0.0,0.0,4.0,15.0,16.0,16.0,15.0,0.0,0.0,0.0,0.0,0.0,8.0,16.0,7.0,0.0,0.0,0.0,0.0,0.0,10.0,16.0,3.0,0.0,0.0,0.0,0.0,0.0,8.0,16.0,6.0,0.0,0.0,0.0,0.0,0.0,2.0,13.0,15.0,2.0,0.0,1
0.0,0.0,3.0,14.0,16.0,14.0,0.0,0.0,0.0,0.0,13.0,13.0,13.0,16.0,2.0,0.0,0.0,0.0,1.0,0.0,9.0,15.0,0.0,0.0,0.0,0.0,9.0,12.0,15.0,16.0,10.0,0.0,0.0,4.0,16.0,16.0,16.0,11.0,3.0,0.0,0.0,0.0,4.0,9.0,14.0,2.0,0.0,0.0,0.0,0.0,2.0,15.0,9.0,0.0,0.0,0.0,0.0,0.0,4.0,13.0,1.0,0.0,0.0,0.0,7
0.0,0.0,0.0,10.0,15.0,3.0,0.0,0.0,0.0,0.0,7.0,16.0,11.0,0.0,0.0,0.0,0.0,0.0,13.0,15.0,1.0,0.0,0.0,0.0,0.0,0.0,15.0,11.0,0.0,0.0,0.0,0.0,0.0,0.0,16.0,13.0,8.0,1.0,0.0,0.0,0.0,0.0,15.0,16.0,16.0,15.0,6.0,0.0,0.0,0.0,10.0,16.0,14.0,16.0,14.0,2.0,0.0,0.0,1.0,9.0,15.0,16.0,11.0,0.0,6
0.0,2.0,13.0,15.0,10.0,4.0,0.0,0.0,0.0,0.0,5.0,4.0,13.0,15.0,2.0,0.0,0.0,0.0,0.0,0.0,11.0,16.0,4.0,0.0,0.0,0.0,0.0,0.0,16.0,12.0,0.0,0.0,0.0,0.0,0.0,0.0,13.0,11.0,0.0,0.0,0.0,0.0,0.0,0.0,8.0,13.0,0.0,0.0,0.0,1.0,6.0,8.0,14.0,12.0,0.0,0.0,0.0,2.0,12.0,14.0,11.0,1.0,0.0,0.0,3
0.0,1.0,13.0,15.0,2.0,0.0,0.0,0.0,0.0,6.0,15.0,15.0,9.0,0.0,0.0,0.0,0.0,9.0,8.0,10.0,13.0,0.0,0.0,0.0,0.0,5.0,3.0,12.0,12.0,0.0,0.0,0.0,0.0,0.0,3.0,16.0,6.0,0.0,0.0,0.0,0.0,5.0,15.0,15.0,1.0,0.0,0.0,0.0,0.0,6.0,16.0,15.0,12.0,12.0,11.0,0.0,0.0,1.0,11.0,13.0,16.0,16.0,12.0,0.0,2
0.0,0.0,0.0,1.0,16.0,5.0,0.0,0.0,0.0,0.0,0.0,5.0,16.0,11.0,0.0,0.0,0.0,0.0,0.0,12.0,16.0,11.0,0.0,0.0,0.0,7.0,12.0,16.0,16.0,7.0,0.0,0.0,0.0,4.0,8.0,12.0,16.0,4.0,0.0,0.0,0.0,0.0,0.0,9.0,16.0,2.0,0.0,0.0,0.0,0.0,0.0,10.0,16.0,2.0,0.0,0.0,0.0,0.0,0.0,3.0,13.0,5.0,0.0,0.0,1
0.0,0.0,2.0,7.0,15.0,13.0,1.0,0.0,0.0,0.0,14.0,12.0,9.0,14.0,8.0,0.0,0.0,0.0,2.0,0.0,0.0,12.0,8.0,0.0,0.0,0.0,0.0,0.0,0.0,13.0,6.0,0.0,0.0,5.0,16.0,16.0,16.0,16.0,5.0,0.0,0.0,2.0,5.0,7.0,13.0,14.0,2.0,0.0,0.0,0.0,0.0,1.0,15.0,5.0,0.0,0.0,0.0,0.0,0.0,11.0,9.0,0.0,0.0,0.0,7
0.0,0.0,0.0,9.0,16.0,4.0,0.0,0.0,0.0,1.0,9.0,16.0,13.0,2.0,0.0,0.0,0.0,14.0,16.0,14.0,8.0,0.0,0.0,0.0,1.0,15.0,15.0,5.0,16.0,9.0,0.0,0.0,0.0,5.0,16.0,16.0,16.0,8.0,0.0,0.0,0.0,0.0,2.0,13.0,16.0,1.0,0.0,0.0,0.0,0.0,0.0,11.0,13.0,0.0,0.0,0.0,0.0,0.0,0.0,11.0,13.0,0.0,0.0,0.0,4
0.0,0.0,0.0,10.0,11.0,0.0,0.0,0.0,0.0,0.0,3.0,16.0,10.0,0.0,0.0,0.0,0.0,0.0,8.0,16.0,0.0,0.0,0.0,0.0,0.0,0.0,12.0,14.0,0.0,0.0,0.0,0.0,0.0,0.0,14.0,16.0,15.0,6.0,0.0,0.0,0.0,0.0,12.0,16.0,12.0,15.0,6.0,0.0,0.0,0.0,7.0,16.0,10.0,13.0,14.0,0.0,0.0,0.0,0.0,9.0,13.0,11.0,6.0,0.0,6
0.0,0.0,13.0,16.0,15.0,4.0,0.0,0.0,0.0,0.0,9.0,8.0,13.0,16.0,3.0,0.0,0.0,0.0,0.0,0.0,13.0,16.0,7.0,0.0,0.0,0.0,0.0,1.0,16.0,12.0,0.0,0.0,0.0,0.0,0.0,0.0,15.0,10.0,0.0,0.0,0.0,0.0,0.0,0.0,8.0,15.0,0.0,0.0,0.0,0.0,3.0,6.0,15.0,16.0,7.0,0.0,0.0,0.0,15.0,16.0,16.0,11.0,1.0,0.0,3
0.0,0.0,0.0,1.0,12.0,8.0,1.0,0.0,0.0,0.0,0.0,4.0,16.0,16.0,1.0,0.0,0.0,0.0,1.0,13.0,16.0,11.0,0.0,0.0,0.0,1.0,11.0,16.0,16.0,12.0,0.0,0.0,0.0,2.0,12.0,8.0,16.0,10.0,0.0,0.0,0.0,0.0,0.0,0.0,15.0,8.0,0.0,0.0,0.0,0.0,0.0,4.0,16.0,4.0,0.0,0.0,0.0,0.0,0.0,3.0,13.0,4.0,0.0,0.0,1
0.0,4.0,14.0,16.0,16.0,12.0,1.0,0.0,0.0,2.0,12.0,7.0,14.0,16.0,6.0,0.0,0.0,0.0,0.0,5.0,16.0,10.0,0.0,0.0,0.0,0.0,0.0,4.0,16.0,7.0,0.0,0.0,0.0,0.0,0.0,4.0,16.0,6.0,0.0,0.0,0.0,0.0,0.0,1.0,15.0,11.0,0.0,0.0,0.0,1.0,8.0,10.0,16.0,10.0,0.0,0.0,0.0,5.0,16.0,16.0,15.0,1.0,0.0,0.0,3
0.0,0.0,9.0,13.0,14.0,5.0,0.0,0.0,0.0,4.0,16.0,10.0,13.0,16.0,0.0,0.0,0.0,0.0,13.0,15.0,14.0,16.0,1.0,0.0,0.0,0.0,0.0,3.0,7.0,16.0,3.0,0.0,0.0,0.0,0.0,0.0,4.0,16.0,0.0,0.0,0.0,0.0,0.0,0.0,1.0,16.0,3.0,0.0,0.0,1.0,15.0,5.0,8.0,16.0,2.0,0.0,0.0,0.0,7.0,15.0,16.0,9.0,0.0,0.0,9
0.0,0.0,0.0,11.0,16.0,5.0,0.0,0.0,0.0,0.0,0.0,10.0,16.0,5.0,0.0,0.0,0.0,0.0,4.0,16.0,16.0,5.0,0.0,0.0,0.0,11.0,16.0,16.0,16.0,3.0,0.0,0.0,0.0,5.0,8.0,14.0,16.0,2.0,0.0,0.0,0.0,0.0,0.0,14.0,16.0,2.0,0.0,0.0,0.0,0.0,0.0,11.0,16.0,2.0,0.0,0.0,0.0,0.0,0.0,8.0,16.0,8.0,0.0,0.0,1
0.0,0.0,3.0,12.0,16.0,10.0,0.0,0.0,0.0,2.0,14.0,12.0,12.0,12.0,0.0,0.0,0.0,5.0,10.0,0.0,10.0,11.0,0.0,0.0,0.0,0.0,0.0,1.0,14.0,9.0,2.0,0.0,0.0,0.0,8.0,16.0,16.0,16.0,10.0,0.0,0.0,0.0,6.0,16.0,13.0,7.0,0.0,0.0,0.0,0.0,0.0,16.0,5.0,0.0,0.0,0.0,0.0,0.0,5.0,13.0,0.0,0.0,0.0,0.0,7
0.0,0.0,0.0,11.0,16.0,8.0,0.0,0.0,0.0,0.0,6.0,16.0,13.0,3.0,0.0,0.0,0.0,0.0,8.0,16.0,8.0,0.0,0.0,0.0,0.0,0.0,13.0,16.0,2.0,0.0,0.0,0.0,0.0,0.0,15.0,16.0,5.0,0.0,0.0,0.0,0.0,2.0,16.0,16.0,16.0,5.0,0.0,0.0,0.0,1.0,10.0,16.0,16.0,14.0,0.0,0.0,0.0,0.0,0.0,12.0,16.0,15.0,0.0,0.0,6
0.0,1.0,9.0,16.0,15.0,10.0,0.0,0.0,0.0,6.0,16.0,8.0,7.0,16.0,3.0,0.0,0.0,0.0,11.0,14.0,16.0,11.0,1.0,0.0,0.0,1.0,13.0,16.0,6.0,0.0,0.0,0.0,0.0,8.0,15.0,16.0,3.0,0.0,0.0,0.0,0.0,5.0,14.0,10.0,11.0,0.0,0.0,0.0,0.0,0.0,15.0,7.0,16.0,3.0,0.0,0.0,0.0,0.0,11.0,16.0,8.0,0.0,0.0,0.0,8
0.0,0.0,0.0,3.0,14.0,1.0,0.0,0.0,0.0,0.0,0.0,13.0,12.0,1.0,0.0,0.0,0.0,0.0,7.0,16.0,5.0,3.0,0.0,0.0,0.0,3.0,15.0,11.0,5.0,16.0,2.0,0.0,0.0,5.0,16.0,11.0,11.0,16.0,6.0,0.0,0.0,0.0,6.0,12.0,16.0,13.0,3.0,0.0,0.0,0.0,0.0,1.0,15.0,7.0,0.0,0.0,0.0,0.0,0.0,2.0,16.0,7.0,0.0,0.0,4
0.0,2.0,15.0,16.0,16.0,13.0,2.0,0.0,0.0,1.0,10.0,8.0,14.0,16.0,8.0,0.0,0.0,0.0,0.0,0.0,16.0,15.0,1.0,0.0,0.0,0.0,0.0,0.0,16.0,8.0,0.0,0.0,0.0,0.0,0.0,0.0,14.0,14.0,0.0,0.0,0.0,0.0,0.0,0.0,11.0,16.0,1.0,0.0,0.0,2.0,14.0,13.0,16.0,16.0,3.0,0.0,0.0,2.0,15.0,16.0,14.0,5.0,0.0,0.0,3
0.0,0.0,1.0,15.0,13.0,0.0,0.0,0.0,0.0,0.0,1.0,16.0,16.0,5.0,0.0,0.0,0.0,0.0,7.0,16.0,16.0,0.0,0.0,0.0,0.0,0.0,13.0,16.0,13.0,0.0,0.0,0.0,0.0,7.0,16.0,16.0,13.0,0.0,0.0,0.0,0.0,1.0,11.0,16.0,13.0,0.0,0.0,0.0,0.0,0.0,2.0,16.0,16.0,0.0,0.0,0.0,0.0,0.0,1.0,14.0,16.0,3.0,0.0,0.0,1
0.0,0.0,0.0,2.0,13.0,0.0,0.0,0.0,0.0,0.0,0.0,8.0,15.0,0.0,0.0,0.0,0.0,0.0,5.0,16.0,5.0,2.0,0.0,0.0,0.0,0.0,15.0,12.0,1.0,16.0,4.0,0.0,0.0,4.0,16.0,2.0,9.0,16.0,8.0,0.0,0.0,0.0,10.0,14.0,16.0,16.0,4.0,0.0,0.0,0.0,0.0,0.0,13.0,8.0,0.0,0.0,0.0,0.0,0.0,0.0,13.0,6.0,0.0,0.0,4
0.0,0.0,1.0,12.0,5.0,0.0,0.0,0.0,0.0,0.0,9.0,16.0,14.0,3.0,0.0,0.0,0.0,2.0,16.0,14.0,11.0,13.0,0.0,0.0,0.0,2.0,16.0,10.0,0.0,14.0,4.0,0.0,0.0,4.0,16.0,0.0,0.0,12.0,4.0,0.0,0.0,4.0,16.0,3.0,0.0,11.0,10.0,0.0,0.0,0.0,13.0,12.0,8.0,14.0,6.0,0.0,0.0,0.0,3.0,10.0,16.0,12.0,1.0,0.0,0
0.0,0.0,12.0,16.0,16.0,8.0,0.0,0.0,0.0,3.0,16.0,13.0,8.0,5.0,0.0,0.0,0.0,2.0,16.0,3.0,0.0,0.0,0.0,0.0,0.0,0.0,16.0,13.0,9.0,0.0,0.0,0.0,0.0,0.0,10.0,16.0,16.0,7.0,0.0,0.0,0.0,0.0,0.0,1.0,10.0,13.0,0.0,0.0,0.0,0.0,2.0,11.0,16.0,10.0,0.0,0.0,0.0,0.0,11.0,16.0,12.0,0.0,0.0,0.0,5
0.0,4.0,13.0,16.0,16.0,12.0,3.0,0.0,0.0,3.0,7.0,4.0,13.0,16.0,6.0,0.0,0.0,0.0,0.0,8.0,15.0,5.0,0.0,0.0,0.0,0.0,0.0,12.0,8.0,0.0,0.0,0.0,0.0,0.0,0.0,7.0,12.0,0.0,0.0,0.0,0.0,0.0,0.0,4.0,12.0,0.0,0.0,0.0,0.0,1.0,7.0,12.0,11.0,0.0,0.0,0.0,0.0,3.0,15.0,12.0,2.0,0.0,0.0,0.0,3
0.0,0.0,0.0,8.0,14.0,4.0,0.0,0.0,0.0,0.0,7.0,16.0,7.0,0.0,0.0,0.0,0.0,0.0,14.0,10.0,0.0,0.0,0.0,0.0,0.0,1.0,16.0,6.0,0.0,0.0,0.0,0.0,0.0,3.0,16.0,16.0,10.0,0.0,0.0,0.0,0.0,2.0,16.0,12.0,14.0,6.0,0.0,0.0,0.0,0.0,12.0,15.0,11.0,10.0,0.0,0.0,0.0,0.0,0.0,10.0,13.0,8.0,0.0,0.0,6
0.0,0.0,9.0,15.0,5.0,0.0,0.0,0.0,0.0,0.0,13.0,14.0,13.0,7.0,0.0,0.0,0.0,0.0,6.0,14.0,10.0,13.0,1.0,0.0,0.0,0.0,0.0,9.0,12.0,15.0,5.0,0.0,0.0,0.0,0.0,0.0,0.0,10.0,10.0,0.0,0.0,0.0,0.0,0.0,0.0,7.0,14.0,0.0,0.0,0.0,3.0,8.0,9.0,15.0,15.0,0.0,0.0,0.0,5.0,12.0,12.0,9.0,1.0,0.0,9
0.0,0.0,0.0,5.0,11.0,1.0,0.0,0.0,0.0,0.0,0.0,14.0,14.0,2.0,0.0,0.0,0.0,0.0,5.0,16.0,5.0,0.0,0.0,0.0,0.0,0.0,8.0,15.0,2.0,0.0,0.0,0.0,0.0,0.0,10.0,13.0,0.0,0.0,0.0,0.0,0.0,0.0,14.0,16.0,16.0,8.0,0.0,0.0,0.0,0.0,6.0,16.0,9.0,15.0,6.0,0.0,0.0,0.0,0.0,6.0,14.0,16.0,8.0,0.0,6
0.0,0.0,0.0,0.0,6.0,10.0,0.0,0.0,0.0,0.0,0.0,0.0,14.0,15.0,0.0,0.0,0.0,0.0,0.0,10.0,16.0,16.0,0.0,0.0,0.0,0.0,7.0,16.0,16.0,15.0,0.0,0.0,0.0,3.0,15.0,7.0,15.0,10.0,0.0,0.0,0.0,0.0,0.0,0.0,13.0,11.0,0.0,0.0,0.0,0.0,0.0,0.0,15.0,9.0,0.0,0.0,0.0,0.0,0.0,0.0,8.0,15.0,0.0,0.0,1
0.0,0.0,2.0,11.0,16.0,4.0,0.0,0.0,0.0,0.0,12.0,9.0,11.0,15.0,1.0,0.0,0.0,0.0,2.0,0.0,4.0,16.0,0.0,0.0,0.0,0.0,0.0,2.0,8.0,15.0,1.0,0.0,0.0,4.0,16.0,16.0,16.0,15.0,7.0,0.0,0.0,3.0,6.0,4.0,16.0,3.0,0.0,0.0,0.0,0.0,0.0,6.0,11.0,0.0,0.0,0.0,0.0,0.0,0.0,12.0,7.0,0.0,0.0,0.0,7
0.0,0.0,15.0,16.0,16.0,12.0,2.0,0.0,0.0,2.0,16.0,15.0,12.0,12.0,3.0,0.0,0.0,4.0,16.0,8.0,0.0,0.0,0.0,0.0,0.0,8.0,16.0,12.0,4.0,0.0,0.0,0.0,0.0,0.0,12.0,16.0,16.0,0.0,0.0,0.0,0.0,0.0,0.0,3.0,16.0,8.0,0.0,0.0,0.0,2.0,6.0,9.0,16.0,8.0,0.0,0.0,0.0,1.0,15.0,16.0,15.0,3.0,0.0,0.0,5
0.0,0.0,0.0,10.0,15.0,0.0,0.0,0.0,0.0,0.0,11.0,15.0,3.0,0.0,0.0,0.0,0.0,7.0,15.0,4.0,0.0,0.0,0.0,0.0,0.0,12.0,11.0,1.0,3.0,8.0,2.0,0.0,0.0,4.0,12.0,15.0,15.0,16.0,9.0,0.0,0.0,0.0,0.0,8.0,16.0,8.0,2.0,0.0,0.0,0.0,0.0,10.0,12.0,0.0,0.0,0.0,0.0,0.0,0.0,12.0,9.0,0.0,0.0,0.0,4
0.0,0.0,1.0,10.0,9.0,0.0,0.0,0.0,0.0,0.0,9.0,15.0,4.0,0.0,0.0,0.0,0.0,1.0,16.0,5.0,0.0,0.0,0.0,0.0,0.0,4.0,16.0,1.0,4.0,14.0,4.0,0.0,0.0,4.0,16.0,12.0,14.0,16.0,5.0,0.0,0.0,0.0,1.0,7.0,16.0,9.0,0.0,0.0,0.0,0.0,0.0,2.0,16.0,4.0,0.0,0.0,0.0,0.0,0.0,10.0,13.0,0.0,0.0,0.0,4
0.0,0.0,3.0,11.0,16.0,13.0,0.0,0.0,0.0,3.0,15.0,15.0,13.0,16.0,0.0,0.0,0.0,6.0,8.0,2.0,9.0,14.0,0.0,0.0,0.0,0.0,4.0,7.0,15.0,14.0,5.0,0.0,0.0,4.0,16.0,16.0,16.0,14.0,6.0,0.0,0.0,1.0,8.0,13.0,12.0,0.0,0.0,0.0,0.0,0.0,1.0,16.0,4.0,0.0,0.0,0.0,0.0,0.0,3.0,15.0,1.0,0.0,0.0,0.0,7
0.0,0.0,2.0,16.0,13.0,1.0,0.0,0.0,0.0,0.0,6.0,15.0,16.0,7.0,0.0,0.0,0.0,0.0,3.0,6.0,16.0,8.0,0.0,0.0,0.0,0.0,0.0,3.0,16.0,6.0,0.0,0.0,0.0,0.0,1.0,13.0,13.0,0.0,0.0,0.0,0.0,6.0,14.0,16.0,4.0,0.0,0.0,0.0,0.0,9.0,16.0,16.0,13.0,10.0,3.0,0.0,0.0,0.0,4.0,11.0,15.0,16.0,10.0,0.0,2
0.0,0.0,4.0,9.0,13.0,5.0,0.0,0.0,0.0,1.0,16.0,16.0,12.0,11.0,0.0,0.0,0.0,0.0,11.0,8.0,5.0,16.0,0.0,0.0,0.0,0.0,7.0,10.0,13.0,10.0,0.0,0.0,0.0,0.0,4.0,16.0,13.0,0.0,0.0,0.0,0.0,0.0,13.0,15.0,12.0,0.0,0.0,0.0,0.0,0.0,11.0,9.0,14.0,5.0,0.0,0.0,0.0,0.0,0.0,10.0,16.0,8.0,0.0,0.0,8
0.0,0.0,0.0,8.0,15.0,8.0,0.0,0.0,0.0,0.0,3.0,16.0,12.0,16.0,4.0,0.0,0.0,0.0,2.0,10.0,1.0,16.0,4.0,0.0,0.0,0.0,0.0,0.0,8.0,14.0,0.0,0.0,0.0,0.0,0.0,9.0,15.0,3.0,0.0,0.0,0.0,3.0,16.0,14.0,4.0,0.0,0.0,0.0,0.0,4.0,15.0,14.0,7.0,1.0,0.0,0.0,0.0,0.0,0.0,9.0,12.0,14.0,4.0,0.0,2
0.0,0.0,1.0,10.0,16.0,8.0,0.0,0.0,0.0,0.0,11.0,13.0,10.0,16.0,0.0,0.0,0.0,0.0,12.0,1.0,4.0,16.0,1.0,0.0,0.0,0.0,1.0,0.0,13.0,7.0,0.0,0.0,0.0,0.0,0.0,9.0,12.0,0.0,0.0,0.0,0.0,2.0,13.0,15.0,1.0,0.0,0.0,0.0,0.0,4.0,15.0,14.0,7.0,4.0,0.0,0.0,0.0,0.0,1.0,11.0,14.0,15.0,5.0,0.0,2
0.0,2.0,15.0,16.0,16.0,14.0,2.0,0.0,0.0,3.0,16.0,14.0,9.0,10.0,1.0,0.0,0.0,7.0,16.0,6.0,0.0,0.0,0.0,0.0,0.0,3.0,14.0,15.0,6.0,0.0,0.0,0.0,0.0,0.0,1.0,13.0,12.0,0.0,0.0,0.0,0.0,0.0,0.0,8.0,16.0,0.0,0.0,0.0,0.0,0.0,9.0,16.0,11.0,0.0,0.0,0.0,0.0,3.0,16.0,13.0,1.0,0.0,0.0,0.0,5
0.0,0.0,9.0,12.0,15.0,15.0,2.0,0.0,0.0,1.0,15.0,14.0,11.0,16.0,7.0,0.0,0.0,0.0,2.0,0.0,2.0,16.0,4.0,0.0,0.0,0.0,2.0,4.0,10.0,15.0,2.0,0.0,0.0,0.0,13.0,16.0,16.0,16.0,9.0,0.0,0.0,0.0,13.0,16.0,10.0,1.0,0.0,0.0,0.0,0.0,6.0,16.0,1.0,0.0,0.0,0.0,0.0,0.0,11.0,9.0,0.0,0.0,0.0,0.0,7
0.0,0.0,0.0,12.0,14.0,1.0,0.0,0.0,0.0,0.0,9.0,16.0,10.0,5.0,0.0,0.0,0.0,0.0,8.0,13.0,5.0,14.0,0.0,0.0,0.0,0.0,2.0,14.0,16.0,16.0,4.0,0.0,0.0,0.0,0.0,0.0,4.0,10.0,10.0,0.0,0.0,0.0,0.0,0.0,0.0,4.0,16.0,0.0,0.0,0.0,2.0,6.0,4.0,9.0,16.0,0.0,0.0,0.0,1.0,11.0,16.0,15.0,7.0,0.0,9
0.0,0.0,6.0,13.0,2.0,0.0,0.0,0.0,0.0,4.0,16.0,16.0,16.0,11.0,0.0,0.0,0.0,0.0,12.0,11.0,1.0,6.0,1.0,0.0,0.0,0.0,12.0,14.0,10.0,2.0,0.0,0.0,0.0,0.0,1.0,8.0,12.0,12.0,0.0,0.0,0.0,0.0,0.0,0.0,9.0,14.0,0.0,0.0,0.0,0.0,4.0,9.0,16.0,5.0,0.0,0.0,0.0,0.0,9.0,14.0,4.0,0.0,0.0,0.0,5
0.0,0.0,0.0,12.0,13.0,0.0,0.0,0.0,0.0,0.0,5.0,16.0,10.0,0.0,0.0,0.0,0.0,6.0,16.0,13.0,11.0,12.0,2.0,0.0,0.0,12.0,16.0,10.0,15.0,16.0,9.0,0.0,0.0,4.0,14.0,16.0,16.0,12.0,4.0,0.0,0.0,0.0,0.0,14.0,13.0,0.0,0.0,0.0,0.0,0.0,0.0,14.0,12.0,0.0,0.0,0.0,0.0,0.0,0.0,11.0,13.0,0.0,0.0,0.0,4
0.0,0.0,3.0,6.0,14.0,5.0,0.0,0.0,0.0,0.0,7.0,15.0,15.0,13.0,0.0,0.0,0.0,0.0,3.0,14.0,13.0,12.0,0.0,0.0,0.0,0.0,0.0,16.0,13.0,1.0,0.0,0.0,0.0,0.0,2.0,16.0,8.0,0.0,0.0,0.0,0.0,0.0,10.0,9.0,14.0,0.0,0.0,0.0,0.0,0.0,12.0,4.0,15.0,2.0,0.0,0.0,0.0,0.0,4.0,15.0,14.0,0.0,0.0,0.0,8
0.0,0.0,5.0,14.0,15.0,4.0,0.0,0.0,0.0,0.0,8.0,16.0,16.0,14.0,0.0,0.0,0.0,0.0,5.0,16.0,16.0,9.0,0.0,0.0,0.0,0.0,0.0,15.0,16.0,1.0,0.0,0.0,0.0,0.0,1.0,16.0,13.0,0.0,0.0,0.0,0.0,0.0,11.0,15.0,14.0,5.0,0.0,0.0,0.0,0.0,12.0,12.0,8.0,15.0,1.0,0.0,0.0,0.0,5.0,16.0,16.0,16.0,2.0,0.0,8
0.0,0.0,0.0,8.0,14.0,0.0,0.0,0.0,0.0,0.0,5.0,16.0,11.0,0.0,0.0,0.0,0.0,1.0,15.0,14.0,1.0,6.0,0.0,0.0,0.0,7.0,16.0,5.0,3.0,16.0,8.0,0.0,0.0,8.0,16.0,8.0,14.0,16.0,2.0,0.0,0.0,0.0,6.0,14.0,16.0,11.0,0.0,0.0,0.0,0.0,0.0,6.0,16.0,4.0,0.0,0.0,0.0,0.0,0.0,10.0,15.0,0.0,0.0,0.0,4
0.0,0.0,12.0,16.0,7.0,0.0,0.0,0.0,0.0,2.0,16.0,5.0,12.0,3.0,0.0,0.0,0.0,0.0,14.0,6.0,3.0,16.0,2.0,0.0,0.0,0.0,2.0,14.0,16.0,12.0,0.0,0.0,0.0,0.0,0.0,0.0,10.0,10.0,0.0,0.0,0.0,0.0,0.0,0.0,10.0,8.0,0.0,0.0,0.0,0.0,8.0,2.0,13.0,7.0,0.0,0.0,0.0,0.0,11.0,16.0,16.0,3.0,0.0,0.0,9
0.0,0.0,3.0,12.0,10.0,1.0,0.0,0.0,0.0,1.0,16.0,16.0,16.0,10.0,0.0,0.0,0.0,5.0,16.0,13.0,6.0,16.0,1.0,0.0,0.0,5.0,16.0,7.0,0.0,13.0,3.0,0.0,0.0,5.0,16.0,4.0,0.0,13.0,7.0,0.0,0.0,1.0,16.0,8.0,0.0,14.0,7.0,0.0,0.0,0.0,13.0,14.0,13.0,16.0,3.0,0.0,0.0,0.0,2.0,13.0,15.0,6.0,0.0,0.0,0
0.0,0.0,5.0,4.0,9.0,10.0,0.0,0.0,0.0,0.0,10.0,8.0,11.0,16.0,2.0,0.0,0.0,0.0,8.0,12.0,14.0,14.0,1.0,0.0,0.0,0.0,5.0,15.0,7.0,0.0,0.0,0.0,0.0,0.0,14.0,12.0,0.0,0.0,0.0,0.0,0.0,1.0,14.0,13.0,3.0,0.0,0.0,0.0,0.0,0.0,12.0,13.0,5.0,0.0,0.0,0.0,0.0,0.0,7.0,16.0,5.0,0.0,0.0,0.0,8
0.0,0.0,1.0,11.0,15.0,8.0,0.0,0.0,0.0,0.0,12.0,14.0,10.0,16.0,5.0,0.0,0.0,0.0,16.0,7.0,13.0,16.0,4.0,0.0,0.0,0.0,9.0,15.0,13.0,16.0,4.0,0.0,0.0,0.0,0.0,0.0,1.0,15.0,4.0,0.0,0.0,0.0,0.0,0.0,0.0,16.0,4.0,0.0,0.0,8.0,16.0,14.0,9.0,16.0,4.0,0.0,0.0,0.0,2.0,10.0,15.0,15.0,2.0,0.0,9
0.0,0.0,7.0,13.0,15.0,5.0,0.0,0.0,0.0,0.0,8.0,16.0,16.0,12.0,0.0,0.0,0.0,0.0,7.0,16.0,15.0,3.0,0.0,0.0,0.0,0.0,6.0,16.0,5.0,0.0,0.0,0.0,0.0,0.0,5.0,16.0,2.0,0.0,0.0,0.0,0.0,0.0,8.0,16.0,6.0,0.0,0.0,0.0,0.0,0.0,12.0,12.0,13.0,0.0,0.0,0.0,0.0,0.0,5.0,13.0,10.0,0.0,0.0,0.0,8
0.0,0.0,2.0,12.0,9.0,0.0,0.0,0.0,0.0,0.0,11.0,15.0,12.0,5.0,0.0,0.0,0.0,0.0,15.0,5.0,0.0,14.0,0.0,0.0,0.0,2.0,15.0,1.0,0.0,9.0,7.0,0.0,0.0,4.0,10.0,0.0,0.0,7.0,8.0,0.0,0.0,0.0,12.0,0.0,0.0,8.0,10.0,0.0,0.0,2.0,15.0,5.0,10.0,16.0,1.0,0.0,0.0,0.0,5.0,14.0,12.0,4.0,0.0,0.0,0
0.0,0.0,0.0,0.0,5.0,15.0,8.0,0.0,0.0,0.0,0.0,2.0,15.0,16.0,9.0,0.0,0.0,0.0,3.0,15.0,16.0,16.0,10.0,0.0,0.0,7.0,16.0,10.0,8.0,16.0,7.0,0.0,0.0,0.0,1.0,0.0,8.0,16.0,4.0,0.0,0.0,0.0,0.0,0.0,11.0,16.0,1.0,0.0,0.0,0.0,0.0,0.0,9.0,16.0,1.0,0.0,0.0,0.0,0.0,0.0,8.0,14.0,0.0,0.0,1
0.0,2.0,15.0,16.0,6.0,0.0,0.0,0.0,0.0,5.0,16.0,15.0,14.0,0.0,0.0,0.0,0.0,5.0,13.0,10.0,14.0,0.0,0.0,0.0,0.0,0.0,0.0,12.0,12.0,0.0,0.0,0.0,0.0,0.0,1.0,16.0,7.0,0.0,0.0,0.0,0.0,0.0,10.0,15.0,2.0,0.0,0.0,0.0,0.0,3.0,16.0,10.0,8.0,6.0,1.0,0.0,0.0,2.0,15.0,16.0,16.0,16.0,7.0,0.0,2
0.0,3.0,16.0,16.0,12.0,12.0,6.0,0.0,0.0,0.0,4.0,4.0,5.0,14.0,8.0,0.0,0.0,0.0,0.0,0.0,11.0,11.0,0.0,0.0,0.0,0.0,0.0,4.0,16.0,3.0,0.0,0.0,0.0,0.0,0.0,0.0,12.0,11.0,0.0,0.0,0.0,0.0,0.0,0.0,9.0,14.0,0.0,0.0,0.0,0.0,3.0,7.0,15.0,4.0,0.0,0.0,0.0,3.0,16.0,14.0,4.0,0.0,0.0,0.0,3
0.0,0.0,0.0,3.0,16.0,3.0,0.0,0.0,0.0,0.0,0.0,12.0,16.0,2.0,0.0,0.0,0.0,0.0,8.0,16.0,16.0,4.0,0.0,0.0,0.0,7.0,16.0,15.0,16.0,12.0,11.0,0.0,0.0,8.0,16.0,16.0,16.0,13.0,3.0,0.0,0.0,0.0,0.0,7.0,14.0,1.0,0.0,0.0,0.0,0.0,0.0,6.0,16.0,0.0,0.0,0.0,0.0,0.0,0.0,4.0,14.0,0.0,0.0,0.0,4
0.0,4.0,16.0,16.0,16.0,10.0,3.0,0.0,0.0,12.0,16.0,9.0,8.0,12.0,3.0,0.0,0.0,10.0,16.0,2.0,0.0,0.0,0.0,0.0,0.0,3.0,16.0,12.0,0.0,0.0,0.0,0.0,0.0,0.0,7.0,16.0,9.0,0.0,0.0,0.0,0.0,0.0,0.0,12.0,16.0,1.0,0.0,0.0,0.0,3.0,10.0,15.0,15.0,1.0,0.0,0.0,0.0,4.0,16.0,13.0,3.0,0.0,0.0,0.0,5
0.0,0.0,2.0,15.0,4.0,0.0,0.0,0.0,0.0,0.0,11.0,13.0,0.0,0.0,0.0,0.0,0.0,0.0,16.0,6.0,0.0,0.0,0.0,0.0,0.0,3.0,16.0,7.0,0.0,0.0,0.0,0.0,0.0,4.0,16.0,16.0,15.0,5.0,0.0,0.0,0.0,4.0,16.0,5.0,3.0,13.0,7.0,0.0,0.0,1.0,14.0,9.0,0.0,8.0,13.0,0.0,0.0,0.0,2.0,13.0,16.0,16.0,8.0,0.0,6
0.0,0.0,2.0,15.0,15.0,3.0,0.0,0.0,0.0,0.0,8.0,14.0,16.0,11.0,0.0,0.0,0.0,0.0,0.0,0.0,11.0,14.0,0.0,0.0,0.0,0.0,0.0,0.0,11.0,14.0,3.0,0.0,0.0,0.0,4.0,12.0,16.0,16.0,7.0,0.0,0.0,0.0,11.0,16.0,12.0,1.0,0.0,0.0,0.0,0.0,1.0,14.0,6.0,0.0,0.0,0.0,0.0,0.0,4.0,12.0,1.0,0.0,0.0,0.0,7
0.0,0.0,5.0,12.0,13.0,2.0,0.0,0.0,0.0,3.0,16.0,14.0,16.0,13.0,1.0,0.0,0.0,4.0,16.0,9.0,16.0,12.0,1.0,0.0,0.0,1.0,9.0,16.0,15.0,1.0,0.0,0.0,0.0,1.0,13.0,16.0,16.0,5.0,0.0,0.0,0.0,3.0,16.0,5.0,12.0,16.0,0.0,0.0,0.0,3.0,15.0,7.0,14.0,12.0,0.0,0.0,0.0,0.0,6.0,16.0,13.0,3.0,0.0,0.0,8
0.0,0.0,5.0,15.0,5.0,0.0,0.0,0.0,0.0,0.0,12.0,11.0,13.0,8.0,0.0,0.0,0.0,0.0,11.0,9.0,10.0,16.0,0.0,0.0,0.0,0.0,3.0,15.0,16.0,16.0,1.0,0.0,0.0,0.0,0.0,0.0,0.0,14.0,6.0,0.0,0.0,0.0,0.0,0.0,0.0,13.0,8.0,0.0,0.0,0.0,6.0,3.0,0.0,14.0,6.0,0.0,0.0,0.0,2.0,13.0,16.0,15.0,3.0,0.0,9
0.0,0.0,12.0,9.0,12.0,1.0,0.0,0.0,0.0,0.0,14.0,16.0,16.0,8.0,0.0,0.0,0.0,3.0,16.0,9.0,3.0,15.0,2.0,0.0,0.0,4.0,16.0,1.0,0.0,16.0,5.0,0.0,0.0,5.0,12.0,0.0,0.0,16.0,5.0,0.0,0.0,3.0,14.0,1.0,4.0,16.0,4.0,0.0,0.0,0.0,15.0,12.0,14.0,14.0,0.0,0.0,0.0,0.0,7.0,12.0,12.0,2.0,0.0,0.0,0
0.0,0.0,0.0,0.0,7.0,13.0,5.0,0.0,0.0,0.0,0.0,0.0,15.0,16.0,8.0,0.0,0.0,0.0,1.0,13.0,16.0,16.0,3.0,0.0,0.0,0.0,12.0,16.0,16.0,16.0,0.0,0.0,0.0,8.0,16.0,3.0,16.0,13.0,0.0,0.0,0.0,2.0,3.0,0.0,16.0,12.0,0.0,0.0,0.0,0.0,0.0,0.0,16.0,13.0,0.0,0.0,0.0,0.0,0.0,0.0,8.0,12.0,0.0,0.0,1
0.0,0.0,13.0,14.0,8.0,1.0,0.0,0.0,0.0,1.0,16.0,16.0,16.0,6.0,0.0,0.0,0.0,0.0,3.0,5.0,16.0,8.0,0.0,0.0,0.0,0.0,0.0,9.0,16.0,2.0,0.0,0.0,0.0,0.0,1.0,16.0,9.0,0.0,0.0,0.0,0.0,1.0,16.0,13.0,0.0,0.0,0.0,0.0,0.0,5.0,16.0,11.0,4.0,4.0,0.0,0.0,0.0,1.0,13.0,14.0,12.0,12.0,0.0,0.0,2
0.0,6.0,16.0,16.0,15.0,7.0,0.0,0.0,0.0,2.0,11.0,12.0,16.0,16.0,5.0,0.0,0.0,0.0,0.0,0.0,14.0,15.0,2.0,0.0,0.0,0.0,0.0,1.0,16.0,11.0,0.0,0.0,0.0,0.0,0.0,0.0,14.0,14.0,0.0,0.0,0.0,0.0,0.0,0.0,5.0,16.0,9.0,0.0,0.0,0.0,3.0,7.0,12.0,16.0,7.0,0.0,0.0,3.0,16.0,16.0,15.0,11.0,1.0,0.0,3
0.0,0.0,0.0,5.0,14.0,0.0,0.0,0.0,0.0,0.0,1.0,15.0,13.0,0.0,0.0,0.0,0.0,0.0,9.0,16.0,13.0,0.0,0.0,0.0,0.0,5.0,16.0,15.0,13.0,0.0,0.0,0.0,0.0,8.0,16.0,16.0,16.0,15.0,9.0,0.0,0.0,0.0,4.0,10.0,14.0,8.0,5.0,0.0,0.0,0.0,0.0,8.0,12.0,0.0,0.0,0.0,0.0,0.0,0.0,7.0,10.0,0.0,0.0,0.0,4
0.0,4.0,15.0,16.0,16.0,16.0,4.0,0.0,0.0,4.0,16.0,15.0,9.0,7.0,1.0,0.0,0.0,0.0,15.0,14.0,1.0,0.0,0.0,0.0,0.0,0.0,5.0,16.0,9.0,0.0,0.0,0.0,0.0,0.0,0.0,14.0,16.0,0.0,0.0,0.0,0.0,0.0,0.0,9.0,16.0,5.0,0.0,0.0,0.0,3.0,10.0,13.0,16.0,4.0,0.0,0.0,0.0,5.0,16.0,16.0,12.0,0.0,0.0,0.0,5
0.0,0.0,0.0,6.0,14.0,1.0,0.0,0.0,0.0,0.0,2.0,16.0,10.0,0.0,0.0,0.0,0.0,0.0,11.0,15.0,2.0,0.0,0.0,0.0,0.0,0.0,13.0,13.0,8.0,5.0,0.0,0.0,0.0,2.0,16.0,14.0,12.0,16.0,3.0,0.0,0.0,1.0,16.0,11.0,0.0,5.0,12.0,0.0,0.0,0.0,11.0,15.0,5.0,12.0,12.0,0.0,0.0,0.0,0.0,9.0,15.0,14.0,6.0,0.0,6
0.0,0.0,3.0,15.0,14.0,1.0,0.0,0.0,0.0,0.0,13.0,16.0,16.0,6.0,0.0,0.0,0.0,0.0,4.0,4.0,16.0,8.0,0.0,0.0,0.0,0.0,0.0,1.0,16.0,10.0,1.0,0.0,0.0,0.0,7.0,16.0,16.0,16.0,8.0,0.0,0.0,0.0,12.0,15.0,16.0,6.0,0.0,0.0,0.0,0.0,0.0,14.0,11.0,0.0,0.0,0.0,0.0,0.0,4.0,12.0,1.0,0.0,0.0,0.0,7
0.0,0.0,3.0,13.0,13.0,3.0,0.0,0.0,0.0,2.0,14.0,12.0,12.0,11.0,0.0,0.0,0.0,4.0,16.0,8.0,5.0,15.0,3.0,0.0,0.0,1.0,13.0,14.0,16.0,7.0,0.0,0.0,0.0,0.0,11.0,16.0,13.0,1.0,0.0,0.0,0.0,1.0,16.0,12.0,13.0,14.0,1.0,0.0,0.0,0.0,13.0,13.0,9.0,16.0,7.0,0.0,0.0,0.0,3.0,13.0,16.0,10.0,1.0,0.0,8
0.0,0.0,6.0,13.0,10.0,4.0,0.0,0.0,0.0,4.0,16.0,15.0,13.0,13.0,0.0,0.0,0.0,4.0,16.0,14.0,16.0,16.0,1.0,0.0,0.0,2.0,10.0,16.0,16.0,16.0,5.0,0.0,0.0,0.0,0.0,0.0,3.0,16.0,5.0,0.0,0.0,0.0,0.0,0.0,0.0,16.0,8.0,0.0,0.0,0.0,0.0,2.0,8.0,16.0,8.0,0.0,0.0,0.0,7.0,16.0,14.0,9.0,1.0,0.0,9
0.0,0.0,2.0,12.0,4.0,0.0,0.0,0.0,0.0,1.0,12.0,16.0,16.0,3.0,0.0,0.0,0.0,7.0,16.0,6.0,4.0,13.0,0.0,0.0,0.0,8.0,16.0,6.0,0.0,13.0,5.0,0.0,0.0,1.0,16.0,5.0,0.0,7.0,9.0,0.0,0.0,0.0,16.0,8.0,0.0,8.0,12.0,0.0,0.0,0.0,13.0,14.0,14.0,16.0,10.0,0.0,0.0,0.0,4.0,14.0,15.0,7.0,0.0,0.0,0
0.0,0.0,0.0,0.0,5.0,14.0,3.0,0.0,0.0,0.0,0.0,0.0,9.0,16.0,8.0,0.0,0.0,0.0,0.0,9.0,16.0,16.0,5.0,0.0,0.0,1.0,13.0,15.0,12.0,16.0,1.0,0.0,0.0,4.0,12.0,3.0,10.0,15.0,0.0,0.0,0.0,0.0,0.0,0.0,11.0,12.0,0.0,0.0,0.0,0.0,0.0,0.0,8.0,12.0,0.0,0.0,0.0,0.0,0.0,0.0,5.0,13.0,4.0,0.0,1
0.0,0.0,6.0,13.0,10.0,3.0,0.0,0.0,0.0,5.0,15.0,11.0,16.0,11.0,0.0,0.0,0.0,2.0,6.0,0.0,16.0,12.0,0.0,0.0,0.0,0.0,0.0,0.0,16.0,12.0,0.0,0.0,0.0,0.0,0.0,7.0,16.0,6.0,0.0,0.0,0.0,0.0,5.0,15.0,10.0,0.0,0.0,0.0,0.0,0.0,11.0,16.0,8.0,4.0,0.0,0.0,0.0,0.0,8.0,14.0,13.0,12.0,4.0,0.0,2
0.0,1.0,11.0,12.0,14.0,6.0,0.0,0.0,0.0,1.0,6.0,4.0,8.0,16.0,7.0,0.0,0.0,0.0,0.0,0.0,3.0,16.0,5.0,0.0,0.0,0.0,0.0,2.0,14.0,9.0,0.0,0.0,0.0,0.0,0.0,4.0,16.0,7.0,0.0,0.0,0.0,0.0,0.0,1.0,14.0,13.0,0.0,0.0,0.0,0.0,0.0,1.0,12.0,14.0,0.0,0.0,0.0,5.0,12.0,15.0,9.0,1.0,0.0,0.0,3
0.0,0.0,0.0,3.0,16.0,3.0,0.0,0.0,0.0,0.0,0.0,10.0,16.0,11.0,0.0,0.0,0.0,0.0,4.0,16.0,16.0,8.0,0.0,0.0,0.0,2.0,14.0,12.0,16.0,5.0,0.0,0.0,0.0,10.0,16.0,14.0,16.0,16.0,11.0,0.0,0.0,5.0,12.0,13.0,16.0,8.0,3.0,0.0,0.0,0.0,0.0,2.0,15.0,3.0,0.0,0.0,0.0,0.0,0.0,4.0,12.0,0.0,0.0,0.0,4
0.0,2.0,14.0,16.0,16.0,13.0,5.0,0.0,0.0,7.0,16.0,13.0,8.0,8.0,1.0,0.0,0.0,10.0,15.0,0.0,0.0,0.0,0.0,0.0,0.0,10.0,16.0,0.0,0.0,0.0,0.0,0.0,0.0,7.0,16.0,6.0,0.0,0.0,0.0,0.0,0.0,1.0,12.0,16.0,8.0,0.0,0.0,0.0,0.0,1.0,8.0,16.0,10.0,0.0,0.0,0.0,0.0,3.0,16.0,15.0,1.0,0.0,0.0,0.0,5
0.0,0.0,0.0,16.0,7.0,0.0,0.0,0.0,0.0,0.0,6.0,16.0,4.0,0.0,0.0,0.0,0.0,0.0,11.0,15.0,0.0,0.0,0.0,0.0,0.0,0.0,12.0,12.0,0.0,0.0,0.0,0.0,0.0,0.0,15.0,16.0,16.0,8.0,0.0,0.0,0.0,0.0,12.0,16.0,13.0,15.0,8.0,0.0,0.0,0.0,12.0,16.0,7.0,13.0,15.0,0.0,0.0,0.0,1.0,11.0,16.0,15.0,9.0,0.0,6
0.0,0.0,10.0,16.0,14.0,1.0,0.0,0.0,0.0,0.0,14.0,16.0,16.0,7.0,0.0,0.0,0.0,0.0,1.0,5.0,16.0,7.0,0.0,0.0,0.0,0.0,2.0,10.0,16.0,11.0,6.0,0.0,0.0,7.0,16.0,16.0,15.0,12.0,7.0,0.0,0.0,11.0,10.0,15.0,10.0,0.0,0.0,0.0,0.0,0.0,6.0,16.0,2.0,0.0,0.0,0.0,0.0,0.0,13.0,9.0,0.0,0.0,0.0,0.0,7
0.0,0.0,2.0,13.0,13.0,1.0,0.0,0.0,0.0,0.0,8.0,16.0,14.0,4.0,0.0,0.0,0.0,0.0,5.0,16.0,10.0,8.0,4.0,0.0,0.0,0.0,1.0,16.0,16.0,10.0,2.0,0.0,0.0,2.0,15.0,13.0,12.0,0.0,0.0,0.0,0.0,5.0,12.0,3.0,15.0,1.0,0.0,0.0,0.0,0.0,14.0,3.0,13.0,4.0,0.0,0.0,0.0,0.0,3.0,15.0,13.0,1.0,0.0,0.0,8
0.0,0.0,5.0,13.0,4.0,0.0,0.0,0.0,0.0,0.0,15.0,14.0,14.0,5.0,0.0,0.0,0.0,0.0,12.0,7.0,8.0,16.0,1.0,0.0,0.0,0.0,4.0,13.0,16.0,16.0,1.0,0.0,0.0,0.0,0.0,0.0,0.0,15.0,2.0,0.0,0.0,0.0,0.0,0.0,0.0,14.0,6.0,0.0,0.0,0.0,2.0,7.0,8.0,16.0,4.0,0.0,0.0,0.0,6.0,12.0,13.0,10.0,0.0,0.0,9
0.0,0.0,5.0,14.0,10.0,7.0,0.0,0.0,0.0,0.0,16.0,16.0,16.0,16.0,3.0,0.0,0.0,3.0,16.0,10.0,2.0,16.0,7.0,0.0,0.0,7.0,16.0,3.0,0.0,12.0,8.0,0.0,0.0,8.0,16.0,1.0,0.0,12.0,8.0,0.0,0.0,7.0,16.0,5.0,2.0,16.0,4.0,0.0,0.0,2.0,16.0,15.0,14.0,13.0,0.0,0.0,0.0,0.0,7.0,15.0,13.0,2.0,0.0,0.0,0
0.0,0.0,2.0,13.0,6.0,0.0,0.0,0.0,0.0,0.0,4.0,16.0,15.0,5.0,0.0,0.0,0.0,0.0,1.0,15.0,12.0,15.0,0.0,0.0,0.0,0.0,0.0,10.0,16.0,16.0,1.0,0.0,0.0,0.0,0.0,0.0,2.0,16.0,2.0,0.0,0.0,0.0,0.0,0.0,0.0,15.0,5.0,0.0,0.0,0.0,4.0,4.0,6.0,16.0,3.0,0.0,0.0,0.0,2.0,14.0,16.0,10.0,0.0,0.0,9
0.0,5.0,16.0,16.0,16.0,11.0,1.0,0.0,0.0,4.0,16.0,15.0,10.0,8.0,1.0,0.0,0.0,4.0,16.0,12.0,0.0,0.0,0.0,0.0,0.0,1.0,13.0,16.0,5.0,0.0,0.0,0.0,0.0,0.0,6.0,16.0,13.0,0.0,0.0,0.0,0.0,0.0,0.0,10.0,16.0,4.0,0.0,0.0,0.0,0.0,4.0,13.0,16.0,2.0,0.0,0.0,0.0,2.0,15.0,16.0,9.0,0.0,0.0,0.0,5
0.0,6.0,16.0,16.0,16.0,15.0,10.0,0.0,0.0,9.0,16.0,13.0,8.0,6.0,5.0,0.0,0.0,12.0,16.0,1.0,0.0,0.0,0.0,0.0,0.0,10.0,16.0,7.0,0.0,0.0,0.0,0.0,0.0,3.0,15.0,15.0,3.0,0.0,0.0,0.0,0.0,0.0,3.0,16.0,13.0,0.0,0.0,0.0,0.0,1.0,5.0,16.0,9.0,0.0,0.0,0.0,0.0,9.0,16.0,11.0,0.0,0.0,0.0,0.0,5
0.0,0.0,5.0,13.0,1.0,0.0,0.0,0.0,0.0,0.0,12.0,13.0,0.0,0.0,0.0,0.0,0.0,0.0,16.0,8.0,0.0,0.0,0.0,0.0,0.0,5.0,16.0,2.0,0.0,0.0,0.0,0.0,0.0,4.0,16.0,8.0,15.0,9.0,1.0,0.0,0.0,4.0,16.0,16.0,12.0,15.0,11.0,0.0,0.0,1.0,15.0,14.0,4.0,14.0,11.0,0.0,0.0,0.0,5.0,14.0,14.0,10.0,1.0,0.0,6
0.0,2.0,15.0,16.0,16.0,13.0,2.0,0.0,0.0,7.0,16.0,13.0,8.0,8.0,3.0,0.0,0.0,4.0,16.0,4.0,0.0,0.0,0.0,0.0,0.0,0.0,16.0,11.0,0.0,0.0,0.0,0.0,0.0,0.0,12.0,16.0,3.0,0.0,0.0,0.0,0.0,0.0,2.0,13.0,11.0,0.0,0.0,0.0,0.0,3.0,8.0,15.0,8.0,0.0,0.0,0.0,0.0,2.0,15.0,15.0,1.0,0.0,0.0,0.0,5
0.0,0.0,5.0,16.0,15.0,1.0,0.0,0.0,0.0,1.0,15.0,9.0,10.0,12.0,0.0,0.0,0.0,3.0,16.0,1.0,0.0,16.0,4.0,0.0,0.0,6.0,16.0,0.0,0.0,11.0,6.0,0.0,0.0,3.0,16.0,1.0,0.0,11.0,8.0,0.0,0.0,4.0,16.0,4.0,3.0,15.0,4.0,0.0,0.0,1.0,13.0,13.0,13.0,14.0,1.0,0.0,0.0,0.0,4.0,13.0,14.0,1.0,0.0,0.0,0
0.0,0.0,2.0,13.0,8.0,6.0,0.0,0.0,0.0,0.0,7.0,14.0,14.0,16.0,0.0,0.0,0.0,0.0,7.0,9.0,3.0,16.0,4.0,0.0,0.0,0.0,5.0,14.0,15.0,16.0,4.0,0.0,0.0,0.0,0.0,3.0,2.0,13.0,5.0,0.0,0.0,0.0,3.0,0.0,0.0,12.0,6.0,0.0,0.0,1.0,12.0,6.0,0.0,11.0,7.0,0.0,0.0,0.0,3.0,12.0,16.0,16.0,1.0,0.0,9
0.0,0.0,6.0,15.0,13.0,3.0,0.0,0.0,0.0,0.0,13.0,14.0,15.0,12.0,0.0,0.0,0.0,0.0,14.0,11.0,13.0,15.0,5.0,0.0,0.0,0.0,9.0,16.0,15.0,8.0,0.0,0.0,0.0,2.0,16.0,16.0,16.0,2.0,0.0,0.0,0.0,8.0,16.0,2.0,14.0,10.0,0.0,0.0,0.0,5.0,16.0,9.0,14.0,11.0,0.0,0.0,0.0,0.0,8.0,14.0,13.0,2.0,0.0,0.0,8
0.0,0.0,6.0,15.0,6.0,0.0,0.0,0.0,0.0,0.0,14.0,11.0,13.0,4.0,0.0,0.0,0.0,0.0,11.0,7.0,7.0,13.0,0.0,0.0,0.0,0.0,5.0,16.0,16.0,16.0,1.0,0.0,0.0,0.0,0.0,0.0,0.0,14.0,7.0,0.0,0.0,0.0,0.0,0.0,0.0,10.0,13.0,0.0,0.0,0.0,2.0,11.0,0.0,11.0,12.0,0.0,0.0,0.0,5.0,16.0,14.0,9.0,4.0,0.0,9
0.0,0.0,2.0,13.0,4.0,0.0,0.0,0.0,0.0,0.0,8.0,14.0,11.0,0.0,0.0,0.0,0.0,0.0,10.0,6.0,14.0,5.0,2.0,0.0,0.0,0.0,2.0,14.0,12.0,14.0,0.0,0.0,0.0,0.0,1.0,15.0,13.0,2.0,0.0,0.0,0.0,0.0,11.0,13.0,14.0,1.0,0.0,0.0,0.0,0.0,13.0,8.0,10.0,4.0,0.0,0.0,0.0,0.0,2.0,11.0,16.0,7.0,0.0,0.0,8
0.0,0.0,0.0,8.0,13.0,0.0,0.0,0.0,0.0,0.0,1.0,16.0,16.0,0.0,0.0,0.0,0.0,0.0,7.0,16.0,16.0,0.0,0.0,0.0,0.0,1.0,15.0,16.0,16.0,0.0,0.0,0.0,0.0,6.0,16.0,15.0,16.0,9.0,2.0,0.0,0.0,6.0,15.0,16.0,16.0,16.0,11.0,0.0,0.0,0.0,0.0,11.0,16.0,0.0,0.0,0.0,0.0,0.0,0.0,10.0,14.0,0.0,0.0,0.0,4
0.0,0.0,0.0,0.0,14.0,16.0,7.0,0.0,0.0,0.0,0.0,5.0,16.0,16.0,8.0,0.0,0.0,0.0,1.0,12.0,16.0,16.0,8.0,0.0,0.0,5.0,14.0,16.0,16.0,16.0,5.0,0.0,0.0,1.0,4.0,7.0,16.0,16.0,8.0,0.0,0.0,0.0,0.0,2.0,16.0,16.0,7.0,0.0,0.0,0.0,0.0,2.0,16.0,16.0,3.0,0.0,0.0,0.0,0.0,0.0,16.0,16.0,0.0,0.0,1
0.0,0.0,7.0,16.0,16.0,16.0,13.0,0.0,0.0,0.0,8.0,9.0,8.0,15.0,15.0,0.0,0.0,0.0,0.0,0.0,4.0,16.0,7.0,0.0,0.0,0.0,4.0,8.0,12.0,16.0,5.0,0.0,0.0,3.0,16.0,16.0,16.0,14.0,7.0,0.0,0.0,0.0,3.0,8.0,16.0,3.0,0.0,0.0,0.0,0.0,0.0,15.0,13.0,0.0,0.0,0.0,0.0,0.0,7.0,16.0,3.0,0.0,0.0,0.0,7
0.0,0.0,1.0,8.0,10.0,15.0,11.0,0.0,0.0,2.0,14.0,15.0,13.0,16.0,7.0,0.0,0.0,0.0,6.0,0.0,6.0,14.0,2.0,0.0,0.0,0.0,0.0,3.0,11.0,12.0,2.0,0.0,0.0,0.0,2.0,16.0,16.0,15.0,8.0,0.0,0.0,0.0,3.0,13.0,15.0,2.0,0.0,0.0,0.0,0.0,0.0,13.0,10.0,0.0,0.0,0.0,0.0,0.0,1.0,16.0,5.0,0.0,0.0,0.0,7
0.0,1.0,10.0,16.0,16.0,11.0,0.0,0.0,0.0,5.0,10.0,8.0,12.0,16.0,4.0,0.0,0.0,0.0,0.0,1.0,10.0,14.0,0.0,0.0,0.0,0.0,0.0,6.0,16.0,4.0,0.0,0.0,0.0,0.0,0.0,7.0,16.0,5.0,0.0,0.0,0.0,0.0,0.0,1.0,12.0,16.0,4.0,0.0,0.0,0.0,2.0,4.0,9.0,16.0,4.0,0.0,0.0,1.0,15.0,14.0,11.0,4.0,0.0,0.0,3
0.0,7.0,16.0,16.0,16.0,11.0,2.0,0.0,0.0,5.0,16.0,12.0,8.0,6.0,1.0,0.0,0.0,9.0,16.0,1.0,0.0,0.0,0.0,0.0,0.0,2.0,16.0,15.0,3.0,0.0,0.0,0.0,0.0,0.0,5.0,16.0,14.0,1.0,0.0,0.0,0.0,0.0,0.0,2.0,16.0,10.0,0.0,0.0,0.0,1.0,7.0,13.0,16.0,3.0,0.0,0.0,0.0,4.0,15.0,16.0,6.0,0.0,0.0,0.0,5
0.0,0.0,0.0,0.0,12.0,11.0,1.0,0.0,0.0,0.0,0.0,1.0,16.0,16.0,7.0,0.0,0.0,0.0,1.0,14.0,16.0,16.0,7.0,0.0,0.0,1.0,14.0,16.0,14.0,16.0,8.0,0.0,0.0,5.0,12.0,3.0,8.0,16.0,7.0,0.0,0.0,0.0,0.0,0.0,8.0,16.0,4.0,0.0,0.0,0.0,0.0,0.0,8.0,16.0,1.0,0.0,0.0,0.0,0.0,0.0,11.0,12.0,0.0,0.0,1
0.0,0.0,6.0,15.0,15.0,3.0,0.0,0.0,0.0,3.0,16.0,14.0,14.0,13.0,0.0,0.0,0.0,6.0,15.0,2.0,1.0,14.0,5.0,0.0,0.0,8.0,14.0,2.0,0.0,9.0,8.0,0.0,0.0,8.0,16.0,4.0,0.0,8.0,8.0,0.0,0.0,5.0,16.0,6.0,0.0,11.0,9.0,0.0,0.0,1.0,16.0,16.0,14.0,16.0,9.0,0.0,0.0,0.0,5.0,14.0,15.0,10.0,1.0,0.0,0
0.0,0.0,0.0,10.0,15.0,1.0,0.0,0.0,0.0,0.0,5.0,16.0,16.0,10.0,0.0,0.0,0.0,0.0,14.0,6.0,6.0,15.0,0.0,0.0,0.0,4.0,16.0,4.0,0.0,15.0,3.0,0.0,0.0,5.0,15.0,5.0,0.0,11.0,5.0,0.0,0.0,0.0,12.0,11.0,0.0,13.0,5.0,0.0,0.0,0.0,8.0,16.0,16.0,16.0,3.0,0.0,0.0,0.0,1.0,8.0,13.0,8.0,0.0,0.0,0
0.0,0.0,7.0,15.0,15.0,4.0,0.0,0.0,0.0,8.0,16.0,16.0,16.0,4.0,0.0,0.0,0.0,8.0,15.0,8.0,16.0,4.0,0.0,0.0,0.0,0.0,0.0,10.0,15.0,0.0,0.0,0.0,0.0,0.0,1.0,15.0,9.0,0.0,0.0,0.0,0.0,0.0,6.0,16.0,2.0,0.0,0.0,0.0,0.0,0.0,8.0,16.0,8.0,11.0,9.0,0.0,0.0,0.0,9.0,16.0,16.0,12.0,3.0,0.0,2
0.0,1.0,12.0,14.0,10.0,0.0,0.0,0.0,0.0,5.0,16.0,16.0,16.0,4.0,0.0,0.0,0.0,0.0,0.0,4.0,16.0,4.0,0.0,0.0,0.0,0.0,0.0,7.0,15.0,1.0,0.0,0.0,0.0,0.0,2.0,15.0,9.0,0.0,0.0,0.0,0.0,0.0,9.0,15.0,2.0,0.0,0.0,0.0,0.0,0.0,16.0,14.0,8.0,8.0,3.0,0.0,0.0,0.0,10.0,15.0,13.0,9.0,4.0,0.0,2
0.0,0.0,5.0,16.0,12.0,2.0,0.0,0.0,0.0,0.0,4.0,11.0,16.0,10.0,0.0,0.0,0.0,0.0,0.0,0.0,14.0,11.0,0.0,0.0,0.0,0.0,2.0,4.0,14.0,14.0,2.0,0.0,0.0,0.0,13.0,16.0,16.0,10.0,4.0,0.0,0.0,0.0,3.0,10.0,14.0,0.0,0.0,0.0,0.0,0.0,0.0,15.0,5.0,0.0,0.0,0.0,0.0,0.0,6.0,11.0,0.0,0.0,0.0,0.0,7
0.0,0.0,5.0,15.0,13.0,3.0,0.0,0.0,0.0,0.0,12.0,15.0,12.0,14.0,0.0,0.0,0.0,0.0,12.0,12.0,14.0,14.0,0.0,0.0,0.0,0.0,3.0,16.0,14.0,3.0,0.0,0.0,0.0,0.0,9.0,14.0,15.0,3.0,0.0,0.0,0.0,1.0,15.0,5.0,8.0,12.0,1.0,0.0,0.0,0.0,16.0,4.0,4.0,16.0,4.0,0.0,0.0,0.0,5.0,16.0,16.0,12.0,2.0,0.0,8
0.0,0.0,11.0,12.0,0.0,0.0,0.0,0.0,0.0,7.0,16.0,16.0,5.0,0.0,0.0,0.0,0.0,5.0,13.0,16.0,8.0,0.0,0.0,0.0,0.0,0.0,1.0,16.0,8.0,0.0,0.0,0.0,0.0,0.0,7.0,16.0,5.0,0.0,0.0,0.0,0.0,0.0,9.0,15.0,1.0,0.0,0.0,0.0,0.0,0.0,16.0,15.0,9.0,7.0,2.0,0.0,0.0,0.0,12.0,14.0,13.0,12.0,5.0,0.0,2
0.0,0.0,2.0,15.0,13.0,0.0,0.0,0.0,0.0,0.0,13.0,16.0,16.0,9.0,0.0,0.0,0.0,5.0,16.0,9.0,6.0,16.0,4.0,0.0,0.0,5.0,16.0,3.0,1.0,14.0,7.0,0.0,0.0,6.0,16.0,4.0,0.0,16.0,8.0,0.0,0.0,3.0,16.0,12.0,6.0,16.0,12.0,0.0,0.0,0.0,14.0,16.0,16.0,16.0,4.0,0.0,0.0,0.0,2.0,13.0,15.0,8.0,0.0,0.0,0
0.0,0.0,0.0,1.0,11.0,14.0,5.0,0.0,0.0,0.0,0.0,9.0,16.0,16.0,5.0,0.0,0.0,0.0,10.0,16.0,16.0,16.0,1.0,0.0,0.0,5.0,16.0,16.0,16.0,16.0,0.0,0.0,0.0,1.0,5.0,11.0,16.0,16.0,0.0,0.0,0.0,0.0,0.0,5.0,16.0,16.0,0.0,0.0,0.0,0.0,0.0,0.0,11.0,16.0,0.0,0.0,0.0,0.0,0.0,0.0,11.0,10.0,0.0,0.0,1
0.0,0.0,9.0,16.0,5.0,0.0,0.0,0.0,0.0,6.0,16.0,16.0,15.0,0.0,0.0,0.0,0.0,7.0,16.0,14.0,16.0,2.0,0.0,0.0,0.0,3.0,6.0,12.0,16.0,0.0,0.0,0.0,0.0,0.0,0.0,15.0,12.0,0.0,0.0,0.0,0.0,0.0,7.0,16.0,6.0,1.0,3.0,0.0,0.0,0.0,9.0,16.0,13.0,15.0,8.0,0.0,0.0,0.0,7.0,16.0,16.0,8.0,1.0,0.0,2
0.0,0.0,4.0,14.0,6.0,0.0,0.0,0.0,0.0,0.0,10.0,15.0,2.0,0.0,0.0,0.0,0.0,0.0,16.0,11.0,0.0,0.0,0.0,0.0,0.0,0.0,13.0,11.0,0.0,0.0,0.0,0.0,0.0,3.0,16.0,12.0,8.0,3.0,0.0,0.0,0.0,2.0,16.0,14.0,8.0,12.0,9.0,0.0,0.0,0.0,16.0,13.0,4.0,12.0,12.0,0.0,0.0,0.0,6.0,15.0,16.0,12.0,1.0,0.0,6
0.0,4.0,12.0,13.0,13.0,6.0,0.0,0.0,0.0,6.0,14.0,8.0,13.0,16.0,0.0,0.0,0.0,0.0,0.0,0.0,11.0,16.0,2.0,0.0,0.0,0.0,0.0,0.0,16.0,15.0,0.0,0.0,0.0,0.0,0.0,0.0,12.0,16.0,3.0,0.0,0.0,0.0,0.0,0.0,4.0,16.0,9.0,0.0,0.0,0.0,1.0,4.0,12.0,16.0,8.0,0.0,0.0,2.0,13.0,16.0,12.0,6.0,0.0,0.0,3
0.0,2.0,15.0,15.0,6.0,0.0,0.0,0.0,0.0,0.0,10.0,13.0,16.0,5.0,0.0,0.0,0.0,0.0,0.0,2.0,16.0,9.0,0.0,0.0,0.0,0.0,0.0,3.0,16.0,11.0,0.0,0.0,0.0,0.0,0.0,0.0,13.0,14.0,1.0,0.0,0.0,0.0,0.0,0.0,7.0,16.0,5.0,0.0,0.0,1.0,4.0,6.0,13.0,15.0,1.0,0.0,0.0,3.0,15.0,14.0,11.0,2.0,0.0,0.0,3
0.0,0.0,15.0,15.0,2.0,0.0,0.0,0.0,0.0,0.0,8.0,15.0,11.0,0.0,0.0,0.0,0.0,0.0,0.0,12.0,14.0,0.0,0.0,0.0,0.0,0.0,7.0,12.0,16.0,13.0,9.0,0.0,0.0,7.0,16.0,16.0,16.0,10.0,5.0,0.0,0.0,1.0,5.0,16.0,14.0,0.0,0.0,0.0,0.0,0.0,9.0,15.0,3.0,0.0,0.0,0.0,0.0,2.0,16.0,4.0,0.0,0.0,0.0,0.0,7
0.0,1.0,10.0,15.0,16.0,13.0,3.0,0.0,0.0,5.0,14.0,5.0,5.0,15.0,8.0,0.0,0.0,0.0,0.0,0.0,2.0,15.0,6.0,0.0,0.0,0.0,0.0,0.0,9.0,16.0,0.0,0.0,0.0,0.0,0.0,0.0,9.0,16.0,0.0,0.0,0.0,0.0,0.0,0.0,4.0,16.0,6.0,0.0,0.0,0.0,2.0,3.0,13.0,12.0,0.0,0.0,0.0,0.0,15.0,13.0,7.0,0.0,0.0,0.0,3
0.0,2.0,14.0,16.0,14.0,4.0,0.0,0.0,0.0,4.0,11.0,5.0,13.0,12.0,0.0,0.0,0.0,0.0,0.0,2.0,15.0,7.0,0.0,0.0,0.0,0.0,0.0,4.0,16.0,4.0,0.0,0.0,0.0,0.0,0.0,1.0,13.0,13.0,1.0,0.0,0.0,0.0,0.0,0.0,2.0,16.0,4.0,0.0,0.0,0.0,1.0,3.0,11.0,15.0,2.0,0.0,0.0,1.0,12.0,16.0,9.0,2.0,0.0,0.0,3
0.0,0.0,0.0,0.0,11.0,5.0,0.0,0.0,0.0,0.0,0.0,8.0,16.0,2.0,0.0,0.0,0.0,0.0,4.0,15.0,16.0,3.0,0.0,0.0,0.0,0.0,12.0,6.0,16.0,3.0,0.0,0.0,0.0,5.0,15.0,0.0,15.0,5.0,3.0,0.0,0.0,6.0,16.0,16.0,16.0,11.0,4.0,0.0,0.0,0.0,0.0,0.0,14.0,0.0,0.0,0.0,0.0,0.0,0.0,0.0,12.0,2.0,0.0,0.0,4
0.0,0.0,0.0,6.0,14.0,3.0,0.0,0.0,0.0,0.0,2.0,16.0,11.0,0.0,0.0,0.0,0.0,0.0,11.0,15.0,2.0,0.0,0.0,0.0,0.0,1.0,15.0,13.0,2.0,0.0,0.0,0.0,0.0,3.0,16.0,16.0,16.0,7.0,0.0,0.0,0.0,4.0,16.0,14.0,8.0,13.0,7.0,0.0,0.0,0.0,12.0,16.0,5.0,12.0,10.0,0.0,0.0,0.0,0.0,8.0,14.0,13.0,5.0,0.0,6
0.0,0.0,1.0,14.0,6.0,0.0,0.0,0.0,0.0,0.0,7.0,16.0,1.0,0.0,0.0,0.0,0.0,0.0,13.0,10.0,0.0,0.0,0.0,0.0,0.0,0.0,14.0,7.0,0.0,0.0,0.0,0.0,0.0,3.0,16.0,10.0,8.0,3.0,0.0,0.0,0.0,0.0,16.0,13.0,12.0,14.0,7.0,0.0,0.0,0.0,14.0,9.0,4.0,11.0,13.0,0.0,0.0,0.0,2.0,12.0,16.0,12.0,4.0,0.0,6
0.0,0.0,2.0,14.0,11.0,0.0,0.0,0.0,0.0,0.0,10.0,16.0,1.0,0.0,0.0,0.0,0.0,1.0,16.0,9.0,0.0,0.0,0.0,0.0,0.0,4.0,16.0,5.0,0.0,0.0,0.0,0.0,0.0,5.0,16.0,12.0,12.0,11.0,1.0,0.0,0.0,4.0,16.0,14.0,10.0,14.0,11.0,0.0,0.0,2.0,15.0,10.0,6.0,16.0,10.0,0.0,0.0,0.0,3.0,15.0,16.0,10.0,1.0,0.0,6
0.0,0.0,0.0,2.0,15.0,4.0,0.0,0.0,0.0,0.0,0.0,8.0,15.0,1.0,0.0,0.0,0.0,0.0,1.0,14.0,12.0,0.0,0.0,0.0,0.0,0.0,6.0,16.0,12.0,0.0,0.0,0.0,0.0,0.0,13.0,16.0,15.0,4.0,2.0,0.0,0.0,9.0,16.0,16.0,16.0,16.0,11.0,0.0,0.0,3.0,8.0,8.0,16.0,3.0,0.0,0.0,0.0,0.0,0.0,3.0,15.0,0.0,0.0,0.0,4
0.0,0.0,6.0,15.0,5.0,0.0,0.0,0.0,0.0,1.0,15.0,15.0,15.0,3.0,0.0,0.0,0.0,2.0,16.0,6.0,11.0,14.0,0.0,0.0,0.0,0.0,15.0,14.0,15.0,16.0,1.0,0.0,0.0,0.0,3.0,8.0,10.0,16.0,5.0,0.0,0.0,0.0,0.0,0.0,3.0,16.0,8.0,0.0,0.0,0.0,0.0,4.0,10.0,16.0,8.0,0.0,0.0,0.0,7.0,12.0,13.0,12.0,1.0,0.0,9
0.0,0.0,0.0,0.0,11.0,12.0,0.0,0.0,0.0,0.0,0.0,3.0,15.0,14.0,0.0,0.0,0.0,0.0,0.0,11.0,16.0,11.0,0.0,0.0,0.0,0.0,9.0,16.0,16.0,10.0,0.0,0.0,0.0,4.0,16.0,12.0,16.0,12.0,0.0,0.0,0.0,3.0,10.0,3.0,16.0,11.0,0.0,0.0,0.0,0.0,0.0,0.0,16.0,14.0,0.0,0.0,0.0,0.0,0.0,0.0,11.0,11.0,0.0,0.0,1
0.0,2.0,16.0,16.0,16.0,14.0,5.0,0.0,0.0,9.0,16.0,11.0,6.0,8.0,3.0,0.0,0.0,9.0,16.0,2.0,0.0,0.0,0.0,0.0,0.0,3.0,16.0,13.0,1.0,0.0,0.0,0.0,0.0,0.0,8.0,16.0,12.0,0.0,0.0,0.0,0.0,0.0,0.0,12.0,16.0,4.0,0.0,0.0,0.0,0.0,1.0,11.0,16.0,6.0,0.0,0.0,0.0,4.0,16.0,16.0,8.0,0.0,0.0,0.0,5
0.0,0.0,4.0,15.0,11.0,1.0,0.0,0.0,0.0,2.0,14.0,14.0,16.0,8.0,0.0,0.0,0.0,8.0,15.0,2.0,3.0,13.0,0.0,0.0,0.0,4.0,16.0,0.0,0.0,12.0,7.0,0.0,0.0,7.0,16.0,0.0,0.0,12.0,8.0,0.0,0.0,3.0,16.0,6.0,1.0,14.0,9.0,0.0,0.0,0.0,15.0,16.0,16.0,16.0,2.0,0.0,0.0,0.0,4.0,13.0,14.0,6.0,0.0,0.0,0
0.0,0.0,10.0,15.0,7.0,0.0,0.0,0.0,0.0,4.0,16.0,13.0,11.0,11.0,0.0,0.0,0.0,10.0,16.0,12.0,15.0,16.0,4.0,0.0,0.0,3.0,12.0,12.0,14.0,16.0,4.0,0.0,0.0,0.0,0.0,0.0,10.0,16.0,4.0,0.0,0.0,0.0,0.0,0.0,9.0,16.0,4.0,0.0,0.0,0.0,4.0,4.0,15.0,15.0,0.0,0.0,0.0,1.0,12.0,15.0,12.0,3.0,0.0,0.0,9
0.0,4.0,16.0,16.0,16.0,16.0,5.0,0.0,0.0,11.0,16.0,8.0,5.0,8.0,3.0,0.0,0.0,10.0,16.0,2.0,0.0,0.0,0.0,0.0,0.0,3.0,16.0,6.0,0.0,0.0,0.0,0.0,0.0,0.0,16.0,9.0,0.0,0.0,0.0,0.0,0.0,0.0,12.0,16.0,2.0,0.0,0.0,0.0,0.0,0.0,6.0,16.0,11.0,0.0,0.0,0.0,0.0,4.0,16.0,12.0,1.0,0.0,0.0,0.0,5
0.0,0.0,3.0,13.0,12.0,2.0,0.0,0.0,0.0,0.0,14.0,13.0,15.0,11.0,0.0,0.0,0.0,0.0,7.0,0.0,8.0,15.0,0.0,0.0,0.0,0.0,0.0,0.0,13.0,6.0,0.0,0.0,0.0,0.0,0.0,3.0,16.0,4.0,0.0,0.0,0.0,0.0,0.0,13.0,11.0,0.0,0.0,0.0,0.0,0.0,3.0,16.0,12.0,8.0,1.0,0.0,0.0,0.0,3.0,16.0,11.0,8.0,0.0,0.0,2
0.0,0.0,10.0,13.0,0.0,0.0,0.0,0.0,0.0,0.0,14.0,15.0,11.0,0.0,0.0,0.0,0.0,0.0,12.0,9.0,16.0,8.0,2.0,0.0,0.0,0.0,5.0,14.0,16.0,11.0,1.0,0.0,0.0,0.0,3.0,16.0,10.0,0.0,0.0,0.0,0.0,0.0,12.0,11.0,16.0,0.0,0.0,0.0,0.0,1.0,16.0,7.0,16.0,5.0,0.0,0.0,0.0,0.0,11.0,16.0,13.0,1.0,0.0,0.0,8
0.0,0.0,5.0,14.0,11.0,0.0,0.0,0.0,0.0,0.0,15.0,16.0,15.0,0.0,0.0,0.0,0.0,0.0,10.0,8.0,16.0,1.0,0.0,0.0,0.0,0.0,0.0,6.0,14.0,0.0,0.0,0.0,0.0,0.0,0.0,12.0,9.0,0.0,0.0,0.0,0.0,0.0,1.0,16.0,3.0,0.0,0.0,0.0,0.0,0.0,8.0,16.0,12.0,11.0,0.0,0.0,0.0,0.0,7.0,16.0,12.0,7.0,0.0,0.0,2
0.0,0.0,2.0,12.0,12.0,2.0,0.0,0.0,0.0,0.0,10.0,16.0,16.0,9.0,0.0,0.0,0.0,3.0,16.0,16.0,8.0,15.0,3.0,0.0,0.0,6.0,16.0,6.0,0.0,13.0,8.0,0.0,0.0,8.0,16.0,4.0,0.0,15.0,8.0,0.0,0.0,5.0,16.0,8.0,12.0,16.0,6.0,0.0,0.0,0.0,15.0,16.0,16.0,15.0,2.0,0.0,0.0,0.0,3.0,13.0,12.0,3.0,0.0,0.0,0
0.0,0.0,0.0,14.0,7.0,0.0,0.0,0.0,0.0,1.0,9.0,16.0,16.0,3.0,0.0,0.0,0.0,4.0,16.0,8.0,11.0,11.0,0.0,0.0,0.0,3.0,16.0,7.0,4.0,16.0,4.0,0.0,0.0,8.0,16.0,4.0,0.0,16.0,8.0,0.0,0.0,5.0,16.0,10.0,0.0,13.0,11.0,0.0,0.0,0.0,13.0,16.0,16.0,16.0,9.0,0.0,0.0,0.0,2.0,10.0,13.0,6.0,0.0,0.0,0
0.0,0.0,0.0,0.0,7.0,14.0,7.0,0.0,0.0,0.0,0.0,3.0,16.0,16.0,9.0,0.0,0.0,0.0,6.0,15.0,16.0,16.0,6.0,0.0,0.0,5.0,16.0,16.0,16.0,16.0,2.0,0.0,0.0,4.0,8.0,8.0,16.0,16.0,0.0,0.0,0.0,0.0,0.0,3.0,16.0,16.0,3.0,0.0,0.0,0.0,0.0,1.0,13.0,16.0,0.0,0.0,0.0,0.0,0.0,0.0,8.0,15.0,0.0,0.0,1
0.0,0.0,8.0,16.0,13.0,0.0,0.0,0.0,0.0,0.0,7.0,14.0,16.0,4.0,0.0,0.0,0.0,0.0,1.0,12.0,16.0,13.0,12.0,1.0,0.0,0.0,11.0,16.0,16.0,14.0,9.0,0.0,0.0,0.0,10.0,16.0,14.0,1.0,0.0,0.0,0.0,0.0,0.0,14.0,9.0,0.0,0.0,0.0,0.0,0.0,3.0,16.0,1.0,0.0,0.0,0.0,0.0,0.0,12.0,9.0,0.0,0.0,0.0,0.0,7
0.0,0.0,3.0,14.0,3.0,0.0,0.0,0.0,0.0,0.0,13.0,13.0,0.0,0.0,0.0,0.0,0.0,0.0,16.0,7.0,0.0,0.0,0.0,0.0,0.0,5.0,16.0,3.0,0.0,0.0,0.0,0.0,0.0,3.0,16.0,7.0,4.0,2.0,0.0,0.0,0.0,4.0,16.0,16.0,16.0,16.0,7.0,0.0,0.0,1.0,14.0,15.0,4.0,11.0,15.0,0.0,0.0,0.0,5.0,14.0,16.0,12.0,6.0,0.0,6
0.0,2.0,14.0,16.0,12.0,6.0,0.0,0.0,0.0,1.0,10.0,8.0,14.0,16.0,1.0,0.0,0.0,0.0,0.0,0.0,10.0,15.0,2.0,0.0,0.0,0.0,0.0,2.0,16.0,12.0,0.0,0.0,0.0,0.0,0.0,3.0,16.0,12.0,0.0,0.0,0.0,0.0,0.0,0.0,11.0,16.0,2.0,0.0,0.0,0.0,7.0,10.0,15.0,15.0,2.0,0.0,0.0,3.0,13.0,11.0,7.0,2.0,0.0,0.0,3
0.0,0.0,10.0,16.0,9.0,0.0,0.0,0.0,0.0,4.0,16.0,16.0,16.0,0.0,0.0,0.0,0.0,2.0,12.0,9.0,15.0,0.0,0.0,0.0,0.0,0.0,0.0,11.0,11.0,0.0,0.0,0.0,0.0,0.0,1.0,16.0,7.0,0.0,0.0,0.0,0.0,0.0,9.0,16.0,2.0,0.0,0.0,0.0,0.0,0.0,15.0,16.0,8.0,5.0,0.0,0.0,0.0,0.0,11.0,16.0,16.0,16.0,2.0,0.0,2
0.0,0.0,0.0,0.0,7.0,15.0,1.0,0.0,0.0,0.0,0.0,0.0,11.0,16.0,0.0,0.0,0.0,0.0,0.0,0.0,16.0,14.0,0.0,0.0,0.0,0.0,0.0,10.0,16.0,15.0,0.0,0.0,0.0,0.0,12.0,16.0,16.0,11.0,0.0,0.0,0.0,5.0,16.0,6.0,15.0,12.0,0.0,0.0,0.0,0.0,1.0,0.0,12.0,16.0,0.0,0.0,0.0,0.0,0.0,0.0,4.0,15.0,4.0,0.0,1
0.0,0.0,9.0,16.0,3.0,0.0,0.0,0.0,0.0,0.0,11.0,16.0,14.0,1.0,0.0,0.0,0.0,0.0,0.0,11.0,16.0,4.0,0.0,0.0,0.0,0.0,0.0,8.0,16.0,10.0,1.0,0.0,0.0,1.0,12.0,16.0,16.0,16.0,9.0,0.0,0.0,1.0,11.0,16.0,11.0,4.0,0.0,0.0,0.0,0.0,6.0,16.0,4.0,0.0,0.0,0.0,0.0,0.0,11.0,11.0,0.0,0.0,0.0,0.0,7
0.0,0.0,15.0,16.0,11.0,3.0,0.0,0.0,0.0,0.0,4.0,10.0,15.0,15.0,3.0,0.0,0.0,0.0,0.0,0.0,14.0,16.0,5.0,0.0,0.0,0.0,0.0,5.0,16.0,12.0,0.0,0.0,0.0,0.0,0.0,3.0,16.0,11.0,1.0,0.0,0.0,0.0,0.0,2.0,13.0,16.0,9.0,0.0,0.0,0.0,6.0,15.0,16.0,12.0,3.0,0.0,0.0,0.0,15.0,14.0,7.0,1.0,0.0,0.0,3
0.0,0.0,0.0,0.0,3.0,15.0,6.0,0.0,0.0,0.0,0.0,0.0,11.0,16.0,7.0,0.0,0.0,0.0,0.0,9.0,16.0,16.0,4.0,0.0,0.0,0.0,10.0,16.0,16.0,16.0,4.0,0.0,0.0,4.0,16.0,7.0,8.0,16.0,4.0,0.0,0.0,1.0,4.0,0.0,10.0,16.0,2.0,0.0,0.0,0.0,0.0,0.0,7.0,16.0,1.0,0.0,0.0,0.0,0.0,0.0,3.0,16.0,1.0,0.0,1
0.0,1.0,12.0,12.0,13.0,8.0,1.0,0.0,0.0,0.0,8.0,9.0,15.0,16.0,2.0,0.0,0.0,0.0,0.0,3.0,16.0,10.0,0.0,0.0,0.0,0.0,0.0,7.0,16.0,6.0,0.0,0.0,0.0,0.0,0.0,5.0,16.0,10.0,0.0,0.0,0.0,0.0,0.0,0.0,7.0,16.0,7.0,0.0,0.0,0.0,3.0,8.0,15.0,13.0,2.0,0.0,0.0,2.0,14.0,16.0,10.0,1.0,0.0,0.0,3
0.0,0.0,11.0,16.0,8.0,0.0,0.0,0.0,0.0,6.0,16.0,11.0,13.0,9.0,0.0,0.0,0.0,7.0,16.0,0.0,9.0,16.0,0.0,0.0,0.0,2.0,15.0,12.0,16.0,16.0,3.0,0.0,0.0,0.0,5.0,7.0,7.0,16.0,4.0,0.0,0.0,0.0,0.0,0.0,5.0,16.0,5.0,0.0,0.0,0.0,3.0,7.0,16.0,11.0,0.0,0.0,0.0,0.0,13.0,16.0,11.0,1.0,0.0,0.0,9
0.0,0.0,0.0,4.0,14.0,14.0,5.0,0.0,0.0,0.0,0.0,9.0,16.0,16.0,7.0,0.0,0.0,0.0,5.0,15.0,16.0,15.0,3.0,0.0,0.0,4.0,15.0,16.0,16.0,12.0,0.0,0.0,0.0,5.0,16.0,16.0,16.0,12.0,0.0,0.0,0.0,0.0,0.0,12.0,16.0,13.0,1.0,0.0,0.0,0.0,0.0,8.0,16.0,16.0,7.0,0.0,0.0,0.0,0.0,4.0,14.0,15.0,6.0,0.0,1
0.0,0.0,4.0,15.0,16.0,16.0,5.0,0.0,0.0,0.0,6.0,9.0,11.0,16.0,11.0,0.0,0.0,0.0,0.0,0.0,3.0,16.0,5.0,0.0,0.0,0.0,0.0,3.0,14.0,16.0,10.0,0.0,0.0,0.0,7.0,16.0,16.0,11.0,3.0,0.0,0.0,0.0,8.0,15.0,13.0,0.0,0.0,0.0,0.0,0.0,5.0,16.0,7.0,0.0,0.0,0.0,0.0,0.0,7.0,14.0,2.0,0.0,0.0,0.0,7
0.0,0.0,0.0,8.0,12.0,1.0,0.0,0.0,0.0,0.0,1.0,15.0,12.0,1.0,0.0,0.0,0.0,0.0,6.0,16.0,3.0,0.0,0.0,0.0,0.0,0.0,7.0,16.0,1.0,0.0,0.0,0.0,0.0,1.0,16.0,16.0,14.0,5.0,0.0,0.0,0.0,1.0,12.0,16.0,6.0,14.0,9.0,0.0,0.0,0.0,2.0,16.0,6.0,10.0,15.0,0.0,0.0,0.0,0.0,6.0,16.0,16.0,11.0,0.0,6
0.0,0.0,0.0,10.0,12.0,3.0,0.0,0.0,0.0,0.0,8.0,16.0,15.0,14.0,0.0,0.0,0.0,0.0,5.0,16.0,10.0,16.0,1.0,0.0,0.0,0.0,5.0,16.0,16.0,10.0,1.0,0.0,0.0,1.0,16.0,12.0,16.0,8.0,0.0,0.0,0.0,1.0,16.0,3.0,4.0,16.0,4.0,0.0,0.0,0.0,12.0,11.0,4.0,16.0,9.0,0.0,0.0,0.0,2.0,10.0,14.0,13.0,4.0,0.0,8
0.0,0.0,0.0,7.0,15.0,1.0,0.0,0.0,0.0,0.0,0.0,15.0,16.0,1.0,0.0,0.0,0.0,0.0,9.0,16.0,16.0,2.0,0.0,0.0,0.0,2.0,16.0,16.0,16.0,0.0,0.0,0.0,0.0,10.0,16.0,16.0,16.0,16.0,8.0,0.0,0.0,8.0,15.0,15.0,14.0,8.0,5.0,0.0,0.0,0.0,0.0,11.0,12.0,0.0,0.0,0.0,0.0,0.0,0.0,6.0,15.0,1.0,0.0,0.0,4
0.0,2.0,11.0,16.0,16.0,8.0,1.0,0.0,0.0,2.0,12.0,9.0,9.0,16.0,10.0,0.0,0.0,0.0,0.0,0.0,4.0,16.0,9.0,0.0,0.0,0.0,0.0,2.0,15.0,16.0,0.0,0.0,0.0,0.0,0.0,3.0,16.0,14.0,0.0,0.0,0.0,0.0,0.0,0.0,13.0,16.0,3.0,0.0,0.0,0.0,4.0,11.0,16.0,8.0,0.0,0.0,0.0,3.0,15.0,12.0,4.0,0.0,0.0,0.0,3
0.0,0.0,0.0,1.0,16.0,11.0,0.0,0.0,0.0,0.0,0.0,1.0,16.0,16.0,4.0,0.0,0.0,0.0,0.0,8.0,16.0,16.0,0.0,0.0,0.0,0.0,10.0,16.0,16.0,16.0,1.0,0.0,0.0,6.0,16.0,14.0,16.0,15.0,0.0,0.0,0.0,1.0,3.0,5.0,16.0,12.0,0.0,0.0,0.0,0.0,0.0,4.0,16.0,12.0,0.0,0.0,0.0,0.0,0.0,2.0,15.0,12.0,0.0,0.0,1
0.0,0.0,0.0,2.0,15.0,8.0,0.0,0.0,0.0,0.0,0.0,11.0,16.0,4.0,0.0,0.0,0.0,0.0,9.0,16.0,16.0,0.0,0.0,0.0,0.0,3.0,15.0,16.0,16.0,0.0,0.0,0.0,0.0,12.0,16.0,16.0,16.0,14.0,6.0,0.0,0.0,6.0,12.0,14.0,16.0,12.0,5.0,0.0,0.0,0.0,0.0,8.0,13.0,0.0,0.0,0.0,0.0,0.0,0.0,2.0,14.0,1.0,0.0,0.0,4
0.0,0.0,4.0,12.0,10.0,1.0,0.0,0.0,0.0,3.0,16.0,13.0,15.0,10.0,0.0,0.0,0.0,5.0,16.0,2.0,1.0,14.0,3.0,0.0,0.0,8.0,13.0,0.0,0.0,10.0,8.0,0.0,0.0,8.0,12.0,0.0,0.0,8.0,8.0,0.0,0.0,8.0,14.0,0.0,0.0,11.0,8.0,0.0,0.0,3.0,16.0,14.0,13.0,16.0,2.0,0.0,0.0,0.0,8.0,16.0,13.0,5.0,0.0,0.0,0
0.0,3.0,15.0,13.0,12.0,8.0,1.0,0.0,0.0,4.0,16.0,14.0,12.0,12.0,2.0,0.0,0.0,0.0,16.0,4.0,0.0,0.0,0.0,0.0,0.0,0.0,12.0,9.0,0.0,0.0,0.0,0.0,0.0,0.0,7.0,16.0,3.0,0.0,0.0,0.0,0.0,0.0,0.0,14.0,8.0,0.0,0.0,0.0,0.0,0.0,5.0,15.0,10.0,0.0,0.0,0.0,0.0,2.0,15.0,16.0,2.0,0.0,0.0,0.0,5
0.0,0.0,5.0,11.0,16.0,16.0,8.0,0.0,0.0,0.0,15.0,14.0,8.0,12.0,15.0,0.0,0.0,0.0,0.0,0.0,2.0,14.0,9.0,0.0,0.0,0.0,0.0,0.0,11.0,12.0,1.0,0.0,0.0,0.0,0.0,1.0,16.0,5.0,0.0,0.0,0.0,0.0,0.0,1.0,14.0,9.0,0.0,0.0,0.0,0.0,1.0,4.0,15.0,9.0,0.0,0.0,0.0,0.0,7.0,16.0,11.0,2.0,0.0,0.0,3
0.0,0.0,0.0,11.0,14.0,0.0,0.0,0.0,0.0,0.0,10.0,16.0,4.0,0.0,0.0,0.0,0.0,1.0,15.0,11.0,0.0,0.0,0.0,0.0,0.0,3.0,16.0,12.0,8.0,2.0,0.0,0.0,0.0,7.0,16.0,16.0,12.0,14.0,3.0,0.0,0.0,4.0,16.0,8.0,0.0,10.0,9.0,0.0,0.0,1.0,12.0,15.0,9.0,14.0,10.0,0.0,0.0,0.0,2.0,10.0,13.0,11.0,1.0,0.0,6
0.0,0.0,5.0,15.0,7.0,0.0,0.0,0.0,0.0,0.0,14.0,16.0,16.0,5.0,0.0,0.0,0.0,0.0,13.0,14.0,14.0,15.0,0.0,0.0,0.0,0.0,3.0,11.0,14.0,16.0,3.0,0.0,0.0,0.0,0.0,0.0,6.0,16.0,2.0,0.0,0.0,0.0,0.0,0.0,4.0,16.0,7.0,0.0,0.0,0.0,0.0,1.0,11.0,16.0,6.0,0.0,0.0,0.0,4.0,15.0,16.0,10.0,0.0,0.0,9
0.0,0.0,3.0,15.0,4.0,0.0,0.0,0.0,0.0,0.0,12.0,16.0,2.0,0.0,0.0,0.0,0.0,1.0,16.0,7.0,1.0,0.0,0.0,0.0,0.0,3.0,16.0,1.0,6.0,1.0,0.0,0.0,0.0,3.0,15.0,8.0,12.0,13.0,3.0,0.0,0.0,2.0,16.0,2.0,0.0,7.0,12.0,0.0,0.0,0.0,13.0,9.0,4.0,9.0,15.0,0.0,0.0,0.0,3.0,13.0,16.0,15.0,5.0,0.0,6
0.0,0.0,0.0,0.0,10.0,13.0,7.0,0.0,0.0,0.0,0.0,5.0,16.0,16.0,11.0,0.0,0.0,0.0,4.0,14.0,16.0,16.0,7.0,0.0,0.0,3.0,14.0,16.0,16.0,16.0,4.0,0.0,0.0,7.0,16.0,16.0,16.0,16.0,4.0,0.0,0.0,0.0,2.0,13.0,16.0,16.0,3.0,0.0,0.0,0.0,0.0,11.0,16.0,16.0,0.0,0.0,0.0,0.0,0.0,2.0,13.0,16.0,1.0,0.0,1
0.0,0.0,9.0,15.0,16.0,5.0,0.0,0.0,0.0,0.0,16.0,16.0,16.0,13.0,0.0,0.0,0.0,0.0,0.0,3.0,16.0,11.0,0.0,0.0,0.0,0.0,2.0,7.0,16.0,13.0,10.0,0.0,0.0,2.0,15.0,16.0,16.0,12.0,4.0,0.0,0.0,3.0,13.0,16.0,10.0,0.0,0.0,0.0,0.0,0.0,7.0,16.0,2.0,0.0,0.0,0.0,0.0,0.0,12.0,13.0,0.0,0.0,0.0,0.0,7
0.0,0.0,13.0,16.0,12.0,7.0,0.0,0.0,0.0,4.0,16.0,15.0,12.0,12.0,3.0,0.0,0.0,4.0,16.0,5.0,0.0,0.0,0.0,0.0,0.0,3.0,16.0,9.0,0.0,0.0,0.0,0.0,0.0,0.0,15.0,16.0,2.0,0.0,0.0,0.0,0.0,0.0,4.0,16.0,14.0,0.0,0.0,0.0,0.0,1.0,9.0,14.0,16.0,0.0,0.0,0.0,0.0,1.0,13.0,16.0,10.0,0.0,0.0,0.0,5
0.0,0.0,0.0,3.0,13.0,1.0,0.0,0.0,0.0,0.0,0.0,8.0,16.0,3.0,0.0,0.0,0.0,0.0,1.0,15.0,16.0,4.0,0.0,0.0,0.0,0.0,8.0,16.0,16.0,1.0,0.0,0.0,0.0,2.0,16.0,14.0,16.0,5.0,1.0,0.0,0.0,11.0,16.0,16.0,16.0,16.0,10.0,0.0,0.0,5.0,8.0,11.0,16.0,4.0,1.0,0.0,0.0,0.0,0.0,2.0,16.0,2.0,0.0,0.0,4
0.0,0.0,0.0,0.0,15.0,9.0,0.0,0.0,0.0,0.0,0.0,8.0,16.0,5.0,0.0,0.0,0.0,0.0,1.0,16.0,16.0,5.0,0.0,0.0,0.0,0.0,11.0,16.0,16.0,1.0,1.0,0.0,0.0,6.0,16.0,16.0,16.0,15.0,9.0,0.0,0.0,7.0,15.0,16.0,16.0,10.0,1.0,0.0,0.0,0.0,1.0,7.0,16.0,1.0,0.0,0.0,0.0,0.0,0.0,1.0,15.0,5.0,0.0,0.0,4
0.0,0.0,7.0,15.0,6.0,0.0,0.0,0.0,0.0,0.0,2.0,14.0,15.0,2.0,0.0,0.0,0.0,0.0,0.0,5.0,16.0,6.0,0.0,0.0,0.0,0.0,0.0,5.0,16.0,9.0,2.0,0.0,0.0,5.0,14.0,16.0,15.0,11.0,4.0,0.0,0.0,5.0,7.0,12.0,11.0,0.0,0.0,0.0,0.0,0.0,4.0,15.0,1.0,0.0,0.0,0.0,0.0,0.0,10.0,11.0,0.0,0.0,0.0,0.0,7
0.0,2.0,15.0,13.0,0.0,0.0,0.0,0.0,0.0,12.0,16.0,16.0,3.0,0.0,0.0,0.0,0.0,5.0,13.0,16.0,4.0,0.0,0.0,0.0,0.0,0.0,8.0,16.0,4.0,0.0,0.0,0.0,0.0,0.0,8.0,16.0,4.0,0.0,0.0,0.0,0.0,0.0,12.0,16.0,0.0,0.0,0.0,0.0,0.0,0.0,16.0,16.0,16.0,14.0,6.0,0.0,0.0,1.0,16.0,16.0,16.0,12.0,7.0,0.0,2
0.0,0.0,2.0,12.0,12.0,0.0,0.0,0.0,0.0,0.0,7.0,16.0,15.0,9.0,1.0,0.0,0.0,0.0,6.0,14.0,13.0,15.0,3.0,0.0,0.0,0.0,1.0,16.0,16.0,4.0,0.0,0.0,0.0,0.0,7.0,16.0,14.0,0.0,0.0,0.0,0.0,1.0,15.0,9.0,16.0,5.0,0.0,0.0,0.0,2.0,13.0,13.0,16.0,10.0,0.0,0.0,0.0,0.0,1.0,11.0,12.0,5.0,0.0,0.0,8
0.0,2.0,15.0,15.0,5.0,0.0,0.0,0.0,0.0,5.0,16.0,16.0,11.0,0.0,0.0,0.0,0.0,9.0,15.0,16.0,12.0,0.0,0.0,0.0,0.0,0.0,4.0,16.0,6.0,0.0,0.0,0.0,0.0,0.0,8.0,16.0,2.0,0.0,0.0,0.0,0.0,1.0,14.0,13.0,0.0,0.0,0.0,0.0,0.0,4.0,16.0,14.0,14.0,16.0,5.0,0.0,0.0,2.0,14.0,16.0,13.0,9.0,1.0,0.0,2
0.0,0.0,4.0,14.0,16.0,4.0,0.0,0.0,0.0,3.0,16.0,16.0,16.0,6.0,0.0,0.0,0.0,8.0,16.0,12.0,16.0,7.0,0.0,0.0,0.0,3.0,5.0,12.0,15.0,0.0,0.0,0.0,0.0,0.0,0.0,15.0,12.0,0.0,0.0,0.0,0.0,0.0,6.0,16.0,2.0,0.0,0.0,0.0,0.0,0.0,8.0,16.0,12.0,5.0,1.0,0.0,0.0,0.0,4.0,16.0,16.0,15.0,4.0,0.0,2
0.0,3.0,11.0,15.0,12.0,7.0,1.0,0.0,0.0,4.0,16.0,13.0,11.0,9.0,6.0,0.0,0.0,4.0,15.0,0.0,0.0,0.0,0.0,0.0,0.0,3.0,16.0,8.0,0.0,0.0,0.0,0.0,0.0,0.0,11.0,16.0,8.0,0.0,0.0,0.0,0.0,0.0,0.0,13.0,12.0,0.0,0.0,0.0,0.0,1.0,7.0,16.0,3.0,0.0,0.0,0.0,0.0,5.0,13.0,6.0,0.0,0.0,0.0,0.0,5
0.0,4.0,13.0,9.0,8.0,3.0,0.0,0.0,0.0,5.0,16.0,14.0,12.0,12.0,6.0,0.0,0.0,8.0,16.0,1.0,0.0,0.0,0.0,0.0,0.0,3.0,16.0,11.0,1.0,0.0,0.0,0.0,0.0,0.0,8.0,16.0,9.0,0.0,0.0,0.0,0.0,0.0,0.0,10.0,16.0,0.0,0.0,0.0,0.0,1.0,1.0,12.0,14.0,0.0,0.0,0.0,0.0,4.0,14.0,14.0,3.0,0.0,0.0,0.0,5
0.0,0.0,0.0,0.0,13.0,11.0,0.0,0.0,0.0,0.0,0.0,8.0,16.0,5.0,0.0,0.0,0.0,0.0,3.0,15.0,16.0,4.0,0.0,0.0,0.0,0.0,8.0,15.0,16.0,10.0,1.0,0.0,0.0,4.0,16.0,14.0,16.0,16.0,11.0,0.0,0.0,7.0,16.0,13.0,15.0,14.0,3.0,0.0,0.0,0.0,0.0,0.0,16.0,11.0,0.0,0.0,0.0,0.0,0.0,0.0,12.0,11.0,0.0,0.0,4
0.0,0.0,3.0,14.0,13.0,1.0,0.0,0.0,0.0,0.0,9.0,16.0,16.0,9.0,0.0,0.0,0.0,0.0,8.0,16.0,11.0,15.0,1.0,0.0,0.0,0.0,2.0,14.0,16.0,15.0,2.0,0.0,0.0,0.0,6.0,16.0,16.0,6.0,0.0,0.0,0.0,0.0,15.0,11.0,10.0,12.0,0.0,0.0,0.0,1.0,16.0,11.0,11.0,15.0,0.0,0.0,0.0,0.0,5.0,13.0,15.0,7.0,0.0,0.0,8
0.0,0.0,2.0,16.0,10.0,1.0,0.0,0.0,0.0,0.0,7.0,16.0,16.0,12.0,0.0,0.0,0.0,0.0,3.0,16.0,16.0,15.0,0.0,0.0,0.0,0.0,2.0,16.0,14.0,0.0,0.0,0.0,0.0,0.0,8.0,15.0,16.0,6.0,0.0,0.0,0.0,0.0,13.0,8.0,9.0,13.0,0.0,0.0,0.0,0.0,12.0,10.0,7.0,16.0,0.0,0.0,0.0,0.0,3.0,13.0,15.0,10.0,0.0,0.0,8
0.0,0.0,0.0,5.0,16.0,3.0,0.0,0.0,0.0,0.0,1.0,15.0,16.0,4.0,0.0,0.0,0.0,0.0,10.0,16.0,16.0,1.0,0.0,0.0,0.0,3.0,16.0,16.0,15.0,4.0,2.0,0.0,0.0,10.0,16.0,16.0,16.0,16.0,12.0,0.0,0.0,1.0,7.0,14.0,13.0,6.0,5.0,0.0,0.0,0.0,0.0,11.0,12.0,0.0,0.0,0.0,0.0,0.0,0.0,4.0,10.0,0.0,0.0,0.0,4
0.0,0.0,7.0,16.0,11.0,1.0,0.0,0.0,0.0,1.0,15.0,12.0,12.0,12.0,0.0,0.0,0.0,2.0,16.0,2.0,6.0,16.0,2.0,0.0,0.0,1.0,16.0,6.0,6.0,16.0,6.0,0.0,0.0,0.0,7.0,16.0,15.0,16.0,9.0,0.0,0.0,0.0,0.0,0.0,0.0,12.0,11.0,0.0,0.0,0.0,3.0,3.0,6.0,16.0,5.0,0.0,0.0,0.0,8.0,16.0,14.0,6.0,0.0,0.0,9
0.0,0.0,2.0,14.0,13.0,0.0,0.0,0.0,0.0,0.0,10.0,15.0,15.0,8.0,0.0,0.0,0.0,2.0,16.0,7.0,4.0,15.0,0.0,0.0,0.0,4.0,16.0,4.0,0.0,13.0,7.0,0.0,0.0,4.0,16.0,1.0,0.0,10.0,8.0,0.0,0.0,4.0,16.0,5.0,1.0,12.0,11.0,0.0,0.0,1.0,15.0,14.0,13.0,16.0,3.0,0.0,0.0,0.0,3.0,12.0,13.0,5.0,0.0,0.0,0
0.0,0.0,0.0,12.0,15.0,6.0,0.0,0.0,0.0,0.0,5.0,16.0,13.0,15.0,0.0,0.0,0.0,0.0,2.0,16.0,16.0,12.0,1.0,0.0,0.0,0.0,0.0,11.0,16.0,14.0,1.0,0.0,0.0,0.0,7.0,16.0,15.0,10.0,0.0,0.0,0.0,1.0,16.0,8.0,2.0,14.0,5.0,0.0,0.0,0.0,12.0,10.0,4.0,12.0,7.0,0.0,0.0,0.0,2.0,11.0,16.0,13.0,3.0,0.0,8
0.0,0.0,3.0,12.0,5.0,0.0,0.0,0.0,0.0,1.0,15.0,14.0,16.0,6.0,0.0,0.0,0.0,6.0,16.0,0.0,6.0,16.0,6.0,0.0,0.0,5.0,16.0,11.0,14.0,16.0,4.0,0.0,0.0,0.0,8.0,10.0,12.0,16.0,0.0,0.0,0.0,0.0,1.0,1.0,7.0,15.0,1.0,0.0,0.0,0.0,8.0,10.0,10.0,16.0,2.0,0.0,0.0,0.0,2.0,13.0,14.0,7.0,0.0,0.0,9
0.0,0.0,5.0,14.0,15.0,2.0,0.0,0.0,0.0,0.0,13.0,14.0,9.0,10.0,0.0,0.0,0.0,0.0,15.0,8.0,2.0,15.0,3.0,0.0,0.0,0.0,11.0,12.0,9.0,14.0,2.0,0.0,0.0,0.0,7.0,16.0,14.0,2.0,0.0,0.0,0.0,0.0,13.0,14.0,16.0,4.0,0.0,0.0,0.0,3.0,15.0,8.0,14.0,10.0,0.0,0.0,0.0,0.0,6.0,16.0,16.0,8.0,0.0,0.0,8
0.0,0.0,4.0,11.0,15.0,8.0,0.0,0.0,0.0,0.0,13.0,16.0,11.0,13.0,7.0,0.0,0.0,3.0,16.0,12.0,0.0,4.0,8.0,0.0,0.0,6.0,16.0,5.0,0.0,4.0,8.0,0.0,0.0,7.0,9.0,0.0,0.0,9.0,7.0,0.0,0.0,4.0,10.0,0.0,2.0,15.0,2.0,0.0,0.0,1.0,16.0,12.0,14.0,10.0,0.0,0.0,0.0,0.0,4.0,14.0,14.0,1.0,0.0,0.0,0
0.0,0.0,0.0,13.0,15.0,8.0,0.0,0.0,0.0,0.0,1.0,16.0,16.0,10.0,0.0,0.0,0.0,0.0,1.0,16.0,16.0,8.0,0.0,0.0,0.0,0.0,4.0,16.0,16.0,2.0,0.0,0.0,0.0,0.0,11.0,16.0,14.0,0.0,0.0,0.0,0.0,2.0,16.0,16.0,10.0,0.0,0.0,0.0,0.0,0.0,13.0,16.0,15.0,2.0,0.0,0.0,0.0,0.0,1.0,13.0,16.0,4.0,0.0,0.0,1
0.0,0.0,6.0,14.0,8.0,0.0,0.0,0.0,0.0,6.0,16.0,10.0,14.0,4.0,0.0,0.0,0.0,11.0,5.0,0.0,11.0,4.0,0.0,0.0,0.0,4.0,6.0,2.0,16.0,2.0,0.0,0.0,0.0,0.0,0.0,13.0,7.0,0.0,0.0,0.0,0.0,0.0,7.0,14.0,0.0,0.0,0.0,0.0,0.0,0.0,12.0,10.0,8.0,8.0,4.0,0.0,0.0,0.0,7.0,14.0,14.0,14.0,13.0,0.0,2
0.0,0.0,10.0,16.0,10.0,1.0,0.0,0.0,0.0,6.0,14.0,6.0,16.0,3.0,0.0,0.0,0.0,5.0,4.0,5.0,15.0,0.0,0.0,0.0,0.0,0.0,0.0,12.0,14.0,1.0,0.0,0.0,0.0,0.0,0.0,3.0,11.0,15.0,1.0,0.0,0.0,0.0,0.0,0.0,0.0,10.0,8.0,0.0,0.0,0.0,9.0,8.0,8.0,15.0,6.0,0.0,0.0,0.0,9.0,15.0,15.0,9.0,0.0,0.0,3
0.0,0.0,0.0,12.0,4.0,0.0,0.0,0.0,0.0,0.0,6.0,15.0,2.0,0.0,0.0,0.0,0.0,0.0,16.0,5.0,0.0,4.0,4.0,0.0,0.0,4.0,15.0,2.0,3.0,15.0,9.0,0.0,0.0,2.0,15.0,16.0,16.0,16.0,4.0,0.0,0.0,0.0,2.0,8.0,16.0,8.0,0.0,0.0,0.0,0.0,0.0,8.0,15.0,0.0,0.0,0.0,0.0,0.0,0.0,11.0,9.0,0.0,0.0,0.0,4
0.0,0.0,6.0,8.0,12.0,14.0,0.0,0.0,0.0,5.0,16.0,15.0,12.0,7.0,0.0,0.0,0.0,8.0,16.0,13.0,4.0,0.0,0.0,0.0,0.0,2.0,11.0,8.0,14.0,11.0,0.0,0.0,0.0,0.0,0.0,0.0,0.0,15.0,1.0,0.0,0.0,0.0,0.0,0.0,0.0,14.0,5.0,0.0,0.0,1.0,9.0,8.0,12.0,14.0,1.0,0.0,0.0,0.0,10.0,15.0,12.0,3.0,0.0,0.0,5
0.0,0.0,3.0,13.0,6.0,0.0,0.0,0.0,0.0,0.0,10.0,15.0,2.0,0.0,0.0,0.0,0.0,2.0,15.0,3.0,0.0,0.0,0.0,0.0,0.0,4.0,14.0,0.0,0.0,0.0,0.0,0.0,0.0,4.0,14.0,14.0,16.0,13.0,2.0,0.0,0.0,3.0,16.0,9.0,1.0,4.0,12.0,0.0,0.0,0.0,14.0,10.0,5.0,11.0,11.0,0.0,0.0,0.0,3.0,13.0,15.0,8.0,0.0,0.0,6
0.0,0.0,6.0,16.0,16.0,16.0,16.0,10.0,0.0,0.0,6.0,10.0,8.0,14.0,16.0,3.0,0.0,0.0,0.0,0.0,4.0,16.0,8.0,0.0,0.0,0.0,2.0,10.0,14.0,15.0,6.0,0.0,0.0,0.0,6.0,16.0,16.0,16.0,7.0,0.0,0.0,0.0,0.0,15.0,9.0,0.0,0.0,0.0,0.0,0.0,6.0,16.0,6.0,0.0,0.0,0.0,0.0,0.0,10.0,13.0,1.0,0.0,0.0,0.0,7
0.0,0.0,1.0,10.0,13.0,13.0,1.0,0.0,0.0,1.0,13.0,10.0,4.0,14.0,4.0,0.0,0.0,8.0,13.0,0.0,7.0,12.0,0.0,0.0,0.0,2.0,12.0,14.0,15.0,2.0,0.0,0.0,0.0,0.0,5.0,15.0,15.0,2.0,0.0,0.0,0.0,0.0,8.0,7.0,3.0,13.0,3.0,0.0,0.0,0.0,8.0,8.0,0.0,13.0,4.0,0.0,0.0,0.0,1.0,11.0,16.0,16.0,2.0,0.0,8
0.0,0.0,6.0,12.0,13.0,5.0,0.0,0.0,0.0,2.0,16.0,9.0,8.0,15.0,2.0,0.0,0.0,8.0,12.0,0.0,3.0,15.0,8.0,0.0,0.0,4.0,15.0,12.0,16.0,13.0,1.0,0.0,0.0,0.0,2.0,2.0,16.0,6.0,0.0,0.0,0.0,0.0,0.0,1.0,16.0,1.0,0.0,0.0,0.0,0.0,0.0,5.0,16.0,0.0,0.0,0.0,0.0,0.0,3.0,16.0,14.0,0.0,0.0,0.0,9
0.0,0.0,4.0,13.0,8.0,0.0,0.0,0.0,0.0,0.0,13.0,16.0,15.0,7.0,0.0,0.0,0.0,3.0,16.0,9.0,6.0,15.0,6.0,0.0,0.0,8.0,14.0,0.0,0.0,4.0,8.0,0.0,0.0,8.0,12.0,0.0,0.0,4.0,8.0,0.0,0.0,4.0,12.0,0.0,0.0,11.0,6.0,0.0,0.0,0.0,14.0,10.0,12.0,14.0,1.0,0.0,0.0,0.0,7.0,15.0,11.0,2.0,0.0,0.0,0
0.0,0.0,0.0,0.0,14.0,4.0,0.0,0.0,0.0,0.0,0.0,3.0,16.0,11.0,0.0,0.0,0.0,0.0,0.0,10.0,16.0,9.0,0.0,0.0,0.0,0.0,0.0,13.0,16.0,7.0,0.0,0.0,0.0,0.0,12.0,16.0,16.0,4.0,0.0,0.0,0.0,1.0,13.0,12.0,16.0,5.0,0.0,0.0,0.0,0.0,0.0,4.0,16.0,9.0,0.0,0.0,0.0,0.0,0.0,0.0,14.0,10.0,0.0,0.0,1
0.0,0.0,10.0,16.0,11.0,0.0,0.0,0.0,0.0,8.0,15.0,10.0,15.0,2.0,0.0,0.0,0.0,11.0,11.0,2.0,16.0,5.0,0.0,0.0,0.0,7.0,5.0,6.0,16.0,3.0,0.0,0.0,0.0,0.0,1.0,15.0,10.0,0.0,0.0,0.0,0.0,0.0,10.0,16.0,2.0,0.0,0.0,0.0,0.0,0.0,12.0,14.0,8.0,10.0,5.0,0.0,0.0,0.0,12.0,16.0,16.0,16.0,15.0,0.0,2
0.0,0.0,6.0,15.0,16.0,10.0,0.0,0.0,0.0,3.0,16.0,11.0,15.0,10.0,0.0,0.0,0.0,4.0,10.0,10.0,16.0,4.0,0.0,0.0,0.0,0.0,4.0,16.0,15.0,3.0,0.0,0.0,0.0,0.0,1.0,9.0,16.0,15.0,2.0,0.0,0.0,0.0,0.0,0.0,3.0,16.0,6.0,0.0,0.0,0.0,3.0,9.0,12.0,16.0,5.0,0.0,0.0,0.0,9.0,16.0,16.0,8.0,0.0,0.0,3
0.0,0.0,0.0,13.0,12.0,0.0,0.0,0.0,0.0,0.0,6.0,16.0,7.0,0.0,0.0,0.0,0.0,0.0,15.0,15.0,1.0,1.0,4.0,0.0,0.0,6.0,16.0,10.0,9.0,15.0,14.0,0.0,0.0,9.0,16.0,16.0,16.0,16.0,4.0,0.0,0.0,2.0,8.0,12.0,16.0,9.0,0.0,0.0,0.0,0.0,0.0,13.0,16.0,0.0,0.0,0.0,0.0,0.0,0.0,14.0,15.0,1.0,0.0,0.0,4
0.0,0.0,15.0,16.0,16.0,15.0,9.0,0.0,0.0,6.0,16.0,13.0,12.0,12.0,11.0,2.0,0.0,3.0,15.0,14.0,2.0,0.0,0.0,0.0,0.0,0.0,6.0,16.0,5.0,0.0,0.0,0.0,0.0,0.0,0.0,14.0,11.0,0.0,0.0,0.0,0.0,0.0,0.0,12.0,8.0,0.0,0.0,0.0,0.0,1.0,14.0,14.0,10.0,0.0,0.0,0.0,0.0,0.0,13.0,16.0,3.0,0.0,0.0,0.0,5
0.0,0.0,0.0,13.0,9.0,0.0,0.0,0.0,0.0,0.0,8.0,15.0,5.0,0.0,0.0,0.0,0.0,0.0,14.0,8.0,0.0,0.0,0.0,0.0,0.0,2.0,16.0,3.0,0.0,2.0,0.0,0.0,0.0,0.0,16.0,13.0,16.0,16.0,6.0,0.0,0.0,1.0,16.0,11.0,4.0,7.0,12.0,0.0,0.0,0.0,11.0,12.0,5.0,13.0,9.0,0.0,0.0,0.0,1.0,12.0,15.0,11.0,2.0,0.0,6
0.0,0.0,4.0,12.0,16.0,10.0,0.0,0.0,0.0,0.0,15.0,12.0,12.0,11.0,0.0,0.0,0.0,0.0,1.0,0.0,9.0,7.0,0.0,0.0,0.0,0.0,4.0,7.0,15.0,13.0,7.0,0.0,0.0,6.0,16.0,16.0,15.0,10.0,3.0,0.0,0.0,1.0,4.0,12.0,7.0,0.0,0.0,0.0,0.0,0.0,2.0,16.0,2.0,0.0,0.0,0.0,0.0,0.0,6.0,12.0,0.0,0.0,0.0,0.0,7
0.0,0.0,2.0,12.0,16.0,10.0,0.0,0.0,0.0,0.0,12.0,7.0,1.0,13.0,4.0,0.0,0.0,3.0,16.0,0.0,8.0,12.0,0.0,0.0,0.0,4.0,16.0,11.0,14.0,1.0,0.0,0.0,0.0,0.0,7.0,16.0,6.0,0.0,0.0,0.0,0.0,0.0,6.0,12.0,15.0,2.0,0.0,0.0,0.0,0.0,8.0,7.0,13.0,4.0,0.0,0.0,0.0,0.0,3.0,13.0,16.0,3.0,0.0,0.0,8
0.0,0.0,4.0,14.0,16.0,15.0,1.0,0.0,0.0,5.0,16.0,8.0,4.0,16.0,7.0,0.0,0.0,8.0,13.0,0.0,4.0,16.0,12.0,0.0,0.0,7.0,16.0,15.0,16.0,13.0,3.0,0.0,0.0,0.0,6.0,12.0,16.0,4.0,0.0,0.0,0.0,0.0,0.0,11.0,12.0,0.0,0.0,0.0,0.0,0.0,0.0,16.0,7.0,0.0,0.0,0.0,0.0,0.0,3.0,16.0,2.0,0.0,0.0,0.0,9
0.0,0.0,5.0,15.0,12.0,8.0,0.0,0.0,0.0,0.0,13.0,16.0,10.0,13.0,3.0,0.0,0.0,5.0,16.0,9.0,0.0,8.0,4.0,0.0,0.0,4.0,13.0,1.0,0.0,4.0,8.0,0.0,0.0,4.0,8.0,0.0,0.0,8.0,4.0,0.0,0.0,1.0,14.0,0.0,0.0,11.0,3.0,0.0,0.0,0.0,12.0,9.0,9.0,15.0,0.0,0.0,0.0,0.0,4.0,14.0,15.0,4.0,0.0,0.0,0
0.0,0.0,0.0,4.0,13.0,13.0,0.0,0.0,0.0,0.0,0.0,10.0,16.0,16.0,1.0,0.0,0.0,0.0,3.0,14.0,16.0,13.0,0.0,0.0,0.0,0.0,8.0,16.0,16.0,5.0,0.0,0.0,0.0,3.0,15.0,16.0,16.0,4.0,0.0,0.0,0.0,4.0,16.0,16.0,16.0,6.0,0.0,0.0,0.0,2.0,8.0,15.0,16.0,9.0,0.0,0.0,0.0,0.0,0.0,4.0,14.0,12.0,0.0,0.0,1
0.0,1.0,13.0,16.0,16.0,4.0,0.0,0.0,0.0,9.0,15.0,6.0,13.0,8.0,0.0,0.0,0.0,5.0,10.0,0.0,12.0,10.0,0.0,0.0,0.0,0.0,0.0,6.0,16.0,5.0,0.0,0.0,0.0,0.0,5.0,16.0,10.0,0.0,0.0,0.0,0.0,2.0,16.0,11.0,0.0,0.0,0.0,0.0,0.0,5.0,16.0,13.0,8.0,8.0,5.0,0.0,0.0,1.0,10.0,14.0,16.0,16.0,16.0,0.0,2
0.0,0.0,8.0,14.0,14.0,4.0,0.0,0.0,0.0,5.0,12.0,4.0,7.0,12.0,0.0,0.0,0.0,4.0,2.0,3.0,13.0,5.0,0.0,0.0,0.0,0.0,0.0,16.0,15.0,1.0,0.0,0.0,0.0,0.0,0.0,3.0,9.0,14.0,1.0,0.0,0.0,0.0,0.0,0.0,0.0,7.0,8.0,0.0,0.0,0.0,3.0,4.0,4.0,13.0,7.0,0.0,0.0,0.0,11.0,16.0,15.0,5.0,0.0,0.0,3
0.0,0.0,1.0,11.0,3.0,0.0,0.0,0.0,0.0,0.0,9.0,16.0,0.0,0.0,0.0,0.0,0.0,1.0,16.0,5.0,0.0,1.0,2.0,0.0,0.0,6.0,16.0,2.0,1.0,13.0,10.0,0.0,0.0,7.0,16.0,9.0,15.0,13.0,0.0,0.0,0.0,2.0,9.0,12.0,16.0,1.0,0.0,0.0,0.0,0.0,0.0,14.0,9.0,0.0,0.0,0.0,0.0,0.0,2.0,16.0,7.0,0.0,0.0,0.0,4
0.0,0.0,11.0,7.0,12.0,15.0,1.0,0.0,0.0,1.0,16.0,14.0,9.0,6.0,0.0,0.0,0.0,8.0,12.0,0.0,0.0,0.0,0.0,0.0,0.0,5.0,14.0,15.0,15.0,5.0,0.0,0.0,0.0,1.0,6.0,4.0,10.0,9.0,0.0,0.0,0.0,0.0,0.0,0.0,4.0,11.0,0.0,0.0,0.0,0.0,10.0,4.0,13.0,8.0,0.0,0.0,0.0,0.0,12.0,16.0,10.0,1.0,0.0,0.0,5
0.0,0.0,4.0,12.0,1.0,0.0,0.0,0.0,0.0,0.0,14.0,13.0,0.0,0.0,0.0,0.0,0.0,2.0,16.0,3.0,0.0,0.0,0.0,0.0,0.0,7.0,13.0,0.0,0.0,0.0,0.0,0.0,0.0,7.0,12.0,7.0,12.0,6.0,2.0,0.0,0.0,4.0,15.0,15.0,12.0,13.0,11.0,0.0,0.0,1.0,13.0,16.0,5.0,11.0,12.0,0.0,0.0,0.0,5.0,13.0,16.0,11.0,1.0,0.0,6
0.0,0.0,4.0,13.0,16.0,16.0,16.0,10.0,0.0,0.0,11.0,15.0,12.0,13.0,16.0,5.0,0.0,0.0,0.0,0.0,0.0,12.0,11.0,0.0,0.0,0.0,1.0,0.0,5.0,15.0,2.0,0.0,0.0,0.0,14.0,13.0,15.0,15.0,6.0,0.0,0.0,0.0,15.0,16.0,15.0,9.0,2.0,0.0,0.0,0.0,1.0,16.0,7.0,0.0,0.0,0.0,0.0,0.0,6.0,14.0,2.0,0.0,0.0,0.0,7
0.0,0.0,2.0,11.0,16.0,12.0,2.0,0.0,0.0,0.0,11.0,7.0,4.0,7.0,8.0,0.0,0.0,5.0,14.0,4.0,0.0,8.0,4.0,0.0,0.0,2.0,15.0,9.0,6.0,11.0,0.0,0.0,0.0,0.0,3.0,16.0,11.0,0.0,0.0,0.0,0.0,0.0,9.0,13.0,11.0,0.0,0.0,0.0,0.0,0.0,12.0,10.0,16.0,1.0,0.0,0.0,0.0,0.0,2.0,12.0,16.0,3.0,0.0,0.0,8
0.0,0.0,9.0,16.0,12.0,2.0,0.0,0.0,0.0,0.0,16.0,3.0,5.0,10.0,0.0,0.0,0.0,0.0,13.0,4.0,14.0,16.0,4.0,0.0,0.0,0.0,4.0,16.0,16.0,16.0,7.0,0.0,0.0,0.0,0.0,3.0,4.0,10.0,4.0,0.0,0.0,0.0,0.0,0.0,0.0,8.0,6.0,0.0,0.0,0.0,12.0,1.0,1.0,13.0,3.0,0.0,0.0,0.0,8.0,15.0,16.0,9.0,0.0,0.0,9
0.0,0.0,2.0,12.0,15.0,12.0,1.0,0.0,0.0,1.0,14.0,14.0,14.0,11.0,8.0,0.0,0.0,5.0,16.0,3.0,0.0,2.0,8.0,0.0,0.0,8.0,14.0,0.0,0.0,6.0,8.0,0.0,0.0,4.0,12.0,0.0,0.0,9.0,4.0,0.0,0.0,1.0,16.0,1.0,1.0,14.0,1.0,0.0,0.0,0.0,11.0,9.0,11.0,8.0,0.0,0.0,0.0,0.0,2.0,13.0,14.0,1.0,0.0,0.0,0
0.0,0.0,3.0,11.0,13.0,5.0,0.0,0.0,0.0,0.0,10.0,12.0,5.0,16.0,0.0,0.0,0.0,0.0,7.0,10.0,6.0,15.0,4.0,0.0,0.0,0.0,2.0,13.0,16.0,14.0,6.0,0.0,0.0,0.0,0.0,0.0,0.0,7.0,9.0,0.0,0.0,0.0,0.0,0.0,0.0,4.0,11.0,0.0,0.0,0.0,9.0,7.0,0.0,8.0,11.0,0.0,0.0,0.0,3.0,9.0,16.0,16.0,6.0,0.0,9
0.0,0.0,6.0,8.0,8.0,13.0,3.0,0.0,0.0,1.0,14.0,14.0,12.0,9.0,3.0,0.0,0.0,4.0,16.0,8.0,2.0,0.0,0.0,0.0,0.0,4.0,16.0,13.0,15.0,7.0,0.0,0.0,0.0,0.0,0.0,0.0,3.0,15.0,0.0,0.0,0.0,0.0,0.0,0.0,3.0,15.0,0.0,0.0,0.0,0.0,6.0,8.0,13.0,8.0,0.0,0.0,0.0,0.0,9.0,15.0,8.0,0.0,0.0,0.0,5
0.0,0.0,3.0,8.0,9.0,9.0,0.0,0.0,0.0,6.0,16.0,12.0,8.0,5.0,0.0,0.0,0.0,11.0,13.0,0.0,0.0,0.0,0.0,0.0,0.0,9.0,16.0,10.0,5.0,0.0,0.0,0.0,0.0,0.0,3.0,8.0,13.0,10.0,1.0,0.0,0.0,0.0,0.0,0.0,0.0,10.0,7.0,0.0,0.0,0.0,5.0,2.0,4.0,13.0,8.0,0.0,0.0,0.0,7.0,16.0,14.0,8.0,0.0,0.0,5
0.0,0.0,0.0,8.0,15.0,2.0,0.0,0.0,0.0,0.0,6.0,16.0,5.0,0.0,0.0,0.0,0.0,0.0,12.0,8.0,0.0,0.0,0.0,0.0,0.0,0.0,13.0,6.0,0.0,0.0,0.0,0.0,0.0,0.0,12.0,12.0,16.0,14.0,0.0,0.0,0.0,0.0,14.0,15.0,6.0,8.0,11.0,0.0,0.0,3.0,12.0,14.0,5.0,10.0,13.0,0.0,0.0,0.0,0.0,9.0,16.0,13.0,5.0,0.0,6
0.0,1.0,5.0,11.0,15.0,4.0,0.0,0.0,0.0,8.0,16.0,13.0,6.0,2.0,0.0,0.0,0.0,11.0,7.0,0.0,0.0,0.0,0.0,0.0,0.0,11.0,16.0,16.0,11.0,2.0,0.0,0.0,0.0,0.0,4.0,4.0,5.0,12.0,3.0,0.0,0.0,0.0,0.0,0.0,0.0,5.0,11.0,0.0,0.0,0.0,1.0,6.0,0.0,10.0,11.0,0.0,0.0,0.0,2.0,12.0,16.0,15.0,2.0,0.0,5
0.0,0.0,9.0,16.0,15.0,14.0,1.0,0.0,0.0,1.0,15.0,15.0,5.0,10.0,7.0,0.0,0.0,6.0,16.0,1.0,0.0,1.0,8.0,0.0,0.0,8.0,13.0,0.0,0.0,4.0,8.0,0.0,0.0,7.0,6.0,0.0,0.0,6.0,6.0,0.0,0.0,5.0,9.0,0.0,0.0,13.0,1.0,0.0,0.0,0.0,16.0,5.0,12.0,12.0,0.0,0.0,0.0,0.0,8.0,15.0,10.0,1.0,0.0,0.0,0
0.0,0.0,7.0,13.0,16.0,7.0,0.0,0.0,0.0,2.0,16.0,6.0,5.0,12.0,1.0,0.0,0.0,4.0,12.0,0.0,1.0,16.0,4.0,0.0,0.0,1.0,12.0,12.0,13.0,16.0,3.0,0.0,0.0,0.0,0.0,4.0,8.0,13.0,0.0,0.0,0.0,0.0,0.0,0.0,4.0,13.0,0.0,0.0,0.0,0.0,8.0,3.0,10.0,10.0,0.0,0.0,0.0,0.0,6.0,15.0,15.0,3.0,0.0,0.0,9
0.0,0.0,4.0,15.0,14.0,10.0,1.0,0.0,0.0,0.0,7.0,9.0,0.0,9.0,8.0,0.0,0.0,0.0,11.0,9.0,2.0,13.0,7.0,0.0,0.0,0.0,4.0,15.0,14.0,4.0,0.0,0.0,0.0,0.0,6.0,15.0,15.0,1.0,0.0,0.0,0.0,4.0,14.0,1.0,13.0,7.0,0.0,0.0,0.0,7.0,13.0,1.0,5.0,13.0,0.0,0.0,0.0,0.0,7.0,14.0,16.0,16.0,1.0,0.0,8
0.0,0.0,4.0,12.0,16.0,12.0,0.0,0.0,0.0,5.0,16.0,8.0,4.0,12.0,2.0,0.0,0.0,12.0,6.0,0.0,0.0,13.0,4.0,0.0,0.0,6.0,16.0,13.0,16.0,16.0,7.0,0.0,0.0,0.0,3.0,4.0,1.0,8.0,8.0,0.0,0.0,0.0,0.0,0.0,0.0,4.0,12.0,0.0,0.0,0.0,8.0,9.0,2.0,9.0,9.0,0.0,0.0,0.0,2.0,13.0,16.0,15.0,3.0,0.0,9
0.0,0.0,5.0,12.0,15.0,10.0,1.0,0.0,0.0,2.0,14.0,7.0,4.0,9.0,7.0,0.0,0.0,7.0,15.0,7.0,0.0,9.0,8.0,0.0,0.0,1.0,5.0,15.0,11.0,13.0,3.0,0.0,0.0,0.0,3.0,15.0,16.0,5.0,0.0,0.0,0.0,0.0,15.0,9.0,12.0,7.0,0.0,0.0,0.0,0.0,15.0,5.0,8.0,12.0,0.0,0.0,0.0,0.0,4.0,14.0,16.0,11.0,0.0,0.0,8
0.0,0.0,0.0,7.0,10.0,0.0,0.0,0.0,0.0,0.0,3.0,15.0,5.0,0.0,0.0,0.0,0.0,0.0,11.0,11.0,0.0,2.0,2.0,0.0,0.0,5.0,14.0,2.0,1.0,13.0,7.0,0.0,0.0,7.0,15.0,2.0,8.0,16.0,3.0,0.0,0.0,3.0,14.0,16.0,16.0,8.0,0.0,0.0,0.0,0.0,0.0,7.0,16.0,0.0,0.0,0.0,0.0,0.0,0.0,6.0,16.0,2.0,0.0,0.0,4
0.0,0.0,7.0,12.0,9.0,0.0,0.0,0.0,0.0,0.0,12.0,16.0,16.0,1.0,0.0,0.0,0.0,0.0,11.0,16.0,16.0,0.0,0.0,0.0,0.0,0.0,12.0,16.0,16.0,0.0,0.0,0.0,0.0,0.0,13.0,16.0,16.0,0.0,0.0,0.0,0.0,0.0,13.0,16.0,16.0,0.0,0.0,0.0,0.0,1.0,14.0,16.0,16.0,1.0,0.0,0.0,0.0,0.0,4.0,12.0,12.0,9.0,0.0,0.0,1
0.0,0.0,6.0,16.0,16.0,9.0,0.0,0.0,0.0,0.0,14.0,9.0,12.0,11.0,0.0,0.0,0.0,0.0,1.0,0.0,9.0,6.0,0.0,0.0,0.0,0.0,1.0,6.0,16.0,10.0,6.0,0.0,0.0,0.0,10.0,16.0,14.0,11.0,5.0,0.0,0.0,0.0,5.0,15.0,2.0,0.0,0.0,0.0,0.0,0.0,3.0,13.0,0.0,0.0,0.0,0.0,0.0,0.0,7.0,8.0,0.0,0.0,0.0,0.0,7
0.0,0.0,1.0,11.0,16.0,16.0,10.0,0.0,0.0,0.0,13.0,14.0,8.0,12.0,11.0,0.0,0.0,0.0,4.0,0.0,0.0,13.0,4.0,0.0,0.0,0.0,0.0,0.0,3.0,15.0,0.0,0.0,0.0,0.0,2.0,15.0,16.0,16.0,9.0,0.0,0.0,0.0,3.0,13.0,16.0,8.0,1.0,0.0,0.0,0.0,0.0,7.0,10.0,0.0,0.0,0.0,0.0,0.0,0.0,13.0,3.0,0.0,0.0,0.0,7
0.0,0.0,7.0,15.0,16.0,12.0,0.0,0.0,0.0,4.0,16.0,11.0,12.0,12.0,0.0,0.0,0.0,2.0,7.0,1.0,13.0,11.0,0.0,0.0,0.0,0.0,0.0,13.0,16.0,6.0,0.0,0.0,0.0,0.0,0.0,11.0,15.0,16.0,3.0,0.0,0.0,0.0,0.0,0.0,1.0,15.0,8.0,0.0,0.0,0.0,5.0,16.0,12.0,15.0,8.0,0.0,0.0,0.0,7.0,16.0,16.0,13.0,2.0,0.0,3
0.0,0.0,6.0,14.0,14.0,13.0,11.0,0.0,0.0,0.0,14.0,12.0,5.0,4.0,2.0,0.0,0.0,3.0,16.0,16.0,4.0,0.0,0.0,0.0,0.0,2.0,11.0,11.0,16.0,3.0,0.0,0.0,0.0,0.0,0.0,0.0,7.0,10.0,0.0,0.0,0.0,0.0,0.0,0.0,1.0,11.0,0.0,0.0,0.0,0.0,3.0,7.0,12.0,8.0,0.0,0.0,0.0,0.0,7.0,14.0,11.0,1.0,0.0,0.0,5
0.0,0.0,0.0,10.0,13.0,0.0,0.0,0.0,0.0,0.0,0.0,13.0,16.0,5.0,0.0,0.0,0.0,0.0,0.0,16.0,16.0,4.0,0.0,0.0,0.0,0.0,3.0,16.0,16.0,7.0,0.0,0.0,0.0,0.0,7.0,16.0,16.0,9.0,0.0,0.0,0.0,0.0,9.0,16.0,16.0,10.0,0.0,0.0,0.0,0.0,10.0,16.0,16.0,14.0,0.0,0.0,0.0,0.0,1.0,5.0,7.0,15.0,8.0,0.0,1
0.0,0.0,2.0,13.0,10.0,3.0,0.0,0.0,0.0,0.0,10.0,15.0,12.0,13.0,1.0,0.0,0.0,0.0,16.0,4.0,0.0,6.0,4.0,0.0,0.0,2.0,16.0,3.0,0.0,1.0,7.0,0.0,0.0,5.0,13.0,5.0,0.0,2.0,8.0,0.0,0.0,4.0,12.0,0.0,0.0,3.0,8.0,0.0,0.0,0.0,13.0,5.0,6.0,13.0,5.0,0.0,0.0,0.0,5.0,14.0,13.0,8.0,1.0,0.0,0
0.0,0.0,5.0,13.0,13.0,5.0,0.0,0.0,0.0,0.0,16.0,16.0,10.0,15.0,3.0,0.0,0.0,5.0,16.0,2.0,1.0,8.0,4.0,0.0,0.0,4.0,13.0,0.0,0.0,4.0,8.0,0.0,0.0,8.0,12.0,0.0,0.0,6.0,7.0,0.0,0.0,5.0,15.0,0.0,0.0,7.0,7.0,0.0,0.0,0.0,16.0,8.0,5.0,15.0,3.0,0.0,0.0,0.0,5.0,14.0,15.0,9.0,0.0,0.0,0
0.0,2.0,15.0,16.0,7.0,0.0,0.0,0.0,0.0,10.0,15.0,10.0,16.0,2.0,0.0,0.0,0.0,9.0,11.0,5.0,16.0,0.0,0.0,0.0,0.0,0.0,0.0,12.0,11.0,0.0,0.0,0.0,0.0,0.0,5.0,16.0,2.0,0.0,0.0,0.0,0.0,3.0,15.0,8.0,0.0,0.0,0.0,0.0,0.0,8.0,15.0,5.0,5.0,8.0,3.0,0.0,0.0,3.0,15.0,16.0,16.0,16.0,10.0,0.0,2
0.0,0.0,5.0,15.0,15.0,2.0,0.0,0.0,0.0,3.0,16.0,9.0,16.0,5.0,0.0,0.0,0.0,5.0,9.0,1.0,16.0,1.0,0.0,0.0,0.0,0.0,0.0,10.0,9.0,0.0,0.0,0.0,0.0,0.0,1.0,16.0,3.0,0.0,0.0,0.0,0.0,0.0,9.0,9.0,0.0,0.0,0.0,0.0,0.0,0.0,11.0,14.0,7.0,6.0,2.0,0.0,0.0,0.0,6.0,16.0,16.0,15.0,2.0,0.0,2
0.0,0.0,3.0,11.0,16.0,16.0,4.0,0.0,0.0,0.0,9.0,12.0,12.0,16.0,9.0,0.0,0.0,0.0,0.0,0.0,1.0,16.0,8.0,0.0,0.0,0.0,0.0,9.0,14.0,16.0,9.0,0.0,0.0,0.0,1.0,16.0,16.0,14.0,5.0,0.0,0.0,0.0,0.0,6.0,16.0,4.0,0.0,0.0,0.0,0.0,0.0,11.0,14.0,0.0,0.0,0.0,0.0,0.0,1.0,15.0,7.0,0.0,0.0,0.0,7
0.0,0.0,4.0,13.0,16.0,14.0,2.0,0.0,0.0,2.0,15.0,5.0,4.0,14.0,4.0,0.0,0.0,8.0,15.0,6.0,1.0,15.0,1.0,0.0,0.0,4.0,16.0,16.0,13.0,10.0,0.0,0.0,0.0,0.0,1.0,9.0,16.0,10.0,0.0,0.0,0.0,0.0,4.0,14.0,3.0,14.0,6.0,0.0,0.0,0.0,9.0,10.0,3.0,13.0,8.0,0.0,0.0,0.0,3.0,15.0,16.0,11.0,1.0,0.0,8
0.0,0.0,7.0,16.0,16.0,3.0,0.0,0.0,0.0,7.0,16.0,9.0,14.0,7.0,0.0,0.0,0.0,10.0,9.0,0.0,14.0,5.0,0.0,0.0,0.0,3.0,3.0,4.0,16.0,2.0,0.0,0.0,0.0,0.0,0.0,12.0,11.0,0.0,0.0,0.0,0.0,0.0,6.0,16.0,3.0,0.0,0.0,0.0,0.0,0.0,12.0,15.0,8.0,8.0,3.0,0.0,0.0,0.0,10.0,16.0,16.0,16.0,9.0,0.0,2
0.0,0.0,4.0,13.0,11.0,7.0,0.0,0.0,0.0,0.0,14.0,16.0,13.0,16.0,2.0,0.0,0.0,5.0,16.0,4.0,0.0,5.0,7.0,0.0,0.0,8.0,14.0,0.0,0.0,4.0,8.0,0.0,0.0,6.0,9.0,0.0,0.0,4.0,8.0,0.0,0.0,2.0,14.0,1.0,0.0,8.0,6.0,0.0,0.0,0.0,13.0,12.0,9.0,15.0,2.0,0.0,0.0,0.0,3.0,16.0,12.0,5.0,0.0,0.0,0
0.0,0.0,0.0,0.0,11.0,14.0,3.0,0.0,0.0,0.0,0.0,2.0,16.0,16.0,2.0,0.0,0.0,0.0,0.0,11.0,16.0,14.0,0.0,0.0,0.0,0.0,3.0,16.0,16.0,15.0,0.0,0.0,0.0,1.0,13.0,16.0,16.0,13.0,0.0,0.0,0.0,6.0,16.0,9.0,15.0,13.0,0.0,0.0,0.0,0.0,0.0,0.0,12.0,16.0,1.0,0.0,0.0,0.0,0.0,0.0,9.0,14.0,1.0,0.0,1
0.0,2.0,11.0,16.0,12.0,1.0,0.0,0.0,0.0,9.0,16.0,9.0,16.0,4.0,0.0,0.0,0.0,14.0,7.0,4.0,16.0,1.0,0.0,0.0,0.0,6.0,5.0,9.0,14.0,0.0,0.0,0.0,0.0,0.0,3.0,16.0,5.0,0.0,0.0,0.0,0.0,0.0,13.0,14.0,0.0,0.0,0.0,0.0,0.0,3.0,16.0,11.0,8.0,12.0,9.0,0.0,0.0,2.0,15.0,16.0,16.0,13.0,16.0,1.0,2
0.0,0.0,3.0,12.0,3.0,0.0,0.0,0.0,0.0,0.0,13.0,14.0,2.0,0.0,0.0,0.0,0.0,3.0,10.0,0.0,0.0,0.0,0.0,0.0,0.0,0.0,0.0,3.0,5.0,3.0,0.0,0.0,0.0,4.0,10.0,16.0,16.0,16.0,4.0,0.0,0.0,6.0,16.0,4.0,0.0,8.0,9.0,0.0,0.0,0.0,15.0,12.0,4.0,9.0,12.0,0.0,0.0,0.0,2.0,13.0,16.0,14.0,4.0,0.0,6
0.0,2.0,11.0,16.0,15.0,2.0,0.0,0.0,0.0,12.0,15.0,12.0,16.0,4.0,0.0,0.0,0.0,3.0,3.0,6.0,16.0,2.0,0.0,0.0,0.0,0.0,2.0,15.0,12.0,0.0,0.0,0.0,0.0,0.0,3.0,16.0,16.0,12.0,1.0,0.0,0.0,0.0,0.0,1.0,6.0,15.0,10.0,0.0,0.0,0.0,6.0,12.0,8.0,14.0,11.0,0.0,0.0,1.0,16.0,16.0,16.0,11.0,3.0,0.0,3
0.0,0.0,7.0,14.0,16.0,11.0,0.0,0.0,0.0,2.0,16.0,11.0,11.0,16.0,2.0,0.0,0.0,0.0,3.0,3.0,15.0,9.0,0.0,0.0,0.0,0.0,0.0,10.0,16.0,8.0,0.0,0.0,0.0,0.0,0.0,3.0,14.0,15.0,2.0,0.0,0.0,0.0,0.0,0.0,1.0,16.0,6.0,0.0,0.0,0.0,3.0,12.0,13.0,15.0,2.0,0.0,0.0,0.0,6.0,16.0,12.0,5.0,0.0,0.0,3
0.0,0.0,5.0,16.0,16.0,16.0,16.0,11.0,0.0,0.0,6.0,9.0,5.0,5.0,15.0,8.0,0.0,0.0,0.0,0.0,0.0,9.0,11.0,1.0,0.0,0.0,0.0,3.0,6.0,16.0,3.0,0.0,0.0,0.0,5.0,16.0,16.0,16.0,7.0,0.0,0.0,0.0,4.0,8.0,16.0,4.0,1.0,0.0,0.0,0.0,1.0,13.0,10.0,0.0,0.0,0.0,0.0,0.0,3.0,16.0,2.0,0.0,0.0,0.0,7
0.0,2.0,13.0,16.0,16.0,11.0,0.0,0.0,0.0,10.0,11.0,4.0,12.0,12.0,0.0,0.0,0.0,1.0,1.0,4.0,14.0,8.0,0.0,0.0,0.0,0.0,2.0,16.0,16.0,8.0,0.0,0.0,0.0,0.0,0.0,7.0,9.0,16.0,8.0,0.0,0.0,0.0,0.0,0.0,0.0,10.0,12.0,0.0,0.0,0.0,5.0,9.0,10.0,16.0,9.0,0.0,0.0,0.0,15.0,16.0,13.0,7.0,0.0,0.0,3
0.0,1.0,10.0,16.0,16.0,6.0,0.0,0.0,0.0,7.0,14.0,9.0,12.0,12.0,0.0,0.0,0.0,1.0,1.0,5.0,15.0,5.0,0.0,0.0,0.0,0.0,3.0,16.0,14.0,3.0,0.0,0.0,0.0,0.0,1.0,11.0,14.0,16.0,6.0,0.0,0.0,0.0,0.0,0.0,0.0,12.0,11.0,0.0,0.0,0.0,7.0,8.0,13.0,16.0,5.0,0.0,0.0,0.0,15.0,16.0,12.0,5.0,0.0,0.0,3
0.0,0.0,1.0,14.0,8.0,0.0,0.0,0.0,0.0,0.0,8.0,16.0,4.0,0.0,0.0,0.0,0.0,1.0,16.0,9.0,0.0,1.0,5.0,0.0,0.0,8.0,16.0,5.0,1.0,12.0,15.0,0.0,0.0,10.0,16.0,12.0,11.0,16.0,6.0,0.0,0.0,3.0,14.0,16.0,16.0,8.0,0.0,0.0,0.0,0.0,0.0,11.0,16.0,1.0,0.0,0.0,0.0,0.0,0.0,13.0,14.0,0.0,0.0,0.0,4
0.0,0.0,2.0,12.0,8.0,0.0,0.0,0.0,0.0,0.0,12.0,13.0,5.0,0.0,0.0,0.0,0.0,1.0,16.0,1.0,0.0,0.0,0.0,0.0,0.0,2.0,14.0,0.0,0.0,0.0,0.0,0.0,0.0,2.0,16.0,5.0,10.0,10.0,4.0,0.0,0.0,0.0,16.0,14.0,8.0,6.0,13.0,0.0,0.0,0.0,13.0,9.0,2.0,4.0,14.0,0.0,0.0,0.0,3.0,10.0,16.0,16.0,7.0,0.0,6
0.0,0.0,2.0,13.0,13.0,1.0,0.0,0.0,0.0,0.0,9.0,13.0,5.0,0.0,0.0,0.0,0.0,0.0,13.0,5.0,0.0,0.0,0.0,0.0,0.0,0.0,15.0,2.0,0.0,0.0,0.0,0.0,0.0,0.0,15.0,10.0,9.0,9.0,2.0,0.0,0.0,0.0,16.0,11.0,8.0,11.0,12.0,0.0,0.0,1.0,14.0,11.0,1.0,4.0,13.0,0.0,0.0,0.0,3.0,11.0,16.0,15.0,4.0,0.0,6
0.0,0.0,1.0,13.0,4.0,0.0,0.0,0.0,0.0,0.0,5.0,15.0,2.0,0.0,0.0,0.0,0.0,0.0,12.0,7.0,0.0,0.0,0.0,0.0,0.0,0.0,14.0,6.0,0.0,0.0,0.0,0.0,0.0,0.0,16.0,12.0,15.0,15.0,7.0,0.0,0.0,0.0,14.0,14.0,6.0,4.0,14.0,1.0,0.0,0.0,9.0,14.0,3.0,4.0,14.0,2.0,0.0,0.0,1.0,7.0,14.0,16.0,11.0,0.0,6
0.0,0.0,4.0,16.0,6.0,0.0,0.0,0.0,0.0,0.0,12.0,15.0,1.0,0.0,0.0,0.0,0.0,1.0,16.0,11.0,0.0,0.0,0.0,0.0,0.0,8.0,16.0,3.0,0.0,7.0,4.0,0.0,0.0,12.0,16.0,6.0,11.0,16.0,7.0,0.0,0.0,7.0,16.0,16.0,15.0,3.0,0.0,0.0,0.0,0.0,4.0,16.0,10.0,0.0,0.0,0.0,0.0,0.0,4.0,16.0,6.0,0.0,0.0,0.0,4
0.0,0.0,0.0,9.0,15.0,16.0,9.0,0.0,0.0,0.0,10.0,13.0,4.0,12.0,7.0,0.0,0.0,5.0,14.0,1.0,2.0,15.0,3.0,0.0,0.0,4.0,14.0,12.0,16.0,15.0,0.0,0.0,0.0,0.0,1.0,1.0,13.0,7.0,0.0,0.0,0.0,0.0,0.0,4.0,15.0,1.0,0.0,0.0,0.0,0.0,0.0,11.0,8.0,0.0,0.0,0.0,0.0,0.0,0.0,12.0,4.0,0.0,0.0,0.0,9
0.0,0.0,1.0,15.0,11.0,1.0,0.0,0.0,0.0,0.0,2.0,16.0,16.0,7.0,0.0,0.0,0.0,0.0,6.0,16.0,16.0,5.0,0.0,0.0,0.0,0.0,8.0,16.0,16.0,4.0,0.0,0.0,0.0,0.0,9.0,16.0,13.0,0.0,0.0,0.0,0.0,0.0,11.0,16.0,13.0,0.0,0.0,0.0,0.0,0.0,11.0,16.0,11.0,0.0,0.0,0.0,0.0,0.0,1.0,14.0,16.0,3.0,0.0,0.0,1
0.0,0.0,2.0,10.0,16.0,4.0,0.0,0.0,1.0,10.0,16.0,16.0,15.0,4.0,0.0,0.0,0.0,16.0,16.0,10.0,1.0,0.0,0.0,0.0,0.0,15.0,16.0,16.0,7.0,0.0,0.0,0.0,0.0,5.0,11.0,5.0,15.0,2.0,0.0,0.0,0.0,0.0,0.0,0.0,11.0,9.0,0.0,0.0,0.0,0.0,3.0,10.0,16.0,9.0,0.0,0.0,0.0,0.0,2.0,16.0,15.0,2.0,0.0,0.0,5
0.0,0.0,5.0,8.0,11.0,5.0,0.0,0.0,0.0,0.0,13.0,16.0,12.0,12.0,0.0,0.0,0.0,1.0,16.0,9.0,0.0,9.0,3.0,0.0,0.0,3.0,16.0,6.0,0.0,6.0,6.0,0.0,0.0,3.0,11.0,1.0,0.0,5.0,6.0,0.0,0.0,0.0,12.0,0.0,0.0,11.0,6.0,0.0,0.0,0.0,14.0,5.0,12.0,15.0,1.0,0.0,0.0,0.0,6.0,16.0,13.0,2.0,0.0,0.0,0
0.0,0.0,3.0,14.0,16.0,8.0,0.0,0.0,0.0,3.0,15.0,8.0,4.0,15.0,1.0,0.0,0.0,8.0,10.0,0.0,3.0,16.0,8.0,0.0,0.0,3.0,15.0,13.0,16.0,14.0,1.0,0.0,0.0,0.0,2.0,5.0,16.0,4.0,0.0,0.0,0.0,0.0,0.0,8.0,11.0,0.0,0.0,0.0,0.0,0.0,0.0,15.0,2.0,0.0,0.0,0.0,0.0,0.0,2.0,13.0,0.0,0.0,0.0,0.0,9
0.0,0.0,5.0,8.0,12.0,16.0,4.0,0.0,0.0,3.0,16.0,11.0,7.0,1.0,0.0,0.0,0.0,3.0,14.0,6.0,4.0,0.0,0.0,0.0,0.0,5.0,16.0,12.0,14.0,6.0,0.0,0.0,0.0,0.0,2.0,0.0,4.0,12.0,0.0,0.0,0.0,0.0,0.0,0.0,4.0,10.0,0.0,0.0,0.0,0.0,6.0,8.0,14.0,7.0,0.0,0.0,0.0,0.0,7.0,13.0,7.0,0.0,0.0,0.0,5
0.0,0.0,11.0,16.0,15.0,5.0,0.0,0.0,0.0,8.0,16.0,14.0,16.0,8.0,0.0,0.0,0.0,11.0,10.0,0.0,16.0,8.0,0.0,0.0,0.0,3.0,1.0,6.0,16.0,2.0,0.0,0.0,0.0,0.0,1.0,15.0,10.0,0.0,0.0,0.0,0.0,0.0,11.0,15.0,1.0,0.0,0.0,0.0,0.0,0.0,16.0,14.0,12.0,12.0,8.0,0.0,0.0,1.0,15.0,16.0,16.0,14.0,8.0,0.0,2
0.0,0.0,4.0,13.0,15.0,9.0,0.0,0.0,0.0,4.0,14.0,6.0,5.0,16.0,0.0,0.0,0.0,7.0,12.0,2.0,2.0,16.0,0.0,0.0,0.0,4.0,16.0,15.0,14.0,7.0,0.0,0.0,0.0,0.0,9.0,16.0,16.0,5.0,0.0,0.0,0.0,0.0,10.0,6.0,8.0,15.0,2.0,0.0,0.0,0.0,11.0,9.0,4.0,13.0,11.0,0.0,0.0,0.0,2.0,14.0,16.0,15.0,6.0,0.0,8
0.0,2.0,15.0,16.0,15.0,2.0,0.0,0.0,0.0,8.0,14.0,8.0,14.0,8.0,0.0,0.0,0.0,7.0,5.0,2.0,16.0,5.0,0.0,0.0,0.0,0.0,0.0,12.0,13.0,0.0,0.0,0.0,0.0,0.0,8.0,15.0,1.0,0.0,0.0,0.0,0.0,1.0,15.0,7.0,0.0,0.0,0.0,0.0,0.0,4.0,16.0,9.0,8.0,8.0,2.0,0.0,0.0,2.0,15.0,16.0,16.0,16.0,13.0,0.0,2
0.0,0.0,3.0,11.0,16.0,10.0,0.0,0.0,0.0,0.0,10.0,16.0,10.0,14.0,6.0,0.0,0.0,0.0,15.0,7.0,0.0,11.0,8.0,0.0,0.0,3.0,16.0,2.0,0.0,8.0,8.0,0.0,0.0,4.0,12.0,0.0,0.0,9.0,8.0,0.0,0.0,6.0,15.0,1.0,0.0,12.0,8.0,0.0,0.0,3.0,15.0,10.0,8.0,15.0,4.0,0.0,0.0,0.0,5.0,12.0,14.0,9.0,0.0,0.0,0
0.0,0.0,7.0,15.0,9.0,5.0,0.0,0.0,0.0,0.0,14.0,16.0,14.0,15.0,0.0,0.0,0.0,1.0,16.0,8.0,4.0,6.0,4.0,0.0,0.0,4.0,15.0,1.0,0.0,6.0,5.0,0.0,0.0,3.0,11.0,0.0,0.0,7.0,5.0,0.0,0.0,3.0,11.0,0.0,1.0,13.0,2.0,0.0,0.0,1.0,13.0,8.0,13.0,13.0,0.0,0.0,0.0,0.0,6.0,15.0,11.0,1.0,0.0,0.0,0
0.0,0.0,0.0,2.0,13.0,9.0,0.0,0.0,0.0,0.0,0.0,7.0,16.0,15.0,0.0,0.0,0.0,0.0,0.0,11.0,16.0,7.0,0.0,0.0,0.0,0.0,0.0,15.0,16.0,2.0,0.0,0.0,0.0,0.0,7.0,16.0,14.0,0.0,0.0,0.0,0.0,0.0,13.0,16.0,14.0,0.0,0.0,0.0,0.0,0.0,8.0,15.0,16.0,0.0,0.0,0.0,0.0,0.0,0.0,3.0,13.0,8.0,0.0,0.0,1
0.0,0.0,3.0,11.0,16.0,15.0,1.0,0.0,0.0,1.0,16.0,14.0,10.0,16.0,2.0,0.0,0.0,5.0,12.0,0.0,8.0,12.0,0.0,0.0,0.0,0.0,1.0,1.0,13.0,9.0,0.0,0.0,0.0,0.0,11.0,16.0,16.0,13.0,2.0,0.0,0.0,0.0,11.0,14.0,15.0,12.0,5.0,0.0,0.0,0.0,0.0,15.0,9.0,0.0,0.0,0.0,0.0,0.0,0.0,15.0,5.0,0.0,0.0,0.0,7
0.0,0.0,0.0,4.0,15.0,1.0,0.0,0.0,0.0,0.0,0.0,13.0,8.0,1.0,0.0,0.0,0.0,0.0,6.0,12.0,0.0,0.0,0.0,0.0,0.0,0.0,8.0,10.0,0.0,0.0,0.0,0.0,0.0,0.0,13.0,12.0,11.0,10.0,0.0,0.0,0.0,4.0,16.0,15.0,8.0,11.0,10.0,0.0,0.0,1.0,7.0,15.0,4.0,3.0,12.0,0.0,0.0,0.0,0.0,7.0,15.0,16.0,8.0,0.0,6
0.0,0.0,8.0,14.0,15.0,6.0,0.0,0.0,0.0,4.0,16.0,12.0,14.0,11.0,0.0,0.0,0.0,4.0,8.0,1.0,14.0,7.0,0.0,0.0,0.0,0.0,0.0,14.0,16.0,5.0,0.0,0.0,0.0,0.0,0.0,11.0,16.0,16.0,2.0,0.0,0.0,0.0,0.0,0.0,1.0,15.0,7.0,0.0,0.0,0.0,4.0,11.0,8.0,14.0,7.0,0.0,0.0,0.0,11.0,16.0,16.0,10.0,0.0,0.0,3
0.0,0.0,10.0,16.0,16.0,7.0,0.0,0.0,0.0,6.0,15.0,9.0,14.0,12.0,0.0,0.0,0.0,3.0,5.0,0.0,13.0,8.0,0.0,0.0,0.0,0.0,0.0,10.0,13.0,0.0,0.0,0.0,0.0,0.0,2.0,16.0,4.0,0.0,0.0,0.0,0.0,0.0,12.0,8.0,0.0,0.0,0.0,0.0,0.0,0.0,16.0,13.0,11.0,8.0,3.0,0.0,0.0,0.0,12.0,16.0,16.0,16.0,5.0,0.0,2
0.0,0.0,0.0,0.0,10.0,11.0,0.0,0.0,0.0,0.0,0.0,0.0,16.0,13.0,0.0,0.0,0.0,0.0,0.0,7.0,16.0,9.0,0.0,0.0,0.0,0.0,0.0,13.0,16.0,3.0,0.0,0.0,0.0,0.0,10.0,16.0,16.0,0.0,0.0,0.0,0.0,0.0,15.0,16.0,16.0,4.0,0.0,0.0,0.0,3.0,12.0,6.0,16.0,6.0,0.0,0.0,0.0,0.0,0.0,0.0,10.0,13.0,7.0,0.0,1
0.0,0.0,3.0,13.0,16.0,11.0,0.0,0.0,0.0,0.0,14.0,12.0,14.0,16.0,1.0,0.0,0.0,0.0,6.0,0.0,7.0,15.0,0.0,0.0,0.0,0.0,0.0,0.0,12.0,11.0,0.0,0.0,0.0,0.0,8.0,13.0,16.0,14.0,4.0,0.0,0.0,5.0,16.0,16.0,14.0,12.0,4.0,0.0,0.0,0.0,3.0,16.0,3.0,0.0,0.0,0.0,0.0,0.0,8.0,13.0,0.0,0.0,0.0,0.0,7
0.0,0.0,2.0,13.0,13.0,0.0,0.0,0.0,0.0,0.0,9.0,16.0,6.0,0.0,0.0,0.0,0.0,0.0,14.0,16.0,2.0,0.0,4.0,0.0,0.0,5.0,16.0,10.0,1.0,13.0,15.0,0.0,0.0,7.0,16.0,16.0,16.0,16.0,4.0,0.0,0.0,0.0,8.0,15.0,16.0,8.0,0.0,0.0,0.0,0.0,0.0,14.0,10.0,0.0,0.0,0.0,0.0,0.0,1.0,16.0,11.0,0.0,0.0,0.0,4
0.0,0.0,3.0,11.0,0.0,0.0,0.0,0.0,0.0,0.0,12.0,11.0,0.0,0.0,0.0,0.0,0.0,1.0,14.0,1.0,0.0,0.0,0.0,0.0,0.0,2.0,15.0,0.0,0.0,0.0,0.0,0.0,0.0,4.0,15.0,15.0,16.0,15.0,2.0,0.0,0.0,1.0,16.0,8.0,4.0,8.0,11.0,0.0,0.0,1.0,16.0,11.0,7.0,10.0,12.0,0.0,0.0,0.0,5.0,10.0,12.0,15.0,7.0,0.0,6
0.0,0.0,12.0,16.0,16.0,13.0,1.0,0.0,0.0,4.0,15.0,9.0,12.0,16.0,2.0,0.0,0.0,0.0,2.0,0.0,11.0,15.0,0.0,0.0,0.0,0.0,0.0,12.0,16.0,4.0,0.0,0.0,0.0,0.0,0.0,8.0,16.0,13.0,1.0,0.0,0.0,0.0,0.0,0.0,6.0,16.0,6.0,0.0,0.0,0.0,4.0,6.0,6.0,16.0,6.0,0.0,0.0,0.0,12.0,16.0,16.0,9.0,0.0,0.0,3
0.0,0.0,0.0,12.0,15.0,2.0,0.0,0.0,0.0,0.0,0.0,13.0,16.0,8.0,0.0,0.0,0.0,0.0,0.0,14.0,16.0,9.0,0.0,0.0,0.0,0.0,0.0,13.0,16.0,6.0,0.0,0.0,0.0,0.0,7.0,16.0,16.0,3.0,0.0,0.0,0.0,1.0,16.0,16.0,16.0,1.0,0.0,0.0,0.0,0.0,8.0,16.0,16.0,2.0,0.0,0.0,0.0,0.0,0.0,9.0,16.0,7.0,0.0,0.0,1
0.0,2.0,10.0,14.0,11.0,1.0,0.0,0.0,0.0,7.0,15.0,8.0,16.0,4.0,0.0,0.0,0.0,1.0,1.0,6.0,15.0,1.0,0.0,0.0,0.0,0.0,0.0,15.0,9.0,0.0,0.0,0.0,0.0,0.0,1.0,16.0,15.0,9.0,1.0,0.0,0.0,0.0,0.0,1.0,6.0,15.0,8.0,0.0,0.0,2.0,8.0,4.0,6.0,15.0,7.0,0.0,0.0,2.0,13.0,16.0,15.0,9.0,0.0,0.0,3
0.0,0.0,2.0,10.0,16.0,13.0,0.0,0.0,0.0,3.0,16.0,8.0,2.0,16.0,1.0,0.0,0.0,8.0,13.0,0.0,2.0,16.0,6.0,0.0,0.0,6.0,16.0,12.0,16.0,16.0,7.0,0.0,0.0,0.0,2.0,4.0,8.0,12.0,1.0,0.0,0.0,0.0,0.0,1.0,15.0,3.0,0.0,0.0,0.0,0.0,0.0,9.0,10.0,0.0,0.0,0.0,0.0,0.0,1.0,16.0,3.0,0.0,0.0,0.0,9
0.0,0.0,1.0,14.0,7.0,0.0,0.0,0.0,0.0,0.0,6.0,16.0,16.0,1.0,0.0,0.0,0.0,0.0,7.0,16.0,15.0,0.0,0.0,0.0,0.0,0.0,6.0,16.0,15.0,0.0,0.0,0.0,0.0,0.0,6.0,16.0,15.0,0.0,0.0,0.0,0.0,0.0,4.0,16.0,16.0,1.0,0.0,0.0,0.0,0.0,4.0,16.0,16.0,6.0,0.0,0.0,0.0,0.0,1.0,15.0,16.0,8.0,0.0,0.0,1
0.0,0.0,6.0,15.0,16.0,3.0,0.0,0.0,0.0,3.0,16.0,12.0,15.0,8.0,0.0,0.0,0.0,0.0,4.0,0.0,14.0,6.0,0.0,0.0,0.0,0.0,0.0,2.0,16.0,6.0,2.0,0.0,0.0,0.0,4.0,14.0,16.0,16.0,8.0,0.0,0.0,0.0,15.0,16.0,7.0,0.0,0.0,0.0,0.0,0.0,6.0,16.0,0.0,0.0,0.0,0.0,0.0,0.0,7.0,9.0,0.0,0.0,0.0,0.0,7
0.0,0.0,0.0,11.0,16.0,2.0,0.0,0.0,0.0,0.0,7.0,16.0,8.0,2.0,0.0,0.0,0.0,0.0,15.0,7.0,0.0,0.0,0.0,0.0,0.0,0.0,16.0,4.0,3.0,1.0,0.0,0.0,0.0,1.0,16.0,16.0,16.0,16.0,4.0,0.0,0.0,0.0,14.0,12.0,4.0,6.0,12.0,0.0,0.0,0.0,10.0,16.0,5.0,10.0,15.0,0.0,0.0,0.0,2.0,11.0,16.0,12.0,8.0,0.0,6
0.0,0.0,3.0,10.0,12.0,12.0,2.0,0.0,0.0,1.0,13.0,12.0,6.0,13.0,8.0,0.0,0.0,8.0,16.0,8.0,8.0,14.0,1.0,0.0,0.0,5.0,14.0,16.0,16.0,3.0,0.0,0.0,0.0,0.0,12.0,16.0,15.0,2.0,0.0,0.0,0.0,3.0,16.0,2.0,15.0,10.0,0.0,0.0,0.0,4.0,16.0,8.0,12.0,12.0,0.0,0.0,0.0,0.0,9.0,16.0,15.0,3.0,0.0,0.0,8
0.0,0.0,0.0,9.0,11.0,0.0,0.0,0.0,0.0,0.0,2.0,15.0,8.0,0.0,0.0,0.0,0.0,0.0,11.0,15.0,1.0,3.0,8.0,0.0,0.0,6.0,16.0,4.0,0.0,14.0,12.0,0.0,0.0,12.0,16.0,4.0,11.0,16.0,5.0,0.0,0.0,9.0,16.0,16.0,16.0,11.0,0.0,0.0,0.0,0.0,6.0,11.0,16.0,7.0,0.0,0.0,0.0,0.0,0.0,10.0,16.0,4.0,0.0,0.0,4
0.0,1.0,12.0,16.0,10.0,0.0,0.0,0.0,0.0,7.0,11.0,7.0,14.0,1.0,0.0,0.0,0.0,2.0,2.0,3.0,14.0,0.0,0.0,0.0,0.0,0.0,3.0,14.0,6.0,0.0,0.0,0.0,0.0,0.0,12.0,16.0,16.0,6.0,0.0,0.0,0.0,0.0,2.0,0.0,5.0,15.0,6.0,0.0,0.0,1.0,11.0,4.0,4.0,13.0,8.0,0.0,0.0,2.0,14.0,16.0,16.0,13.0,1.0,0.0,3
0.0,0.0,3.0,16.0,11.0,0.0,0.0,0.0,0.0,0.0,0.0,16.0,16.0,6.0,0.0,0.0,0.0,0.0,0.0,13.0,16.0,7.0,0.0,0.0,0.0,0.0,0.0,11.0,16.0,10.0,0.0,0.0,0.0,0.0,0.0,12.0,16.0,6.0,0.0,0.0,0.0,0.0,3.0,16.0,16.0,2.0,0.0,0.0,0.0,0.0,5.0,16.0,15.0,0.0,0.0,0.0,0.0,0.0,3.0,13.0,15.0,0.0,0.0,0.0,1
0.0,0.0,2.0,15.0,12.0,0.0,0.0,0.0,0.0,0.0,9.0,16.0,5.0,0.0,2.0,0.0,0.0,2.0,15.0,10.0,0.0,11.0,16.0,1.0,0.0,10.0,16.0,4.0,6.0,16.0,10.0,0.0,0.0,6.0,16.0,16.0,16.0,15.0,1.0,0.0,0.0,0.0,6.0,13.0,16.0,4.0,0.0,0.0,0.0,0.0,0.0,15.0,13.0,0.0,0.0,0.0,0.0,0.0,6.0,16.0,5.0,0.0,0.0,0.0,4
0.0,0.0,3.0,14.0,7.0,0.0,0.0,0.0,0.0,0.0,14.0,16.0,14.0,9.0,0.0,0.0,0.0,4.0,16.0,16.0,11.0,15.0,3.0,0.0,0.0,5.0,15.0,6.0,0.0,4.0,8.0,0.0,0.0,8.0,8.0,0.0,0.0,4.0,8.0,0.0,0.0,5.0,11.0,0.0,0.0,6.0,6.0,0.0,0.0,0.0,13.0,10.0,5.0,15.0,5.0,0.0,0.0,0.0,2.0,12.0,14.0,8.0,0.0,0.0,0
0.0,0.0,5.0,11.0,16.0,12.0,0.0,0.0,0.0,0.0,16.0,12.0,4.0,3.0,0.0,0.0,0.0,4.0,16.0,6.0,3.0,0.0,0.0,0.0,0.0,4.0,15.0,16.0,16.0,9.0,0.0,0.0,0.0,0.0,0.0,0.0,3.0,16.0,6.0,0.0,0.0,0.0,0.0,0.0,0.0,11.0,6.0,0.0,0.0,0.0,0.0,1.0,8.0,15.0,1.0,0.0,0.0,0.0,6.0,16.0,13.0,1.0,0.0,0.0,5
0.0,0.0,6.0,13.0,16.0,10.0,0.0,0.0,0.0,4.0,13.0,5.0,4.0,16.0,0.0,0.0,0.0,0.0,0.0,1.0,10.0,8.0,0.0,0.0,0.0,0.0,0.0,12.0,16.0,3.0,0.0,0.0,0.0,0.0,0.0,3.0,7.0,15.0,1.0,0.0,0.0,0.0,0.0,0.0,0.0,9.0,8.0,0.0,0.0,0.0,8.0,6.0,3.0,11.0,7.0,0.0,0.0,0.0,4.0,14.0,16.0,11.0,1.0,0.0,3
0.0,0.0,1.0,13.0,7.0,0.0,0.0,0.0,0.0,0.0,7.0,14.0,2.0,0.0,0.0,0.0,0.0,0.0,13.0,5.0,0.0,0.0,0.0,0.0,0.0,0.0,16.0,3.0,0.0,0.0,0.0,0.0,0.0,3.0,16.0,10.0,12.0,12.0,3.0,0.0,0.0,3.0,16.0,11.0,5.0,9.0,12.0,0.0,0.0,1.0,13.0,11.0,4.0,13.0,11.0,0.0,0.0,0.0,1.0,12.0,16.0,11.0,2.0,0.0,6
0.0,0.0,3.0,11.0,15.0,13.0,2.0,0.0,0.0,2.0,15.0,11.0,8.0,14.0,7.0,0.0,0.0,8.0,14.0,0.0,2.0,13.0,2.0,0.0,0.0,3.0,13.0,16.0,16.0,15.0,1.0,0.0,0.0,0.0,0.0,0.0,14.0,5.0,0.0,0.0,0.0,0.0,0.0,7.0,14.0,0.0,0.0,0.0,0.0,0.0,1.0,15.0,4.0,0.0,0.0,0.0,0.0,0.0,2.0,16.0,1.0,0.0,0.0,0.0,9
0.0,0.0,1.0,10.0,14.0,0.0,0.0,0.0,0.0,0.0,8.0,14.0,11.0,3.0,0.0,0.0,0.0,0.0,16.0,2.0,2.0,0.0,0.0,0.0,0.0,3.0,13.0,0.0,0.0,0.0,0.0,0.0,0.0,4.0,13.0,0.0,6.0,10.0,3.0,0.0,0.0,3.0,15.0,13.0,12.0,10.0,12.0,0.0,0.0,0.0,10.0,16.0,4.0,5.0,14.0,0.0,0.0,0.0,0.0,9.0,15.0,14.0,9.0,0.0,6
0.0,0.0,8.0,16.0,15.0,8.0,0.0,0.0,0.0,1.0,16.0,16.0,16.0,2.0,0.0,0.0,0.0,2.0,16.0,16.0,10.0,0.0,0.0,0.0,0.0,2.0,16.0,16.0,12.0,0.0,0.0,0.0,0.0,6.0,16.0,16.0,13.0,0.0,0.0,0.0,0.0,1.0,16.0,16.0,11.0,0.0,0.0,0.0,0.0,0.0,16.0,16.0,10.0,0.0,0.0,0.0,0.0,0.0,7.0,15.0,15.0,0.0,0.0,0.0,1
0.0,0.0,8.0,16.0,16.0,1.0,0.0,0.0,0.0,1.0,12.0,10.0,16.0,5.0,0.0,0.0,0.0,0.0,0.0,3.0,16.0,6.0,0.0,0.0,0.0,0.0,0.0,6.0,16.0,2.0,0.0,0.0,0.0,4.0,12.0,14.0,16.0,12.0,5.0,0.0,0.0,12.0,16.0,16.0,14.0,12.0,5.0,0.0,0.0,0.0,6.0,13.0,0.0,0.0,0.0,0.0,0.0,0.0,11.0,8.0,0.0,0.0,0.0,0.0,7
0.0,2.0,12.0,13.0,16.0,15.0,1.0,0.0,0.0,8.0,16.0,14.0,11.0,7.0,0.0,0.0,0.0,8.0,16.0,7.0,0.0,0.0,0.0,0.0,0.0,7.0,16.0,16.0,11.0,1.0,0.0,0.0,0.0,0.0,2.0,6.0,15.0,9.0,0.0,0.0,0.0,0.0,0.0,0.0,9.0,15.0,0.0,0.0,0.0,0.0,1.0,7.0,16.0,11.0,0.0,0.0,0.0,1.0,16.0,16.0,13.0,1.0,0.0,0.0,5
0.0,0.0,0.0,10.0,14.0,0.0,0.0,0.0,0.0,0.0,1.0,16.0,10.0,0.0,0.0,0.0,0.0,0.0,10.0,16.0,1.0,0.0,0.0,0.0,0.0,4.0,16.0,8.0,0.0,3.0,5.0,0.0,0.0,10.0,15.0,0.0,2.0,15.0,10.0,0.0,0.0,12.0,16.0,14.0,16.0,13.0,1.0,0.0,0.0,2.0,11.0,14.0,16.0,3.0,0.0,0.0,0.0,0.0,0.0,8.0,16.0,2.0,0.0,0.0,4
0.0,0.0,0.0,7.0,12.0,0.0,0.0,0.0,0.0,0.0,3.0,14.0,6.0,0.0,0.0,0.0,0.0,0.0,11.0,8.0,0.0,0.0,1.0,0.0,0.0,4.0,16.0,3.0,1.0,10.0,10.0,0.0,0.0,8.0,16.0,12.0,14.0,13.0,3.0,0.0,0.0,2.0,12.0,10.0,16.0,5.0,0.0,0.0,0.0,0.0,0.0,6.0,16.0,0.0,0.0,0.0,0.0,0.0,0.0,6.0,13.0,0.0,0.0,0.0,4
0.0,0.0,2.0,13.0,16.0,13.0,0.0,0.0,0.0,0.0,14.0,15.0,14.0,16.0,0.0,0.0,0.0,0.0,5.0,0.0,10.0,15.0,0.0,0.0,0.0,0.0,0.0,0.0,13.0,13.0,0.0,0.0,0.0,0.0,7.0,14.0,16.0,16.0,7.0,0.0,0.0,0.0,14.0,16.0,14.0,10.0,3.0,0.0,0.0,0.0,3.0,15.0,5.0,0.0,0.0,0.0,0.0,0.0,4.0,15.0,0.0,0.0,0.0,0.0,7
0.0,0.0,7.0,12.0,12.0,2.0,0.0,0.0,0.0,5.0,15.0,6.0,10.0,9.0,0.0,0.0,0.0,11.0,4.0,0.0,11.0,6.0,0.0,0.0,0.0,3.0,0.0,2.0,15.0,2.0,0.0,0.0,0.0,0.0,1.0,13.0,6.0,0.0,0.0,0.0,0.0,0.0,11.0,11.0,1.0,0.0,0.0,0.0,0.0,1.0,16.0,7.0,4.0,4.0,2.0,0.0,0.0,0.0,11.0,12.0,13.0,14.0,11.0,0.0,2
0.0,0.0,7.0,13.0,16.0,11.0,0.0,0.0,0.0,3.0,16.0,5.0,4.0,14.0,2.0,0.0,0.0,8.0,11.0,1.0,4.0,15.0,2.0,0.0,0.0,3.0,12.0,14.0,16.0,8.0,0.0,0.0,0.0,0.0,8.0,16.0,15.0,1.0,0.0,0.0,0.0,1.0,15.0,5.0,11.0,12.0,0.0,0.0,0.0,3.0,16.0,5.0,7.0,16.0,1.0,0.0,0.0,0.0,5.0,14.0,16.0,15.0,2.0,0.0,8
0.0,3.0,15.0,16.0,13.0,1.0,0.0,0.0,0.0,10.0,13.0,9.0,16.0,4.0,0.0,0.0,0.0,1.0,1.0,0.0,16.0,6.0,0.0,0.0,0.0,0.0,0.0,10.0,15.0,1.0,0.0,0.0,0.0,0.0,10.0,16.0,3.0,0.0,0.0,0.0,0.0,3.0,16.0,7.0,0.0,0.0,0.0,0.0,0.0,5.0,16.0,13.0,12.0,7.0,2.0,0.0,0.0,2.0,13.0,13.0,13.0,16.0,15.0,0.0,2
0.0,3.0,13.0,16.0,9.0,0.0,0.0,0.0,0.0,10.0,15.0,13.0,15.0,2.0,0.0,0.0,0.0,15.0,4.0,4.0,16.0,1.0,0.0,0.0,0.0,0.0,0.0,5.0,16.0,2.0,0.0,0.0,0.0,0.0,1.0,14.0,13.0,0.0,0.0,0.0,0.0,0.0,10.0,16.0,5.0,0.0,0.0,0.0,0.0,4.0,16.0,13.0,8.0,10.0,9.0,1.0,0.0,2.0,16.0,16.0,14.0,12.0,9.0,1.0,2
0.0,0.0,7.0,11.0,12.0,14.0,2.0,0.0,0.0,8.0,16.0,9.0,4.0,3.0,0.0,0.0,0.0,10.0,15.0,5.0,0.0,0.0,0.0,0.0,0.0,3.0,12.0,16.0,14.0,4.0,0.0,0.0,0.0,0.0,0.0,2.0,13.0,16.0,2.0,0.0,0.0,0.0,0.0,0.0,0.0,15.0,9.0,0.0,0.0,0.0,2.0,4.0,8.0,15.0,9.0,0.0,0.0,0.0,10.0,16.0,13.0,8.0,0.0,0.0,5
0.0,0.0,1.0,9.0,16.0,16.0,3.0,0.0,0.0,0.0,14.0,11.0,8.0,16.0,8.0,0.0,0.0,0.0,4.0,0.0,0.0,15.0,6.0,0.0,0.0,0.0,0.0,0.0,7.0,16.0,3.0,0.0,0.0,0.0,6.0,12.0,16.0,16.0,9.0,0.0,0.0,1.0,16.0,14.0,16.0,5.0,0.0,0.0,0.0,0.0,2.0,8.0,16.0,0.0,0.0,0.0,0.0,0.0,0.0,12.0,7.0,0.0,0.0,0.0,7
0.0,0.0,0.0,5.0,13.0,16.0,8.0,0.0,0.0,0.0,8.0,15.0,6.0,7.0,14.0,0.0,0.0,2.0,16.0,1.0,1.0,11.0,10.0,0.0,0.0,4.0,16.0,15.0,16.0,16.0,6.0,0.0,0.0,0.0,4.0,4.0,5.0,15.0,1.0,0.0,0.0,0.0,0.0,0.0,9.0,8.0,0.0,0.0,0.0,0.0,0.0,2.0,15.0,1.0,0.0,0.0,0.0,0.0,0.0,6.0,10.0,0.0,0.0,0.0,9
0.0,4.0,10.0,15.0,16.0,16.0,14.0,0.0,0.0,11.0,16.0,14.0,8.0,5.0,2.0,0.0,0.0,6.0,16.0,8.0,0.0,0.0,0.0,0.0,0.0,0.0,10.0,15.0,1.0,0.0,0.0,0.0,0.0,0.0,2.0,16.0,5.0,0.0,0.0,0.0,0.0,0.0,0.0,13.0,10.0,0.0,0.0,0.0,0.0,5.0,10.0,14.0,10.0,0.0,0.0,0.0,0.0,3.0,16.0,15.0,3.0,0.0,0.0,0.0,5
0.0,0.0,1.0,15.0,7.0,0.0,0.0,0.0,0.0,0.0,6.0,16.0,3.0,0.0,0.0,0.0,0.0,1.0,16.0,10.0,0.0,1.0,3.0,0.0,0.0,5.0,16.0,3.0,1.0,12.0,15.0,0.0,0.0,11.0,16.0,8.0,14.0,15.0,3.0,0.0,0.0,6.0,16.0,16.0,16.0,5.0,0.0,0.0,0.0,0.0,1.0,14.0,11.0,0.0,0.0,0.0,0.0,0.0,2.0,16.0,12.0,0.0,0.0,0.0,4
0.0,0.0,4.0,11.0,14.0,4.0,0.0,0.0,0.0,5.0,13.0,4.0,9.0,7.0,0.0,0.0,0.0,7.0,10.0,10.0,13.0,2.0,0.0,0.0,0.0,1.0,9.0,16.0,15.0,2.0,0.0,0.0,0.0,0.0,8.0,7.0,9.0,12.0,0.0,0.0,0.0,0.0,12.0,0.0,1.0,14.0,5.0,0.0,0.0,0.0,11.0,6.0,0.0,7.0,8.0,0.0,0.0,0.0,2.0,15.0,16.0,15.0,4.0,0.0,8
0.0,0.0,3.0,12.0,15.0,14.0,3.0,0.0,0.0,1.0,16.0,5.0,0.0,8.0,12.0,0.0,0.0,6.0,16.0,11.0,2.0,13.0,7.0,0.0,0.0,2.0,9.0,15.0,16.0,4.0,0.0,0.0,0.0,0.0,3.0,14.0,16.0,7.0,0.0,0.0,0.0,0.0,9.0,5.0,6.0,15.0,0.0,0.0,0.0,0.0,11.0,10.0,7.0,16.0,2.0,0.0,0.0,0.0,3.0,12.0,16.0,13.0,0.0,0.0,8
0.0,0.0,0.0,6.0,16.0,2.0,0.0,0.0,0.0,0.0,2.0,15.0,15.0,0.0,0.0,0.0,0.0,0.0,15.0,16.0,3.0,2.0,3.0,0.0,0.0,7.0,16.0,7.0,3.0,15.0,11.0,0.0,0.0,7.0,16.0,14.0,14.0,16.0,5.0,0.0,0.0,1.0,7.0,12.0,16.0,10.0,0.0,0.0,0.0,0.0,0.0,7.0,16.0,4.0,0.0,0.0,0.0,0.0,0.0,10.0,15.0,0.0,0.0,0.0,4
0.0,0.0,0.0,2.0,9.0,16.0,10.0,0.0,0.0,0.0,7.0,15.0,8.0,7.0,12.0,0.0,0.0,1.0,15.0,3.0,0.0,11.0,12.0,0.0,0.0,8.0,14.0,9.0,13.0,16.0,8.0,0.0,0.0,1.0,7.0,7.0,3.0,13.0,4.0,0.0,0.0,0.0,0.0,0.0,5.0,13.0,0.0,0.0,0.0,0.0,0.0,0.0,10.0,9.0,0.0,0.0,0.0,0.0,0.0,0.0,14.0,4.0,0.0,0.0,9
0.0,0.0,5.0,11.0,4.0,1.0,0.0,0.0,0.0,0.0,15.0,16.0,16.0,11.0,0.0,0.0,0.0,2.0,16.0,9.0,2.0,12.0,4.0,0.0,0.0,6.0,13.0,0.0,0.0,6.0,6.0,0.0,0.0,3.0,13.0,0.0,0.0,5.0,9.0,0.0,0.0,3.0,16.0,0.0,0.0,6.0,8.0,0.0,0.0,0.0,13.0,12.0,8.0,16.0,7.0,0.0,0.0,0.0,4.0,13.0,12.0,10.0,0.0,0.0,0
0.0,0.0,1.0,13.0,16.0,14.0,4.0,0.0,0.0,2.0,11.0,8.0,4.0,11.0,7.0,0.0,0.0,6.0,16.0,3.0,3.0,13.0,2.0,0.0,0.0,0.0,9.0,14.0,14.0,4.0,0.0,0.0,0.0,0.0,7.0,16.0,10.0,0.0,0.0,0.0,0.0,0.0,12.0,10.0,16.0,1.0,0.0,0.0,0.0,0.0,11.0,10.0,15.0,4.0,0.0,0.0,0.0,0.0,1.0,14.0,15.0,1.0,0.0,0.0,8
0.0,0.0,0.0,9.0,15.0,12.0,1.0,0.0,0.0,1.0,11.0,12.0,5.0,15.0,4.0,0.0,0.0,6.0,14.0,0.0,0.0,13.0,7.0,0.0,0.0,5.0,16.0,12.0,12.0,16.0,4.0,0.0,0.0,0.0,3.0,8.0,14.0,8.0,0.0,0.0,0.0,0.0,0.0,2.0,15.0,1.0,0.0,0.0,0.0,0.0,0.0,9.0,10.0,0.0,0.0,0.0,0.0,0.0,0.0,10.0,9.0,0.0,0.0,0.0,9
0.0,1.0,9.0,15.0,16.0,9.0,0.0,0.0,0.0,6.0,12.0,1.0,2.0,16.0,0.0,0.0,0.0,0.0,1.0,0.0,8.0,14.0,0.0,0.0,0.0,0.0,0.0,10.0,15.0,3.0,0.0,0.0,0.0,0.0,0.0,7.0,15.0,5.0,0.0,0.0,0.0,0.0,0.0,0.0,4.0,13.0,2.0,0.0,0.0,2.0,7.0,4.0,4.0,14.0,3.0,0.0,0.0,0.0,9.0,16.0,16.0,10.0,0.0,0.0,3
0.0,0.0,9.0,15.0,5.0,0.0,0.0,0.0,0.0,3.0,15.0,15.0,16.0,4.0,0.0,0.0,0.0,10.0,14.0,0.0,9.0,14.0,0.0,0.0,0.0,8.0,12.0,0.0,0.0,12.0,5.0,0.0,0.0,8.0,8.0,0.0,0.0,10.0,8.0,0.0,0.0,5.0,14.0,0.0,0.0,12.0,8.0,0.0,0.0,0.0,16.0,7.0,12.0,16.0,4.0,0.0,0.0,0.0,9.0,16.0,15.0,7.0,0.0,0.0,0
0.0,0.0,0.0,0.0,13.0,16.0,6.0,0.0,0.0,0.0,3.0,11.0,16.0,16.0,5.0,0.0,0.0,5.0,16.0,16.0,16.0,16.0,4.0,0.0,0.0,4.0,10.0,9.0,16.0,16.0,4.0,0.0,0.0,0.0,0.0,0.0,13.0,16.0,4.0,0.0,0.0,0.0,0.0,0.0,12.0,16.0,4.0,0.0,0.0,0.0,0.0,2.0,16.0,16.0,7.0,0.0,0.0,0.0,0.0,1.0,12.0,14.0,5.0,0.0,1
0.0,0.0,7.0,14.0,5.0,0.0,0.0,0.0,0.0,5.0,16.0,16.0,11.0,0.0,0.0,0.0,0.0,2.0,14.0,2.0,14.0,0.0,0.0,0.0,0.0,0.0,0.0,5.0,16.0,0.0,0.0,0.0,0.0,0.0,0.0,8.0,16.0,0.0,0.0,0.0,0.0,0.0,0.0,11.0,12.0,0.0,0.0,0.0,0.0,0.0,11.0,16.0,14.0,8.0,10.0,0.0,0.0,0.0,7.0,12.0,12.0,12.0,15.0,2.0,2
0.0,0.0,8.0,12.0,12.0,14.0,3.0,0.0,0.0,0.0,11.0,11.0,10.0,16.0,2.0,0.0,0.0,0.0,0.0,0.0,9.0,13.0,0.0,0.0,0.0,0.0,0.0,14.0,16.0,13.0,0.0,0.0,0.0,0.0,0.0,8.0,8.0,16.0,4.0,0.0,0.0,0.0,3.0,0.0,0.0,16.0,4.0,0.0,0.0,1.0,16.0,9.0,9.0,15.0,2.0,0.0,0.0,1.0,11.0,14.0,15.0,3.0,0.0,0.0,3
0.0,0.0,0.0,2.0,13.0,1.0,0.0,0.0,0.0,0.0,0.0,9.0,15.0,2.0,0.0,0.0,0.0,0.0,4.0,16.0,16.0,8.0,0.0,0.0,0.0,0.0,12.0,9.0,14.0,6.0,0.0,0.0,0.0,5.0,14.0,0.0,13.0,7.0,1.0,0.0,0.0,9.0,15.0,12.0,16.0,16.0,4.0,0.0,0.0,2.0,8.0,9.0,16.0,10.0,1.0,0.0,0.0,0.0,0.0,1.0,13.0,2.0,0.0,0.0,4
0.0,0.0,12.0,13.0,12.0,12.0,12.0,0.0,0.0,0.0,16.0,13.0,12.0,11.0,11.0,0.0,0.0,0.0,16.0,13.0,11.0,2.0,0.0,0.0,0.0,3.0,16.0,14.0,16.0,7.0,0.0,0.0,0.0,0.0,0.0,0.0,11.0,11.0,0.0,0.0,0.0,0.0,0.0,0.0,8.0,11.0,0.0,0.0,0.0,1.0,14.0,11.0,15.0,9.0,0.0,0.0,0.0,0.0,10.0,14.0,12.0,0.0,0.0,0.0,5
0.0,0.0,1.0,11.0,14.0,0.0,0.0,0.0,0.0,0.0,9.0,16.0,12.0,0.0,0.0,0.0,0.0,1.0,16.0,7.0,0.0,0.0,0.0,0.0,0.0,7.0,16.0,5.0,5.0,4.0,0.0,0.0,0.0,7.0,16.0,16.0,16.0,16.0,5.0,0.0,0.0,0.0,16.0,13.0,4.0,13.0,7.0,0.0,0.0,0.0,9.0,16.0,14.0,16.0,4.0,0.0,0.0,0.0,1.0,11.0,14.0,9.0,0.0,0.0,6
0.0,0.0,2.0,12.0,8.0,7.0,6.0,2.0,0.0,0.0,9.0,16.0,15.0,16.0,16.0,5.0,0.0,0.0,13.0,11.0,0.0,10.0,14.0,0.0,0.0,0.0,11.0,3.0,2.0,15.0,4.0,0.0,0.0,0.0,0.0,0.0,11.0,9.0,0.0,0.0,0.0,0.0,0.0,8.0,16.0,4.0,0.0,0.0,0.0,0.0,0.0,15.0,12.0,0.0,0.0,0.0,0.0,0.0,4.0,16.0,2.0,0.0,0.0,0.0,7
0.0,0.0,1.0,6.0,8.0,9.0,3.0,0.0,0.0,0.0,13.0,15.0,12.0,11.0,7.0,0.0,0.0,0.0,13.0,11.0,0.0,9.0,7.0,0.0,0.0,0.0,5.0,15.0,15.0,15.0,0.0,0.0,0.0,0.0,1.0,14.0,16.0,16.0,0.0,0.0,0.0,0.0,11.0,9.0,0.0,16.0,1.0,0.0,0.0,0.0,9.0,10.0,10.0,13.0,0.0,0.0,0.0,0.0,3.0,11.0,9.0,2.0,0.0,0.0,8
0.0,0.0,7.0,14.0,13.0,8.0,0.0,0.0,0.0,1.0,15.0,13.0,14.0,14.0,0.0,0.0,0.0,0.0,13.0,13.0,13.0,16.0,3.0,0.0,0.0,0.0,4.0,14.0,13.0,16.0,4.0,0.0,0.0,0.0,0.0,0.0,0.0,12.0,4.0,0.0,0.0,0.0,0.0,0.0,0.0,14.0,4.0,0.0,0.0,7.0,16.0,9.0,10.0,15.0,2.0,0.0,0.0,1.0,8.0,13.0,15.0,8.0,0.0,0.0,9
0.0,0.0,4.0,13.0,12.0,1.0,0.0,0.0,0.0,2.0,15.0,14.0,16.0,13.0,0.0,0.0,0.0,6.0,16.0,4.0,6.0,16.0,5.0,0.0,0.0,8.0,15.0,1.0,0.0,12.0,8.0,0.0,0.0,8.0,12.0,0.0,0.0,12.0,8.0,0.0,0.0,5.0,13.0,0.0,1.0,13.0,8.0,0.0,0.0,1.0,15.0,10.0,12.0,16.0,3.0,0.0,0.0,0.0,6.0,16.0,13.0,4.0,0.0,0.0,0
0.0,0.0,1.0,8.0,16.0,7.0,0.0,0.0,0.0,0.0,3.0,16.0,16.0,12.0,0.0,0.0,0.0,1.0,15.0,16.0,16.0,12.0,0.0,0.0,0.0,3.0,12.0,15.0,16.0,12.0,0.0,0.0,0.0,0.0,0.0,8.0,16.0,10.0,0.0,0.0,0.0,0.0,0.0,11.0,16.0,14.0,0.0,0.0,0.0,0.0,0.0,11.0,16.0,16.0,1.0,0.0,0.0,0.0,0.0,5.0,13.0,7.0,0.0,0.0,1
0.0,0.0,7.0,13.0,3.0,0.0,0.0,0.0,0.0,0.0,15.0,16.0,11.0,0.0,0.0,0.0,0.0,0.0,14.0,5.0,15.0,3.0,0.0,0.0,0.0,0.0,6.0,2.0,14.0,5.0,0.0,0.0,0.0,0.0,0.0,0.0,12.0,8.0,0.0,0.0,0.0,0.0,0.0,6.0,16.0,4.0,4.0,0.0,0.0,0.0,7.0,16.0,16.0,16.0,16.0,3.0,0.0,0.0,6.0,15.0,6.0,9.0,9.0,1.0,2
0.0,0.0,10.0,16.0,10.0,0.0,0.0,0.0,0.0,8.0,16.0,14.0,16.0,2.0,0.0,0.0,0.0,3.0,15.0,8.0,16.0,3.0,0.0,0.0,0.0,0.0,0.0,11.0,16.0,7.0,0.0,0.0,0.0,0.0,0.0,3.0,10.0,15.0,2.0,0.0,0.0,0.0,10.0,0.0,0.0,14.0,8.0,0.0,0.0,1.0,16.0,6.0,8.0,13.0,8.0,0.0,0.0,1.0,15.0,16.0,13.0,10.0,1.0,0.0,3
0.0,0.0,0.0,11.0,4.0,0.0,0.0,0.0,0.0,0.0,1.0,16.0,4.0,3.0,0.0,0.0,0.0,0.0,10.0,9.0,16.0,4.0,0.0,0.0,0.0,2.0,14.0,5.0,16.0,2.0,0.0,0.0,0.0,8.0,13.0,7.0,16.0,11.0,2.0,0.0,0.0,10.0,16.0,16.0,16.0,14.0,1.0,0.0,0.0,0.0,0.0,11.0,13.0,0.0,0.0,0.0,0.0,0.0,0.0,11.0,7.0,0.0,0.0,0.0,4
0.0,1.0,8.0,8.0,9.0,13.0,8.0,0.0,0.0,2.0,16.0,16.0,16.0,14.0,9.0,0.0,0.0,3.0,16.0,2.0,0.0,0.0,0.0,0.0,0.0,5.0,16.0,16.0,15.0,1.0,0.0,0.0,0.0,5.0,10.0,8.0,15.0,5.0,0.0,0.0,0.0,0.0,0.0,0.0,13.0,7.0,0.0,0.0,0.0,0.0,15.0,12.0,16.0,2.0,0.0,0.0,0.0,0.0,11.0,16.0,9.0,0.0,0.0,0.0,5
0.0,0.0,2.0,11.0,13.0,4.0,0.0,0.0,0.0,0.0,12.0,16.0,13.0,15.0,0.0,0.0,0.0,0.0,16.0,9.0,1.0,3.0,0.0,0.0,0.0,4.0,16.0,6.0,14.0,9.0,1.0,0.0,0.0,7.0,16.0,16.0,16.0,16.0,6.0,0.0,0.0,1.0,16.0,14.0,4.0,16.0,8.0,0.0,0.0,0.0,12.0,16.0,13.0,16.0,2.0,0.0,0.0,0.0,2.0,10.0,16.0,7.0,0.0,0.0,6
0.0,0.0,1.0,8.0,8.0,9.0,12.0,7.0,0.0,0.0,8.0,16.0,12.0,13.0,16.0,5.0,0.0,0.0,11.0,6.0,0.0,8.0,11.0,0.0,0.0,0.0,15.0,3.0,1.0,15.0,3.0,0.0,0.0,0.0,1.0,0.0,10.0,9.0,0.0,0.0,0.0,0.0,0.0,3.0,13.0,1.0,0.0,0.0,0.0,0.0,0.0,13.0,7.0,0.0,0.0,0.0,0.0,0.0,1.0,11.0,1.0,0.0,0.0,0.0,7
0.0,0.0,5.0,11.0,8.0,7.0,0.0,0.0,0.0,3.0,16.0,11.0,9.0,16.0,4.0,0.0,0.0,0.0,14.0,3.0,7.0,15.0,0.0,0.0,0.0,0.0,5.0,15.0,15.0,3.0,0.0,0.0,0.0,0.0,10.0,15.0,14.0,1.0,0.0,0.0,0.0,4.0,13.0,0.0,9.0,7.0,0.0,0.0,0.0,3.0,11.0,5.0,13.0,7.0,0.0,0.0,0.0,0.0,6.0,10.0,6.0,0.0,0.0,0.0,8
0.0,0.0,5.0,16.0,11.0,0.0,0.0,0.0,0.0,0.0,12.0,13.0,13.0,11.0,0.0,0.0,0.0,0.0,13.0,8.0,6.0,16.0,0.0,0.0,0.0,0.0,7.0,14.0,16.0,16.0,4.0,0.0,0.0,0.0,0.0,7.0,8.0,14.0,7.0,0.0,0.0,0.0,4.0,0.0,0.0,8.0,12.0,0.0,0.0,1.0,15.0,11.0,8.0,13.0,11.0,0.0,0.0,0.0,5.0,11.0,12.0,14.0,3.0,0.0,9
0.0,0.0,3.0,12.0,11.0,1.0,0.0,0.0,0.0,1.0,14.0,14.0,15.0,8.0,0.0,0.0,0.0,3.0,16.0,2.0,5.0,16.0,1.0,0.0,0.0,4.0,16.0,0.0,0.0,14.0,6.0,0.0,0.0,4.0,16.0,0.0,0.0,11.0,8.0,0.0,0.0,3.0,16.0,2.0,0.0,10.0,8.0,0.0,0.0,0.0,10.0,15.0,13.0,16.0,3.0,0.0,0.0,0.0,1.0,15.0,14.0,6.0,0.0,0.0,0
0.0,0.0,0.0,5.0,15.0,13.0,1.0,0.0,0.0,0.0,2.0,14.0,16.0,16.0,4.0,0.0,0.0,0.0,8.0,16.0,16.0,16.0,4.0,0.0,0.0,6.0,15.0,16.0,16.0,16.0,1.0,0.0,0.0,3.0,7.0,10.0,16.0,16.0,4.0,0.0,0.0,0.0,0.0,11.0,16.0,16.0,1.0,0.0,0.0,0.0,0.0,12.0,16.0,16.0,1.0,0.0,0.0,0.0,0.0,6.0,14.0,12.0,1.0,0.0,1
0.0,0.0,9.0,11.0,2.0,0.0,0.0,0.0,0.0,8.0,16.0,14.0,12.0,0.0,0.0,0.0,0.0,9.0,10.0,5.0,15.0,0.0,0.0,0.0,0.0,5.0,10.0,4.0,16.0,1.0,0.0,0.0,0.0,0.0,0.0,5.0,15.0,0.0,0.0,0.0,0.0,0.0,2.0,13.0,9.0,2.0,1.0,0.0,0.0,0.0,10.0,16.0,15.0,14.0,15.0,0.0,0.0,0.0,7.0,9.0,9.0,12.0,4.0,0.0,2
0.0,0.0,3.0,13.0,13.0,1.0,0.0,0.0,0.0,0.0,10.0,15.0,16.0,7.0,0.0,0.0,0.0,0.0,5.0,3.0,15.0,10.0,0.0,0.0,0.0,0.0,0.0,0.0,16.0,15.0,1.0,0.0,0.0,2.0,7.0,0.0,4.0,16.0,8.0,0.0,0.0,5.0,13.0,0.0,0.0,14.0,9.0,0.0,0.0,0.0,14.0,11.0,9.0,16.0,8.0,0.0,0.0,0.0,3.0,12.0,13.0,8.0,0.0,0.0,3
0.0,0.0,0.0,4.0,12.0,0.0,0.0,0.0,0.0,0.0,0.0,12.0,16.0,8.0,0.0,0.0,0.0,0.0,4.0,16.0,15.0,8.0,0.0,0.0,0.0,1.0,15.0,8.0,14.0,7.0,0.0,0.0,0.0,6.0,16.0,8.0,14.0,14.0,4.0,0.0,0.0,10.0,16.0,16.0,16.0,13.0,1.0,0.0,0.0,0.0,0.0,2.0,16.0,4.0,0.0,0.0,0.0,0.0,0.0,4.0,13.0,2.0,0.0,0.0,4
0.0,0.0,6.0,8.0,11.0,14.0,14.0,0.0,0.0,1.0,16.0,16.0,13.0,12.0,7.0,0.0,0.0,0.0,16.0,7.0,1.0,0.0,0.0,0.0,0.0,4.0,16.0,16.0,15.0,1.0,0.0,0.0,0.0,1.0,5.0,6.0,13.0,9.0,0.0,0.0,0.0,0.0,6.0,0.0,12.0,9.0,0.0,0.0,0.0,0.0,12.0,10.0,16.0,4.0,0.0,0.0,0.0,0.0,10.0,14.0,8.0,0.0,0.0,0.0,5
0.0,0.0,1.0,11.0,14.0,6.0,0.0,0.0,0.0,0.0,4.0,16.0,14.0,4.0,0.0,0.0,0.0,0.0,12.0,16.0,2.0,0.0,0.0,0.0,0.0,2.0,16.0,16.0,12.0,5.0,0.0,0.0,0.0,7.0,16.0,16.0,16.0,16.0,3.0,0.0,0.0,3.0,15.0,5.0,0.0,15.0,13.0,0.0,0.0,0.0,11.0,16.0,14.0,16.0,10.0,0.0,0.0,0.0,0.0,12.0,13.0,9.0,1.0,0.0,6
0.0,0.0,2.0,10.0,10.0,12.0,15.0,10.0,0.0,0.0,9.0,16.0,12.0,8.0,15.0,6.0,0.0,0.0,13.0,9.0,0.0,4.0,12.0,1.0,0.0,1.0,16.0,3.0,1.0,13.0,2.0,0.0,0.0,0.0,5.0,0.0,9.0,7.0,0.0,0.0,0.0,0.0,0.0,3.0,13.0,1.0,0.0,0.0,0.0,0.0,0.0,12.0,7.0,0.0,0.0,0.0,0.0,0.0,0.0,14.0,2.0,0.0,0.0,0.0,7
0.0,0.0,1.0,11.0,14.0,5.0,0.0,0.0,0.0,1.0,16.0,14.0,6.0,13.0,1.0,0.0,0.0,9.0,14.0,2.0,0.0,16.0,4.0,0.0,0.0,5.0,13.0,0.0,6.0,16.0,1.0,0.0,0.0,1.0,15.0,16.0,16.0,12.0,0.0,0.0,0.0,0.0,5.0,14.0,3.0,13.0,4.0,0.0,0.0,0.0,3.0,15.0,7.0,16.0,1.0,0.0,0.0,0.0,0.0,11.0,16.0,8.0,0.0,0.0,8
0.0,0.0,3.0,14.0,10.0,3.0,0.0,0.0,0.0,0.0,10.0,14.0,13.0,15.0,1.0,0.0,0.0,0.0,12.0,4.0,4.0,16.0,4.0,0.0,0.0,0.0,6.0,15.0,15.0,16.0,8.0,0.0,0.0,0.0,1.0,8.0,8.0,14.0,8.0,0.0,0.0,0.0,2.0,0.0,0.0,9.0,11.0,0.0,0.0,0.0,16.0,10.0,8.0,12.0,12.0,0.0,0.0,0.0,7.0,12.0,14.0,14.0,6.0,0.0,9
0.0,0.0,4.0,14.0,9.0,0.0,0.0,0.0,0.0,0.0,13.0,16.0,16.0,10.0,0.0,0.0,0.0,4.0,16.0,4.0,5.0,16.0,6.0,0.0,0.0,8.0,14.0,0.0,1.0,15.0,5.0,0.0,0.0,6.0,16.0,0.0,0.0,13.0,4.0,0.0,0.0,4.0,15.0,1.0,7.0,16.0,1.0,0.0,0.0,2.0,15.0,14.0,16.0,7.0,0.0,0.0,0.0,0.0,4.0,13.0,9.0,0.0,0.0,0.0,0
0.0,0.0,5.0,14.0,11.0,1.0,0.0,0.0,0.0,0.0,16.0,10.0,14.0,13.0,0.0,0.0,0.0,0.0,14.0,2.0,8.0,16.0,6.0,0.0,0.0,0.0,12.0,7.0,10.0,16.0,8.0,0.0,0.0,0.0,5.0,16.0,16.0,15.0,8.0,0.0,0.0,1.0,3.0,1.0,2.0,11.0,9.0,0.0,0.0,1.0,15.0,6.0,4.0,12.0,11.0,0.0,0.0,0.0,6.0,16.0,14.0,12.0,3.0,0.0,9
0.0,1.0,14.0,13.0,12.0,8.0,5.0,0.0,0.0,4.0,16.0,11.0,12.0,15.0,7.0,0.0,0.0,8.0,16.0,16.0,13.0,1.0,0.0,0.0,0.0,3.0,9.0,7.0,15.0,7.0,0.0,0.0,0.0,0.0,0.0,0.0,8.0,9.0,0.0,0.0,0.0,0.0,2.0,0.0,6.0,12.0,0.0,0.0,0.0,0.0,16.0,8.0,12.0,11.0,0.0,0.0,0.0,0.0,12.0,14.0,12.0,4.0,0.0,0.0,5
0.0,1.0,8.0,12.0,16.0,16.0,7.0,0.0,0.0,7.0,16.0,12.0,12.0,12.0,5.0,0.0,0.0,4.0,13.0,3.0,0.0,0.0,0.0,0.0,0.0,4.0,16.0,16.0,13.0,0.0,0.0,0.0,0.0,2.0,8.0,6.0,15.0,6.0,0.0,0.0,0.0,0.0,7.0,0.0,9.0,12.0,0.0,0.0,0.0,0.0,16.0,11.0,13.0,12.0,0.0,0.0,0.0,0.0,5.0,13.0,12.0,5.0,0.0,0.0,5
0.0,0.0,1.0,9.0,14.0,11.0,1.0,0.0,0.0,0.0,10.0,15.0,9.0,13.0,5.0,0.0,0.0,3.0,16.0,7.0,0.0,0.0,0.0,0.0,0.0,5.0,16.0,16.0,16.0,10.0,0.0,0.0,0.0,7.0,16.0,11.0,10.0,16.0,5.0,0.0,0.0,2.0,16.0,5.0,0.0,12.0,8.0,0.0,0.0,0.0,10.0,15.0,13.0,16.0,5.0,0.0,0.0,0.0,0.0,9.0,12.0,7.0,0.0,0.0,6
0.0,0.0,11.0,10.0,12.0,14.0,11.0,0.0,0.0,0.0,16.0,16.0,16.0,16.0,7.0,0.0,0.0,1.0,16.0,16.0,16.0,12.0,0.0,0.0,0.0,1.0,5.0,2.0,11.0,15.0,0.0,0.0,0.0,0.0,1.0,0.0,2.0,16.0,0.0,0.0,0.0,3.0,12.0,0.0,3.0,15.0,0.0,0.0,0.0,6.0,15.0,8.0,13.0,11.0,0.0,0.0,0.0,0.0,9.0,14.0,9.0,2.0,0.0,0.0,5
0.0,0.0,10.0,15.0,6.0,0.0,0.0,0.0,0.0,2.0,16.0,14.0,16.0,7.0,0.0,0.0,0.0,4.0,16.0,8.0,5.0,16.0,1.0,0.0,0.0,5.0,12.0,0.0,0.0,12.0,8.0,0.0,0.0,8.0,9.0,0.0,0.0,12.0,8.0,0.0,0.0,5.0,12.0,0.0,1.0,15.0,3.0,0.0,0.0,4.0,13.0,4.0,12.0,13.0,0.0,0.0,0.0,0.0,9.0,16.0,13.0,4.0,0.0,0.0,0
0.0,0.0,9.0,16.0,11.0,1.0,0.0,0.0,0.0,5.0,16.0,10.0,16.0,9.0,0.0,0.0,0.0,6.0,14.0,1.0,9.0,15.0,0.0,0.0,0.0,1.0,15.0,6.0,11.0,16.0,2.0,0.0,0.0,0.0,7.0,16.0,15.0,16.0,7.0,0.0,0.0,0.0,0.0,3.0,1.0,11.0,9.0,0.0,0.0,3.0,14.0,9.0,9.0,14.0,12.0,0.0,0.0,0.0,12.0,16.0,16.0,13.0,3.0,0.0,9
0.0,0.0,4.0,15.0,13.0,3.0,0.0,0.0,0.0,1.0,16.0,13.0,16.0,15.0,1.0,0.0,0.0,6.0,15.0,0.0,4.0,16.0,4.0,0.0,0.0,3.0,15.0,14.0,16.0,14.0,0.0,0.0,0.0,0.0,4.0,16.0,16.0,11.0,0.0,0.0,0.0,0.0,11.0,12.0,8.0,16.0,5.0,0.0,0.0,0.0,16.0,10.0,12.0,16.0,3.0,0.0,0.0,0.0,7.0,16.0,13.0,7.0,0.0,0.0,8
0.0,1.0,7.0,12.0,13.0,3.0,0.0,0.0,0.0,7.0,13.0,6.0,15.0,14.0,0.0,0.0,0.0,6.0,10.0,0.0,13.0,16.0,0.0,0.0,0.0,1.0,13.0,13.0,15.0,16.0,1.0,0.0,0.0,0.0,0.0,4.0,1.0,12.0,8.0,0.0,0.0,0.0,0.0,0.0,0.0,12.0,8.0,0.0,0.0,0.0,12.0,13.0,5.0,14.0,8.0,0.0,0.0,0.0,5.0,12.0,16.0,11.0,1.0,0.0,9
0.0,0.0,5.0,12.0,9.0,1.0,0.0,0.0,0.0,0.0,16.0,9.0,15.0,9.0,0.0,0.0,0.0,2.0,14.0,1.0,10.0,12.0,0.0,0.0,0.0,0.0,9.0,14.0,16.0,11.0,0.0,0.0,0.0,0.0,3.0,15.0,16.0,9.0,0.0,0.0,0.0,0.0,12.0,10.0,3.0,13.0,1.0,0.0,0.0,0.0,11.0,8.0,5.0,16.0,3.0,0.0,0.0,0.0,4.0,10.0,8.0,3.0,0.0,0.0,8
0.0,0.0,0.0,5.0,14.0,0.0,0.0,0.0,0.0,0.0,0.0,13.0,14.0,12.0,0.0,0.0,0.0,0.0,7.0,13.0,6.0,13.0,0.0,0.0,0.0,2.0,16.0,3.0,10.0,11.0,0.0,0.0,0.0,6.0,16.0,13.0,16.0,16.0,5.0,0.0,0.0,2.0,8.0,9.0,16.0,11.0,2.0,0.0,0.0,0.0,0.0,3.0,16.0,0.0,0.0,0.0,0.0,0.0,0.0,7.0,12.0,0.0,0.0,0.0,4
0.0,0.0,0.0,1.0,12.0,7.0,0.0,0.0,0.0,0.0,0.0,9.0,16.0,16.0,1.0,0.0,0.0,1.0,7.0,15.0,16.0,14.0,0.0,0.0,0.0,4.0,16.0,16.0,16.0,16.0,0.0,0.0,0.0,0.0,0.0,3.0,16.0,16.0,0.0,0.0,0.0,0.0,0.0,2.0,16.0,16.0,3.0,0.0,0.0,0.0,0.0,6.0,16.0,16.0,0.0,0.0,0.0,0.0,0.0,3.0,15.0,13.0,0.0,0.0,1
0.0,0.0,1.0,8.0,11.0,13.0,15.0,3.0,0.0,0.0,7.0,16.0,10.0,10.0,16.0,5.0,0.0,1.0,13.0,3.0,0.0,9.0,14.0,0.0,0.0,3.0,15.0,0.0,2.0,15.0,4.0,0.0,0.0,5.0,8.0,0.0,10.0,11.0,0.0,0.0,0.0,0.0,0.0,2.0,15.0,4.0,0.0,0.0,0.0,0.0,0.0,8.0,14.0,0.0,0.0,0.0,0.0,0.0,0.0,13.0,7.0,0.0,0.0,0.0,7
0.0,0.0,6.0,12.0,12.0,15.0,16.0,6.0,0.0,2.0,15.0,16.0,14.0,16.0,15.0,3.0,0.0,3.0,16.0,6.0,6.0,16.0,6.0,0.0,0.0,7.0,15.0,4.0,14.0,11.0,0.0,0.0,0.0,1.0,2.0,8.0,15.0,3.0,0.0,0.0,0.0,0.0,1.0,16.0,9.0,0.0,0.0,0.0,0.0,0.0,6.0,16.0,4.0,0.0,0.0,0.0,0.0,0.0,8.0,16.0,3.0,0.0,0.0,0.0,7
0.0,0.0,6.0,15.0,14.0,2.0,0.0,0.0,0.0,5.0,16.0,11.0,14.0,12.0,0.0,0.0,0.0,5.0,11.0,3.0,16.0,5.0,0.0,0.0,0.0,0.0,0.0,14.0,16.0,7.0,0.0,0.0,0.0,0.0,0.0,8.0,10.0,16.0,3.0,0.0,0.0,1.0,4.0,0.0,0.0,12.0,7.0,0.0,0.0,7.0,16.0,5.0,6.0,16.0,5.0,0.0,0.0,1.0,8.0,15.0,16.0,12.0,1.0,0.0,3
0.0,0.0,3.0,8.0,9.0,11.0,14.0,1.0,0.0,0.0,9.0,16.0,16.0,16.0,13.0,0.0,0.0,0.0,16.0,5.0,8.0,0.0,0.0,0.0,0.0,4.0,16.0,16.0,16.0,6.0,0.0,0.0,0.0,2.0,9.0,2.0,9.0,10.0,0.0,0.0,0.0,0.0,0.0,0.0,8.0,8.0,0.0,0.0,0.0,0.0,8.0,12.0,13.0,5.0,0.0,0.0,0.0,0.0,5.0,13.0,10.0,1.0,0.0,0.0,5
0.0,0.0,0.0,5.0,16.0,8.0,0.0,0.0,0.0,0.0,4.0,16.0,16.0,8.0,0.0,0.0,0.0,2.0,15.0,16.0,16.0,8.0,0.0,0.0,0.0,4.0,8.0,12.0,16.0,5.0,0.0,0.0,0.0,0.0,0.0,6.0,16.0,11.0,0.0,0.0,0.0,0.0,0.0,6.0,16.0,12.0,0.0,0.0,0.0,0.0,0.0,6.0,16.0,15.0,1.0,0.0,0.0,0.0,0.0,4.0,15.0,11.0,2.0,0.0,1
0.0,0.0,2.0,15.0,10.0,1.0,0.0,0.0,0.0,2.0,13.0,12.0,14.0,9.0,0.0,0.0,0.0,6.0,16.0,1.0,1.0,14.0,2.0,0.0,0.0,8.0,16.0,0.0,0.0,10.0,5.0,0.0,0.0,8.0,14.0,2.0,0.0,8.0,8.0,0.0,0.0,6.0,14.0,0.0,0.0,8.0,8.0,0.0,0.0,1.0,14.0,12.0,8.0,15.0,6.0,0.0,0.0,0.0,3.0,13.0,16.0,8.0,1.0,0.0,0
0.0,0.0,2.0,15.0,8.0,0.0,0.0,0.0,0.0,0.0,7.0,14.0,15.0,8.0,0.0,0.0,0.0,7.0,15.0,3.0,3.0,15.0,0.0,0.0,0.0,6.0,16.0,1.0,0.0,9.0,8.0,0.0,0.0,4.0,12.0,0.0,0.0,8.0,8.0,0.0,0.0,0.0,12.0,3.0,0.0,12.0,7.0,0.0,0.0,0.0,9.0,13.0,13.0,15.0,1.0,0.0,0.0,0.0,1.0,9.0,12.0,5.0,0.0,0.0,0
0.0,0.0,11.0,15.0,4.0,0.0,0.0,0.0,0.0,5.0,16.0,15.0,15.0,0.0,0.0,0.0,0.0,0.0,14.0,11.0,16.0,2.0,0.0,0.0,0.0,0.0,0.0,4.0,16.0,5.0,0.0,0.0,0.0,0.0,0.0,4.0,16.0,6.0,0.0,0.0,0.0,0.0,0.0,7.0,16.0,10.0,3.0,0.0,0.0,0.0,11.0,16.0,16.0,16.0,16.0,6.0,0.0,0.0,11.0,16.0,10.0,5.0,13.0,6.0,2
0.0,0.0,12.0,15.0,3.0,0.0,0.0,0.0,0.0,6.0,15.0,12.0,14.0,0.0,0.0,0.0,0.0,7.0,5.0,1.0,16.0,2.0,0.0,0.0,0.0,0.0,0.0,0.0,11.0,7.0,0.0,0.0,0.0,0.0,0.0,2.0,15.0,3.0,0.0,0.0,0.0,0.0,0.0,8.0,14.0,1.0,0.0,0.0,0.0,0.0,12.0,16.0,12.0,8.0,5.0,0.0,0.0,0.0,9.0,8.0,13.0,15.0,7.0,0.0,2
0.0,0.0,2.0,12.0,12.0,12.0,9.0,2.0,0.0,0.0,9.0,15.0,12.0,13.0,16.0,5.0,0.0,0.0,12.0,8.0,0.0,8.0,10.0,0.0,0.0,1.0,16.0,3.0,3.0,15.0,2.0,0.0,0.0,1.0,3.0,0.0,12.0,7.0,0.0,0.0,0.0,0.0,0.0,4.0,13.0,0.0,0.0,0.0,0.0,0.0,0.0,13.0,9.0,0.0,0.0,0.0,0.0,0.0,3.0,15.0,3.0,0.0,0.0,0.0,7
0.0,0.0,3.0,9.0,14.0,7.0,0.0,0.0,0.0,3.0,15.0,11.0,8.0,15.0,2.0,0.0,0.0,4.0,16.0,5.0,2.0,16.0,7.0,0.0,0.0,0.0,4.0,15.0,13.0,16.0,7.0,0.0,0.0,0.0,0.0,6.0,16.0,16.0,1.0,0.0,0.0,0.0,2.0,15.0,8.0,16.0,7.0,0.0,0.0,0.0,4.0,16.0,4.0,15.0,7.0,0.0,0.0,0.0,0.0,10.0,15.0,10.0,0.0,0.0,8
0.0,0.0,7.0,13.0,2.0,0.0,0.0,0.0,0.0,11.0,15.0,12.0,13.0,0.0,0.0,0.0,0.0,12.0,7.0,0.0,16.0,4.0,0.0,0.0,0.0,4.0,4.0,0.0,14.0,8.0,0.0,0.0,0.0,0.0,0.0,0.0,14.0,7.0,0.0,0.0,0.0,0.0,0.0,4.0,16.0,3.0,0.0,0.0,0.0,0.0,12.0,16.0,16.0,12.0,9.0,0.0,0.0,0.0,9.0,12.0,8.0,10.0,14.0,0.0,2
0.0,0.0,4.0,15.0,12.0,2.0,0.0,0.0,0.0,2.0,15.0,7.0,11.0,10.0,0.0,0.0,0.0,4.0,16.0,0.0,0.0,15.0,1.0,0.0,0.0,6.0,10.0,0.0,0.0,10.0,8.0,0.0,0.0,8.0,8.0,0.0,0.0,6.0,8.0,0.0,0.0,5.0,12.0,0.0,0.0,11.0,8.0,0.0,0.0,2.0,16.0,7.0,8.0,16.0,2.0,0.0,0.0,0.0,6.0,15.0,16.0,8.0,0.0,0.0,0
0.0,0.0,7.0,10.0,0.0,0.0,0.0,0.0,0.0,0.0,9.0,16.0,0.0,0.0,0.0,0.0,0.0,0.0,6.0,16.0,5.0,0.0,0.0,0.0,0.0,0.0,9.0,16.0,9.0,0.0,0.0,0.0,0.0,0.0,0.0,6.0,14.0,1.0,0.0,0.0,0.0,0.0,0.0,2.0,16.0,4.0,0.0,0.0,0.0,0.0,1.0,4.0,14.0,12.0,4.0,1.0,0.0,0.0,7.0,16.0,16.0,16.0,16.0,5.0,1
0.0,0.0,7.0,15.0,6.0,0.0,0.0,0.0,0.0,4.0,16.0,9.0,14.0,3.0,0.0,0.0,0.0,2.0,14.0,0.0,13.0,6.0,0.0,0.0,0.0,0.0,2.0,0.0,11.0,10.0,0.0,0.0,0.0,0.0,0.0,0.0,13.0,6.0,0.0,0.0,0.0,0.0,0.0,5.0,15.0,7.0,0.0,0.0,0.0,0.0,9.0,16.0,16.0,16.0,15.0,0.0,0.0,0.0,6.0,15.0,7.0,4.0,6.0,1.0,2
0.0,0.0,0.0,11.0,12.0,1.0,0.0,0.0,0.0,0.0,8.0,16.0,9.0,4.0,0.0,0.0,0.0,0.0,3.0,4.0,0.0,0.0,0.0,0.0,0.0,1.0,0.0,2.0,8.0,2.0,0.0,0.0,0.0,5.0,16.0,16.0,16.0,14.0,2.0,0.0,0.0,2.0,16.0,9.0,3.0,13.0,7.0,0.0,0.0,0.0,11.0,14.0,7.0,16.0,9.0,0.0,0.0,0.0,1.0,10.0,14.0,10.0,2.0,0.0,6
0.0,0.0,3.0,10.0,13.0,7.0,0.0,0.0,0.0,1.0,14.0,13.0,15.0,14.0,0.0,0.0,0.0,0.0,15.0,5.0,14.0,9.0,0.0,0.0,0.0,0.0,0.0,10.0,16.0,5.0,0.0,0.0,0.0,0.0,0.0,7.0,14.0,16.0,3.0,0.0,0.0,4.0,5.0,0.0,2.0,16.0,4.0,0.0,0.0,10.0,16.0,10.0,8.0,16.0,3.0,0.0,0.0,0.0,5.0,12.0,14.0,8.0,0.0,0.0,3
0.0,0.0,3.0,14.0,13.0,0.0,0.0,0.0,0.0,2.0,16.0,9.0,16.0,2.0,0.0,0.0,0.0,4.0,12.0,3.0,16.0,0.0,0.0,0.0,0.0,2.0,9.0,15.0,16.0,10.0,1.0,0.0,0.0,0.0,0.0,11.0,8.0,16.0,6.0,0.0,0.0,0.0,6.0,0.0,0.0,12.0,8.0,0.0,0.0,0.0,14.0,10.0,5.0,16.0,7.0,0.0,0.0,0.0,3.0,13.0,16.0,11.0,1.0,0.0,3
0.0,0.0,0.0,10.0,12.0,15.0,16.0,13.0,0.0,0.0,6.0,15.0,6.0,4.0,14.0,9.0,0.0,0.0,10.0,6.0,0.0,3.0,14.0,2.0,0.0,1.0,14.0,1.0,0.0,12.0,6.0,0.0,0.0,0.0,3.0,0.0,5.0,13.0,0.0,0.0,0.0,0.0,0.0,1.0,13.0,3.0,0.0,0.0,0.0,0.0,0.0,6.0,13.0,0.0,0.0,0.0,0.0,0.0,0.0,14.0,6.0,0.0,0.0,0.0,7
0.0,0.0,4.0,13.0,14.0,2.0,0.0,0.0,0.0,0.0,15.0,10.0,11.0,10.0,0.0,0.0,0.0,3.0,15.0,2.0,12.0,6.0,0.0,0.0,0.0,0.0,3.0,8.0,16.0,7.0,0.0,0.0,0.0,0.0,0.0,4.0,9.0,16.0,2.0,0.0,0.0,0.0,10.0,3.0,0.0,13.0,6.0,0.0,0.0,0.0,16.0,5.0,7.0,16.0,3.0,0.0,0.0,0.0,7.0,13.0,13.0,8.0,0.0,0.0,3
0.0,0.0,5.0,14.0,9.0,0.0,0.0,0.0,0.0,1.0,16.0,13.0,16.0,0.0,0.0,0.0,0.0,2.0,13.0,10.0,14.0,0.0,0.0,0.0,0.0,0.0,4.0,16.0,16.0,7.0,0.0,0.0,0.0,0.0,2.0,4.0,5.0,16.0,4.0,0.0,0.0,0.0,0.0,0.0,0.0,14.0,7.0,0.0,0.0,0.0,11.0,8.0,8.0,16.0,4.0,0.0,0.0,0.0,8.0,13.0,15.0,10.0,0.0,0.0,3
0.0,0.0,0.0,5.0,8.0,0.0,0.0,0.0,0.0,0.0,1.0,15.0,10.0,5.0,0.0,0.0,0.0,0.0,9.0,11.0,10.0,10.0,0.0,0.0,0.0,2.0,15.0,2.0,14.0,6.0,0.0,0.0,0.0,8.0,13.0,5.0,14.0,13.0,4.0,0.0,0.0,11.0,16.0,16.0,16.0,14.0,3.0,0.0,0.0,0.0,0.0,3.0,16.0,0.0,0.0,0.0,0.0,0.0,0.0,7.0,10.0,0.0,0.0,0.0,4
0.0,0.0,0.0,12.0,15.0,1.0,0.0,0.0,0.0,0.0,4.0,16.0,13.0,1.0,0.0,0.0,0.0,1.0,14.0,15.0,2.0,0.0,0.0,0.0,0.0,4.0,16.0,15.0,10.0,7.0,0.0,0.0,0.0,7.0,16.0,16.0,12.0,16.0,6.0,0.0,0.0,3.0,16.0,13.0,0.0,16.0,12.0,0.0,0.0,0.0,11.0,16.0,13.0,16.0,12.0,0.0,0.0,0.0,1.0,9.0,13.0,12.0,4.0,0.0,6
0.0,0.0,2.0,15.0,13.0,3.0,0.0,0.0,0.0,0.0,12.0,16.0,9.0,4.0,0.0,0.0,0.0,3.0,16.0,9.0,0.0,0.0,0.0,0.0,0.0,3.0,16.0,14.0,12.0,5.0,0.0,0.0,0.0,8.0,16.0,16.0,16.0,16.0,0.0,0.0,0.0,5.0,16.0,15.0,6.0,16.0,9.0,0.0,0.0,1.0,13.0,14.0,13.0,16.0,3.0,0.0,0.0,0.0,3.0,12.0,14.0,10.0,0.0,0.0,6
0.0,0.0,2.0,12.0,16.0,6.0,0.0,0.0,0.0,0.0,5.0,16.0,12.0,4.0,0.0,0.0,0.0,0.0,15.0,14.0,0.0,0.0,0.0,0.0,0.0,2.0,16.0,14.0,8.0,8.0,0.0,0.0,0.0,4.0,16.0,16.0,13.0,15.0,8.0,0.0,0.0,4.0,16.0,11.0,1.0,12.0,12.0,0.0,0.0,0.0,11.0,16.0,12.0,14.0,15.0,0.0,0.0,0.0,1.0,8.0,12.0,12.0,6.0,0.0,6
0.0,0.0,0.0,4.0,9.0,0.0,0.0,0.0,0.0,0.0,0.0,12.0,11.0,0.0,0.0,0.0,0.0,0.0,4.0,13.0,16.0,4.0,0.0,0.0,0.0,0.0,12.0,6.0,14.0,4.0,0.0,0.0,0.0,4.0,16.0,9.0,15.0,13.0,3.0,0.0,0.0,4.0,12.0,12.0,16.0,14.0,6.0,0.0,0.0,0.0,0.0,0.0,16.0,4.0,0.0,0.0,0.0,0.0,0.0,2.0,16.0,3.0,0.0,0.0,4
0.0,0.0,10.0,16.0,13.0,5.0,0.0,0.0,0.0,7.0,13.0,5.0,14.0,12.0,0.0,0.0,0.0,9.0,10.0,0.0,13.0,14.0,0.0,0.0,0.0,4.0,15.0,13.0,16.0,15.0,3.0,0.0,0.0,0.0,2.0,6.0,3.0,12.0,8.0,0.0,0.0,0.0,0.0,0.0,0.0,12.0,8.0,0.0,0.0,0.0,12.0,6.0,5.0,15.0,4.0,0.0,0.0,0.0,9.0,13.0,16.0,8.0,0.0,0.0,9
0.0,0.0,0.0,2.0,16.0,15.0,3.0,0.0,0.0,0.0,0.0,8.0,16.0,16.0,4.0,0.0,0.0,0.0,9.0,16.0,16.0,14.0,0.0,0.0,0.0,7.0,16.0,16.0,16.0,12.0,0.0,0.0,0.0,0.0,0.0,8.0,16.0,12.0,0.0,0.0,0.0,0.0,0.0,7.0,16.0,12.0,0.0,0.0,0.0,0.0,0.0,4.0,16.0,16.0,7.0,0.0,0.0,0.0,0.0,0.0,13.0,16.0,7.0,0.0,1
0.0,0.0,4.0,12.0,16.0,16.0,11.0,2.0,0.0,0.0,15.0,13.0,8.0,11.0,8.0,1.0,0.0,2.0,15.0,13.0,16.0,8.0,0.0,0.0,0.0,6.0,16.0,13.0,13.0,16.0,2.0,0.0,0.0,7.0,11.0,2.0,2.0,16.0,6.0,0.0,0.0,0.0,0.0,0.0,5.0,15.0,2.0,0.0,0.0,0.0,9.0,6.0,13.0,10.0,0.0,0.0,0.0,0.0,7.0,14.0,13.0,1.0,0.0,0.0,5
0.0,0.0,3.0,14.0,10.0,1.0,0.0,0.0,0.0,2.0,14.0,12.0,15.0,14.0,1.0,0.0,0.0,6.0,13.0,0.0,3.0,14.0,8.0,0.0,0.0,5.0,12.0,0.0,0.0,11.0,8.0,0.0,0.0,4.0,14.0,0.0,0.0,12.0,7.0,0.0,0.0,1.0,14.0,4.0,3.0,16.0,3.0,0.0,0.0,0.0,8.0,12.0,12.0,12.0,0.0,0.0,0.0,0.0,2.0,15.0,10.0,3.0,0.0,0.0,0
0.0,0.0,7.0,14.0,10.0,7.0,0.0,0.0,0.0,5.0,16.0,14.0,16.0,14.0,0.0,0.0,0.0,7.0,11.0,0.0,9.0,14.0,1.0,0.0,0.0,4.0,14.0,7.0,11.0,16.0,5.0,0.0,0.0,0.0,9.0,15.0,15.0,12.0,8.0,0.0,0.0,0.0,0.0,1.0,1.0,8.0,9.0,0.0,0.0,0.0,14.0,11.0,10.0,15.0,9.0,0.0,0.0,0.0,9.0,13.0,13.0,9.0,0.0,0.0,9
0.0,0.0,9.0,13.0,14.0,15.0,13.0,0.0,0.0,0.0,16.0,13.0,12.0,12.0,5.0,0.0,0.0,4.0,16.0,0.0,0.0,0.0,0.0,0.0,0.0,8.0,16.0,16.0,11.0,1.0,0.0,0.0,0.0,1.0,7.0,8.0,16.0,12.0,0.0,0.0,0.0,0.0,0.0,0.0,9.0,13.0,0.0,0.0,0.0,0.0,12.0,8.0,12.0,10.0,0.0,0.0,0.0,0.0,10.0,16.0,13.0,3.0,0.0,0.0,5
0.0,0.0,10.0,13.0,2.0,0.0,0.0,0.0,0.0,0.0,12.0,16.0,10.0,0.0,0.0,0.0,0.0,0.0,7.0,14.0,16.0,0.0,0.0,0.0,0.0,0.0,0.0,2.0,16.0,1.0,0.0,0.0,0.0,0.0,0.0,2.0,16.0,1.0,0.0,0.0,0.0,0.0,4.0,8.0,15.0,0.0,0.0,0.0,0.0,0.0,16.0,16.0,16.0,13.0,11.0,0.0,0.0,0.0,8.0,14.0,8.0,11.0,14.0,1.0,2
0.0,0.0,1.0,7.0,6.0,11.0,1.0,0.0,0.0,0.0,13.0,11.0,15.0,16.0,7.0,0.0,0.0,0.0,13.0,6.0,11.0,16.0,4.0,0.0,0.0,0.0,3.0,15.0,16.0,7.0,0.0,0.0,0.0,0.0,4.0,15.0,14.0,7.0,0.0,0.0,0.0,1.0,14.0,3.0,1.0,13.0,0.0,0.0,0.0,2.0,12.0,2.0,3.0,12.0,0.0,0.0,0.0,0.0,1.0,10.0,8.0,1.0,0.0,0.0,8
0.0,0.0,13.0,14.0,3.0,0.0,0.0,0.0,0.0,4.0,16.0,15.0,11.0,0.0,0.0,0.0,0.0,7.0,12.0,4.0,16.0,0.0,0.0,0.0,0.0,3.0,6.0,4.0,16.0,0.0,0.0,0.0,0.0,0.0,0.0,9.0,12.0,0.0,0.0,0.0,0.0,0.0,1.0,14.0,7.0,0.0,0.0,0.0,0.0,1.0,14.0,16.0,10.0,10.0,2.0,0.0,0.0,0.0,11.0,12.0,14.0,14.0,6.0,0.0,2
0.0,0.0,4.0,15.0,12.0,1.0,0.0,0.0,0.0,0.0,12.0,11.0,13.0,13.0,1.0,0.0,0.0,3.0,12.0,0.0,0.0,14.0,6.0,0.0,0.0,8.0,12.0,0.0,0.0,11.0,8.0,0.0,0.0,8.0,12.0,0.0,0.0,8.0,8.0,0.0,0.0,6.0,13.0,0.0,0.0,11.0,7.0,0.0,0.0,4.0,16.0,7.0,10.0,15.0,2.0,0.0,0.0,0.0,7.0,13.0,12.0,2.0,0.0,0.0,0
0.0,0.0,3.0,16.0,9.0,0.0,0.0,0.0,0.0,4.0,15.0,15.0,16.0,7.0,0.0,0.0,0.0,8.0,16.0,3.0,7.0,12.0,0.0,0.0,0.0,6.0,16.0,3.0,0.0,13.0,3.0,0.0,0.0,8.0,10.0,0.0,0.0,12.0,8.0,0.0,0.0,1.0,15.0,2.0,0.0,9.0,11.0,0.0,0.0,0.0,13.0,14.0,10.0,15.0,12.0,0.0,0.0,0.0,3.0,10.0,16.0,14.0,3.0,0.0,0
0.0,0.0,0.0,5.0,16.0,9.0,0.0,0.0,0.0,0.0,1.0,13.0,16.0,6.0,0.0,0.0,0.0,0.0,13.0,16.0,16.0,4.0,0.0,0.0,0.0,5.0,15.0,16.0,16.0,5.0,0.0,0.0,0.0,0.0,0.0,10.0,16.0,7.0,0.0,0.0,0.0,0.0,0.0,9.0,16.0,8.0,0.0,0.0,0.0,0.0,0.0,9.0,16.0,13.0,0.0,0.0,0.0,0.0,0.0,5.0,14.0,9.0,0.0,0.0,1
0.0,0.0,1.0,11.0,12.0,13.0,14.0,5.0,0.0,0.0,7.0,15.0,11.0,10.0,16.0,6.0,0.0,0.0,10.0,7.0,0.0,2.0,16.0,2.0,0.0,1.0,16.0,1.0,0.0,12.0,8.0,0.0,0.0,2.0,11.0,0.0,4.0,14.0,1.0,0.0,0.0,0.0,0.0,1.0,14.0,4.0,0.0,0.0,0.0,0.0,0.0,8.0,14.0,0.0,0.0,0.0,0.0,0.0,0.0,15.0,7.0,0.0,0.0,0.0,7
0.0,0.0,0.0,9.0,14.0,4.0,0.0,0.0,0.0,0.0,6.0,16.0,12.0,4.0,0.0,0.0,0.0,1.0,16.0,11.0,0.0,0.0,0.0,0.0,0.0,2.0,16.0,7.0,3.0,0.0,0.0,0.0,0.0,4.0,16.0,14.0,16.0,10.0,0.0,0.0,0.0,3.0,16.0,15.0,10.0,16.0,6.0,0.0,0.0,0.0,12.0,16.0,7.0,13.0,9.0,0.0,0.0,0.0,1.0,11.0,16.0,16.0,9.0,0.0,6
0.0,0.0,7.0,13.0,11.0,0.0,0.0,0.0,0.0,6.0,16.0,11.0,16.0,0.0,0.0,0.0,0.0,3.0,8.0,5.0,16.0,0.0,0.0,0.0,0.0,0.0,3.0,15.0,16.0,6.0,0.0,0.0,0.0,0.0,0.0,7.0,8.0,16.0,5.0,0.0,0.0,6.0,8.0,0.0,0.0,11.0,9.0,0.0,0.0,0.0,16.0,6.0,6.0,14.0,6.0,0.0,0.0,0.0,6.0,15.0,16.0,10.0,0.0,0.0,3
0.0,0.0,11.0,11.0,2.0,0.0,0.0,0.0,0.0,3.0,16.0,16.0,8.0,0.0,0.0,0.0,0.0,6.0,12.0,8.0,8.0,0.0,0.0,0.0,0.0,0.0,5.0,6.0,12.0,0.0,0.0,0.0,0.0,0.0,0.0,11.0,9.0,0.0,0.0,0.0,0.0,0.0,0.0,15.0,6.0,3.0,5.0,0.0,0.0,0.0,13.0,16.0,13.0,15.0,9.0,0.0,0.0,1.0,12.0,12.0,12.0,12.0,1.0,0.0,2
0.0,0.0,0.0,6.0,16.0,6.0,0.0,0.0,0.0,0.0,0.0,13.0,16.0,10.0,0.0,0.0,0.0,0.0,9.0,16.0,16.0,6.0,0.0,0.0,0.0,3.0,16.0,16.0,16.0,4.0,0.0,0.0,0.0,5.0,16.0,16.0,16.0,6.0,0.0,0.0,0.0,0.0,0.0,9.0,16.0,10.0,0.0,0.0,0.0,0.0,0.0,8.0,16.0,15.0,0.0,0.0,0.0,0.0,0.0,4.0,13.0,11.0,2.0,0.0,1
0.0,0.0,6.0,15.0,8.0,10.0,12.0,2.0,0.0,0.0,10.0,14.0,10.0,12.0,16.0,1.0,0.0,0.0,9.0,10.0,1.0,13.0,7.0,0.0,0.0,0.0,4.0,4.0,8.0,12.0,1.0,0.0,0.0,0.0,0.0,2.0,15.0,5.0,0.0,0.0,0.0,0.0,0.0,11.0,8.0,0.0,0.0,0.0,0.0,0.0,3.0,16.0,0.0,0.0,0.0,0.0,0.0,0.0,7.0,14.0,0.0,0.0,0.0,0.0,7
0.0,0.0,0.0,0.0,7.0,6.0,0.0,0.0,0.0,0.0,0.0,6.0,15.0,6.0,0.0,0.0,0.0,0.0,1.0,15.0,5.0,14.0,3.0,0.0,0.0,0.0,12.0,8.0,4.0,16.0,0.0,0.0,0.0,5.0,16.0,9.0,10.0,16.0,4.0,0.0,0.0,1.0,11.0,12.0,14.0,14.0,4.0,0.0,0.0,0.0,0.0,0.0,8.0,8.0,0.0,0.0,0.0,0.0,0.0,0.0,11.0,7.0,0.0,0.0,4
0.0,0.0,0.0,9.0,14.0,2.0,0.0,0.0,0.0,0.0,2.0,16.0,12.0,0.0,0.0,0.0,0.0,0.0,10.0,16.0,7.0,0.0,0.0,0.0,0.0,0.0,16.0,16.0,16.0,8.0,0.0,0.0,0.0,4.0,16.0,14.0,8.0,15.0,3.0,0.0,0.0,1.0,15.0,6.0,0.0,11.0,11.0,0.0,0.0,0.0,10.0,15.0,7.0,12.0,16.0,0.0,0.0,0.0,1.0,9.0,15.0,15.0,10.0,0.0,6
0.0,0.0,6.0,15.0,11.0,0.0,0.0,0.0,0.0,6.0,16.0,13.0,16.0,0.0,0.0,0.0,0.0,2.0,7.0,13.0,9.0,0.0,0.0,0.0,0.0,0.0,3.0,16.0,15.0,5.0,0.0,0.0,0.0,0.0,0.0,3.0,11.0,16.0,2.0,0.0,0.0,0.0,0.0,0.0,0.0,16.0,7.0,0.0,0.0,0.0,16.0,11.0,10.0,16.0,7.0,0.0,0.0,0.0,5.0,16.0,15.0,9.0,0.0,0.0,3
0.0,0.0,0.0,0.0,12.0,8.0,0.0,0.0,0.0,0.0,0.0,3.0,16.0,16.0,0.0,0.0,0.0,0.0,1.0,13.0,16.0,11.0,0.0,0.0,0.0,3.0,15.0,16.0,16.0,8.0,0.0,0.0,0.0,0.0,3.0,7.0,16.0,8.0,0.0,0.0,0.0,0.0,0.0,4.0,16.0,8.0,0.0,0.0,0.0,0.0,0.0,4.0,16.0,14.0,0.0,0.0,0.0,0.0,0.0,0.0,14.0,15.0,5.0,0.0,1
0.0,0.0,9.0,10.0,2.0,0.0,0.0,0.0,0.0,8.0,16.0,16.0,10.0,0.0,0.0,0.0,0.0,7.0,7.0,4.0,16.0,2.0,0.0,0.0,0.0,0.0,0.0,8.0,16.0,5.0,0.0,0.0,0.0,0.0,0.0,10.0,16.0,14.0,2.0,0.0,0.0,0.0,0.0,0.0,2.0,14.0,7.0,0.0,0.0,0.0,11.0,10.0,4.0,11.0,12.0,0.0,0.0,0.0,8.0,14.0,16.0,15.0,6.0,0.0,3
0.0,0.0,4.0,10.0,13.0,3.0,0.0,0.0,0.0,4.0,16.0,13.0,16.0,8.0,0.0,0.0,0.0,5.0,15.0,0.0,14.0,11.0,0.0,0.0,0.0,3.0,15.0,15.0,16.0,16.0,1.0,0.0,0.0,0.0,5.0,9.0,8.0,14.0,8.0,0.0,0.0,0.0,0.0,0.0,0.0,12.0,8.0,0.0,0.0,0.0,9.0,15.0,10.0,14.0,7.0,0.0,0.0,0.0,4.0,12.0,14.0,11.0,2.0,0.0,9
0.0,0.0,0.0,7.0,16.0,16.0,7.0,0.0,0.0,0.0,0.0,14.0,16.0,16.0,4.0,0.0,0.0,2.0,13.0,16.0,16.0,12.0,0.0,0.0,0.0,7.0,16.0,16.0,16.0,12.0,0.0,0.0,0.0,0.0,0.0,10.0,16.0,8.0,0.0,0.0,0.0,0.0,0.0,11.0,16.0,13.0,0.0,0.0,0.0,0.0,0.0,10.0,16.0,16.0,2.0,0.0,0.0,0.0,0.0,9.0,16.0,12.0,2.0,0.0,1
0.0,0.0,4.0,6.0,11.0,14.0,6.0,0.0,0.0,4.0,16.0,16.0,12.0,16.0,7.0,0.0,0.0,6.0,16.0,2.0,1.0,16.0,3.0,0.0,0.0,5.0,16.0,0.0,5.0,14.0,0.0,0.0,0.0,0.0,2.0,0.0,11.0,10.0,0.0,0.0,0.0,0.0,0.0,2.0,15.0,4.0,0.0,0.0,0.0,0.0,0.0,8.0,16.0,0.0,0.0,0.0,0.0,0.0,0.0,7.0,12.0,0.0,0.0,0.0,7
0.0,0.0,0.0,6.0,14.0,8.0,0.0,0.0,0.0,0.0,8.0,16.0,12.0,8.0,0.0,0.0,0.0,3.0,16.0,14.0,3.0,0.0,0.0,0.0,0.0,6.0,16.0,16.0,16.0,11.0,1.0,0.0,0.0,8.0,16.0,13.0,4.0,14.0,5.0,0.0,0.0,2.0,16.0,9.0,0.0,8.0,12.0,0.0,0.0,0.0,10.0,15.0,6.0,13.0,9.0,0.0,0.0,0.0,0.0,8.0,14.0,16.0,9.0,0.0,6
0.0,0.0,4.0,6.0,11.0,5.0,0.0,0.0,0.0,2.0,14.0,7.0,2.0,15.0,0.0,0.0,0.0,4.0,8.0,0.0,0.0,10.0,2.0,0.0,0.0,0.0,14.0,8.0,8.0,13.0,1.0,0.0,0.0,0.0,15.0,10.0,16.0,7.0,0.0,0.0,0.0,1.0,10.0,0.0,1.0,10.0,4.0,0.0,0.0,0.0,12.0,2.0,0.0,6.0,8.0,0.0,0.0,0.0,6.0,10.0,11.0,7.0,1.0,0.0,8
0.0,0.0,0.0,5.0,9.0,0.0,0.0,0.0,0.0,0.0,2.0,14.0,14.0,2.0,0.0,0.0,0.0,0.0,6.0,14.0,11.0,12.0,0.0,0.0,0.0,3.0,15.0,3.0,11.0,10.0,0.0,0.0,0.0,8.0,11.0,0.0,13.0,10.0,2.0,0.0,0.0,10.0,16.0,16.0,16.0,15.0,3.0,0.0,0.0,0.0,4.0,10.0,15.0,0.0,0.0,0.0,0.0,0.0,0.0,8.0,9.0,0.0,0.0,0.0,4
0.0,2.0,13.0,16.0,4.0,0.0,0.0,0.0,0.0,12.0,12.0,12.0,15.0,0.0,0.0,0.0,0.0,5.0,2.0,7.0,14.0,0.0,0.0,0.0,0.0,0.0,3.0,15.0,15.0,7.0,0.0,0.0,0.0,0.0,4.0,12.0,12.0,16.0,3.0,0.0,0.0,0.0,0.0,0.0,0.0,15.0,7.0,0.0,0.0,3.0,16.0,8.0,9.0,16.0,6.0,0.0,0.0,1.0,11.0,12.0,14.0,9.0,0.0,0.0,3
0.0,0.0,0.0,7.0,16.0,12.0,0.0,0.0,0.0,0.0,7.0,16.0,16.0,12.0,0.0,0.0,0.0,3.0,16.0,16.0,16.0,8.0,0.0,0.0,0.0,7.0,16.0,16.0,16.0,8.0,0.0,0.0,0.0,0.0,0.0,11.0,16.0,12.0,0.0,0.0,0.0,0.0,0.0,7.0,16.0,15.0,0.0,0.0,0.0,0.0,0.0,6.0,16.0,16.0,5.0,0.0,0.0,0.0,0.0,6.0,15.0,15.0,2.0,0.0,1
0.0,0.0,0.0,7.0,6.0,0.0,0.0,0.0,0.0,0.0,1.0,15.0,16.0,7.0,0.0,0.0,0.0,0.0,8.0,13.0,15.0,6.0,0.0,0.0,0.0,3.0,16.0,3.0,12.0,7.0,1.0,0.0,0.0,4.0,14.0,9.0,15.0,16.0,8.0,0.0,0.0,4.0,12.0,12.0,16.0,10.0,2.0,0.0,0.0,0.0,0.0,5.0,16.0,0.0,0.0,0.0,0.0,0.0,0.0,4.0,14.0,0.0,0.0,0.0,4
0.0,0.0,3.0,11.0,6.0,0.0,0.0,0.0,0.0,0.0,10.0,14.0,16.0,2.0,0.0,0.0,0.0,3.0,15.0,1.0,11.0,11.0,0.0,0.0,0.0,4.0,12.0,0.0,2.0,16.0,2.0,0.0,0.0,7.0,12.0,0.0,0.0,12.0,8.0,0.0,0.0,4.0,14.0,0.0,1.0,15.0,8.0,0.0,0.0,2.0,15.0,14.0,15.0,15.0,1.0,0.0,0.0,0.0,5.0,13.0,14.0,5.0,0.0,0.0,0
0.0,2.0,16.0,12.0,12.0,14.0,7.0,0.0,0.0,3.0,16.0,9.0,8.0,8.0,4.0,0.0,0.0,2.0,16.0,10.0,4.0,0.0,0.0,0.0,0.0,4.0,16.0,13.0,16.0,4.0,0.0,0.0,0.0,0.0,3.0,0.0,12.0,10.0,0.0,0.0,0.0,6.0,3.0,0.0,9.0,11.0,0.0,0.0,0.0,11.0,11.0,9.0,16.0,3.0,0.0,0.0,0.0,3.0,12.0,15.0,7.0,0.0,0.0,0.0,5
0.0,0.0,6.0,14.0,10.0,0.0,0.0,0.0,0.0,6.0,16.0,14.0,16.0,0.0,0.0,0.0,0.0,5.0,10.0,11.0,16.0,0.0,0.0,0.0,0.0,0.0,0.0,9.0,16.0,12.0,0.0,0.0,0.0,0.0,0.0,0.0,3.0,16.0,7.0,0.0,0.0,4.0,6.0,0.0,3.0,16.0,8.0,0.0,0.0,5.0,15.0,9.0,16.0,13.0,1.0,0.0,0.0,0.0,9.0,15.0,8.0,0.0,0.0,0.0,3
0.0,0.0,0.0,6.0,14.0,1.0,0.0,0.0,0.0,0.0,1.0,16.0,10.0,0.0,0.0,0.0,0.0,0.0,13.0,14.0,1.0,0.0,0.0,0.0,0.0,2.0,16.0,12.0,10.0,3.0,0.0,0.0,0.0,5.0,16.0,15.0,14.0,16.0,1.0,0.0,0.0,3.0,16.0,12.0,0.0,15.0,8.0,0.0,0.0,0.0,11.0,16.0,9.0,16.0,8.0,0.0,0.0,0.0,0.0,11.0,15.0,11.0,1.0,0.0,6
0.0,0.0,6.0,12.0,11.0,0.0,0.0,0.0,0.0,2.0,16.0,14.0,14.0,11.0,0.0,0.0,0.0,8.0,15.0,1.0,8.0,16.0,0.0,0.0,0.0,3.0,15.0,5.0,11.0,16.0,5.0,0.0,0.0,0.0,11.0,16.0,15.0,14.0,8.0,0.0,0.0,0.0,4.0,2.0,3.0,6.0,12.0,0.0,0.0,2.0,16.0,13.0,10.0,14.0,12.0,0.0,0.0,0.0,8.0,12.0,13.0,13.0,5.0,0.0,9
0.0,0.0,0.0,11.0,16.0,12.0,1.0,0.0,0.0,0.0,5.0,16.0,10.0,16.0,4.0,0.0,0.0,2.0,15.0,10.0,0.0,8.0,1.0,0.0,0.0,5.0,16.0,9.0,1.0,0.0,0.0,0.0,0.0,8.0,16.0,16.0,9.0,0.0,0.0,0.0,0.0,2.0,16.0,10.0,16.0,6.0,0.0,0.0,0.0,0.0,11.0,16.0,16.0,7.0,0.0,0.0,0.0,0.0,1.0,8.0,13.0,0.0,0.0,0.0,6
0.0,0.0,0.0,4.0,14.0,14.0,4.0,0.0,0.0,0.0,1.0,15.0,16.0,16.0,2.0,0.0,0.0,2.0,13.0,16.0,16.0,16.0,0.0,0.0,0.0,8.0,16.0,16.0,16.0,16.0,0.0,0.0,0.0,2.0,7.0,8.0,16.0,16.0,1.0,0.0,0.0,0.0,0.0,4.0,16.0,16.0,0.0,0.0,0.0,0.0,0.0,4.0,16.0,16.0,2.0,0.0,0.0,0.0,0.0,4.0,16.0,15.0,4.0,0.0,1
0.0,0.0,2.0,13.0,16.0,16.0,16.0,12.0,0.0,0.0,9.0,15.0,8.0,9.0,16.0,7.0,0.0,0.0,10.0,10.0,0.0,6.0,14.0,1.0,0.0,1.0,16.0,5.0,1.0,16.0,4.0,0.0,0.0,0.0,4.0,0.0,9.0,13.0,0.0,0.0,0.0,0.0,0.0,4.0,15.0,1.0,0.0,0.0,0.0,0.0,0.0,14.0,10.0,0.0,0.0,0.0,0.0,0.0,3.0,15.0,4.0,0.0,0.0,0.0,7
0.0,1.0,8.0,8.0,11.0,15.0,10.0,0.0,0.0,4.0,16.0,16.0,11.0,12.0,6.0,0.0,0.0,4.0,16.0,4.0,0.0,0.0,0.0,0.0,0.0,1.0,16.0,15.0,8.0,0.0,0.0,0.0,0.0,0.0,4.0,10.0,16.0,6.0,0.0,0.0,0.0,0.0,0.0,0.0,12.0,12.0,0.0,0.0,0.0,6.0,15.0,9.0,13.0,10.0,0.0,0.0,0.0,1.0,13.0,16.0,13.0,4.0,0.0,0.0,5
0.0,0.0,0.0,2.0,16.0,4.0,0.0,0.0,0.0,0.0,0.0,10.0,16.0,6.0,0.0,0.0,0.0,0.0,4.0,16.0,12.0,15.0,0.0,0.0,0.0,2.0,13.0,8.0,9.0,14.0,0.0,0.0,0.0,9.0,16.0,16.0,16.0,16.0,6.0,0.0,0.0,2.0,4.0,5.0,14.0,15.0,0.0,0.0,0.0,0.0,0.0,0.0,15.0,11.0,0.0,0.0,0.0,0.0,0.0,0.0,13.0,8.0,0.0,0.0,4
0.0,0.0,0.0,2.0,14.0,0.0,0.0,0.0,0.0,0.0,0.0,10.0,9.0,0.0,0.0,0.0,0.0,0.0,1.0,15.0,8.0,11.0,0.0,0.0,0.0,0.0,12.0,7.0,12.0,8.0,0.0,0.0,0.0,5.0,16.0,12.0,15.0,14.0,5.0,0.0,0.0,8.0,13.0,9.0,16.0,13.0,3.0,0.0,0.0,0.0,0.0,0.0,16.0,4.0,0.0,0.0,0.0,0.0,0.0,0.0,16.0,6.0,0.0,0.0,4
0.0,0.0,2.0,5.0,5.0,11.0,15.0,5.0,0.0,0.0,12.0,16.0,14.0,13.0,16.0,3.0,0.0,1.0,14.0,9.0,0.0,6.0,11.0,0.0,0.0,0.0,16.0,5.0,1.0,13.0,4.0,0.0,0.0,0.0,1.0,0.0,7.0,11.0,0.0,0.0,0.0,0.0,0.0,2.0,12.0,2.0,0.0,0.0,0.0,0.0,0.0,10.0,10.0,0.0,0.0,0.0,0.0,0.0,0.0,15.0,5.0,0.0,0.0,0.0,7
0.0,1.0,11.0,13.0,2.0,0.0,0.0,0.0,0.0,8.0,15.0,15.0,6.0,0.0,0.0,0.0,0.0,10.0,9.0,6.0,14.0,0.0,0.0,0.0,0.0,3.0,10.0,4.0,10.0,0.0,0.0,0.0,0.0,0.0,0.0,11.0,7.0,0.0,0.0,0.0,0.0,0.0,2.0,15.0,3.0,0.0,0.0,0.0,0.0,2.0,13.0,16.0,13.0,11.0,2.0,0.0,0.0,1.0,12.0,12.0,12.0,15.0,11.0,0.0,2
0.0,0.0,3.0,10.0,14.0,3.0,0.0,0.0,0.0,8.0,16.0,11.0,10.0,13.0,0.0,0.0,0.0,7.0,14.0,0.0,1.0,15.0,2.0,0.0,0.0,2.0,16.0,9.0,16.0,16.0,1.0,0.0,0.0,0.0,12.0,16.0,15.0,15.0,2.0,0.0,0.0,0.0,12.0,10.0,0.0,8.0,8.0,0.0,0.0,0.0,9.0,12.0,4.0,7.0,12.0,0.0,0.0,0.0,2.0,11.0,16.0,16.0,9.0,0.0,8
0.0,1.0,11.0,12.0,1.0,0.0,0.0,0.0,0.0,8.0,16.0,12.0,9.0,0.0,0.0,0.0,0.0,7.0,8.0,7.0,12.0,0.0,0.0,0.0,0.0,1.0,1.0,4.0,14.0,0.0,0.0,0.0,0.0,0.0,0.0,5.0,11.0,0.0,0.0,0.0,0.0,0.0,0.0,11.0,9.0,0.0,0.0,0.0,0.0,1.0,14.0,16.0,16.0,15.0,10.0,0.0,0.0,0.0,13.0,11.0,8.0,12.0,8.0,0.0,2
0.0,0.0,0.0,3.0,15.0,13.0,1.0,0.0,0.0,0.0,2.0,15.0,16.0,16.0,2.0,0.0,0.0,0.0,13.0,10.0,5.0,15.0,0.0,0.0,0.0,0.0,6.0,2.0,11.0,8.0,0.0,0.0,0.0,0.0,0.0,6.0,14.0,2.0,0.0,0.0,0.0,3.0,8.0,16.0,8.0,0.0,0.0,0.0,3.0,16.0,16.0,16.0,16.0,8.0,0.0,0.0,1.0,4.0,4.0,5.0,13.0,6.0,0.0,0.0,2
0.0,0.0,11.0,15.0,15.0,16.0,9.0,0.0,0.0,4.0,16.0,14.0,8.0,9.0,3.0,0.0,0.0,4.0,12.0,0.0,0.0,0.0,0.0,0.0,0.0,6.0,16.0,15.0,3.0,0.0,0.0,0.0,0.0,3.0,11.0,11.0,12.0,0.0,0.0,0.0,0.0,0.0,0.0,2.0,16.0,0.0,0.0,0.0,0.0,2.0,12.0,9.0,16.0,0.0,0.0,0.0,0.0,0.0,11.0,16.0,8.0,0.0,0.0,0.0,5
0.0,0.0,2.0,8.0,8.0,8.0,12.0,2.0,0.0,0.0,12.0,16.0,14.0,14.0,15.0,1.0,0.0,0.0,14.0,9.0,0.0,12.0,6.0,0.0,0.0,0.0,10.0,2.0,8.0,11.0,0.0,0.0,0.0,0.0,0.0,2.0,14.0,3.0,0.0,0.0,0.0,0.0,0.0,9.0,8.0,0.0,0.0,0.0,0.0,0.0,0.0,14.0,4.0,0.0,0.0,0.0,0.0,0.0,3.0,15.0,0.0,0.0,0.0,0.0,7
0.0,0.0,3.0,10.0,14.0,3.0,0.0,0.0,0.0,4.0,16.0,13.0,15.0,11.0,0.0,0.0,0.0,8.0,13.0,1.0,13.0,16.0,2.0,0.0,0.0,6.0,16.0,14.0,14.0,14.0,6.0,0.0,0.0,0.0,5.0,7.0,1.0,11.0,8.0,0.0,0.0,1.0,8.0,1.0,0.0,8.0,8.0,0.0,0.0,2.0,16.0,11.0,8.0,14.0,7.0,0.0,0.0,0.0,5.0,12.0,14.0,9.0,1.0,0.0,9
0.0,0.0,3.0,8.0,11.0,13.0,14.0,0.0,0.0,2.0,13.0,16.0,13.0,13.0,13.0,0.0,0.0,1.0,16.0,0.0,0.0,0.0,0.0,0.0,0.0,3.0,16.0,11.0,10.0,1.0,0.0,0.0,0.0,3.0,16.0,14.0,14.0,10.0,0.0,0.0,0.0,0.0,8.0,3.0,9.0,11.0,0.0,0.0,0.0,0.0,7.0,15.0,14.0,11.0,0.0,0.0,0.0,0.0,2.0,12.0,13.0,2.0,0.0,0.0,5
0.0,0.0,0.0,0.0,13.0,3.0,0.0,0.0,0.0,0.0,0.0,11.0,13.0,4.0,0.0,0.0,0.0,0.0,6.0,14.0,4.0,16.0,1.0,0.0,0.0,2.0,14.0,3.0,6.0,14.0,0.0,0.0,0.0,6.0,16.0,11.0,12.0,12.0,0.0,0.0,0.0,2.0,7.0,14.0,16.0,14.0,0.0,0.0,0.0,0.0,0.0,0.0,12.0,8.0,0.0,0.0,0.0,0.0,0.0,0.0,15.0,3.0,0.0,0.0,4
0.0,0.0,6.0,10.0,9.0,4.0,0.0,0.0,0.0,0.0,14.0,10.0,16.0,16.0,1.0,0.0,0.0,4.0,15.0,1.0,9.0,16.0,0.0,0.0,0.0,3.0,16.0,16.0,16.0,8.0,0.0,0.0,0.0,0.0,12.0,14.0,16.0,5.0,0.0,0.0,0.0,0.0,12.0,1.0,9.0,12.0,0.0,0.0,0.0,0.0,16.0,6.0,14.0,9.0,0.0,0.0,0.0,0.0,8.0,12.0,6.0,1.0,0.0,0.0,8
0.0,0.0,5.0,15.0,15.0,7.0,0.0,0.0,0.0,2.0,16.0,11.0,16.0,16.0,8.0,0.0,0.0,2.0,16.0,5.0,4.0,16.0,8.0,0.0,0.0,1.0,12.0,16.0,16.0,10.0,0.0,0.0,0.0,0.0,7.0,16.0,16.0,5.0,0.0,0.0,0.0,0.0,15.0,9.0,14.0,10.0,0.0,0.0,0.0,0.0,14.0,12.0,16.0,8.0,0.0,0.0,0.0,0.0,5.0,14.0,12.0,1.0,0.0,0.0,8
0.0,0.0,0.0,5.0,11.0,0.0,0.0,0.0,0.0,0.0,0.0,10.0,13.0,0.0,0.0,0.0,0.0,0.0,0.0,16.0,16.0,6.0,0.0,0.0,0.0,0.0,9.0,12.0,16.0,5.0,0.0,0.0,0.0,2.0,16.0,4.0,16.0,7.0,0.0,0.0,0.0,9.0,16.0,14.0,16.0,16.0,3.0,0.0,0.0,3.0,8.0,11.0,16.0,8.0,1.0,0.0,0.0,0.0,0.0,5.0,13.0,0.0,0.0,0.0,4
0.0,0.0,2.0,10.0,16.0,10.0,0.0,0.0,0.0,0.0,14.0,9.0,6.0,16.0,16.0,0.0,0.0,0.0,16.0,6.0,5.0,14.0,11.0,0.0,0.0,0.0,5.0,14.0,14.0,16.0,6.0,0.0,0.0,0.0,0.0,0.0,1.0,16.0,3.0,0.0,0.0,0.0,3.0,1.0,4.0,16.0,3.0,0.0,0.0,2.0,15.0,13.0,11.0,13.0,1.0,0.0,0.0,0.0,3.0,12.0,13.0,4.0,0.0,0.0,9
0.0,0.0,2.0,12.0,14.0,4.0,0.0,0.0,0.0,0.0,15.0,12.0,11.0,13.0,0.0,0.0,0.0,4.0,16.0,4.0,1.0,14.0,6.0,0.0,0.0,4.0,12.0,0.0,0.0,8.0,8.0,0.0,0.0,6.0,9.0,0.0,0.0,5.0,8.0,0.0,0.0,3.0,12.0,1.0,0.0,12.0,8.0,0.0,0.0,0.0,8.0,12.0,9.0,16.0,3.0,0.0,0.0,0.0,0.0,10.0,13.0,3.0,0.0,0.0,0
0.0,0.0,5.0,13.0,13.0,8.0,0.0,0.0,0.0,0.0,16.0,11.0,13.0,16.0,6.0,0.0,0.0,1.0,16.0,5.0,2.0,14.0,9.0,0.0,0.0,0.0,9.0,16.0,16.0,15.0,0.0,0.0,0.0,0.0,10.0,16.0,14.0,14.0,0.0,0.0,0.0,5.0,15.0,4.0,0.0,16.0,6.0,0.0,0.0,6.0,14.0,7.0,6.0,16.0,4.0,0.0,0.0,0.0,7.0,15.0,16.0,10.0,0.0,0.0,8
0.0,0.0,5.0,13.0,15.0,6.0,0.0,0.0,0.0,2.0,16.0,9.0,16.0,13.0,0.0,0.0,0.0,4.0,14.0,0.0,10.0,16.0,2.0,0.0,0.0,4.0,15.0,11.0,15.0,16.0,1.0,0.0,0.0,0.0,7.0,10.0,3.0,13.0,8.0,0.0,0.0,0.0,3.0,0.0,0.0,12.0,5.0,0.0,0.0,0.0,13.0,11.0,4.0,16.0,4.0,0.0,0.0,0.0,7.0,14.0,16.0,11.0,1.0,0.0,9
0.0,0.0,8.0,11.0,8.0,10.0,0.0,0.0,0.0,3.0,15.0,8.0,12.0,16.0,4.0,0.0,0.0,3.0,12.0,0.0,3.0,16.0,2.0,0.0,0.0,0.0,11.0,10.0,15.0,10.0,0.0,0.0,0.0,0.0,4.0,16.0,16.0,6.0,0.0,0.0,0.0,0.0,7.0,9.0,4.0,16.0,0.0,0.0,0.0,0.0,12.0,11.0,5.0,16.0,0.0,0.0,0.0,0.0,3.0,10.0,9.0,3.0,0.0,0.0,8
0.0,0.0,6.0,15.0,13.0,2.0,0.0,0.0,0.0,1.0,15.0,10.0,11.0,14.0,0.0,0.0,0.0,2.0,16.0,3.0,1.0,16.0,4.0,0.0,0.0,4.0,12.0,0.0,1.0,14.0,4.0,0.0,0.0,4.0,10.0,0.0,0.0,15.0,3.0,0.0,0.0,4.0,12.0,0.0,0.0,15.0,3.0,0.0,0.0,1.0,13.0,9.0,11.0,16.0,2.0,0.0,0.0,0.0,4.0,12.0,14.0,5.0,0.0,0.0,0
0.0,0.0,7.0,14.0,2.0,0.0,0.0,0.0,0.0,0.0,2.0,16.0,6.0,0.0,0.0,0.0,0.0,0.0,2.0,15.0,9.0,0.0,0.0,0.0,0.0,0.0,2.0,16.0,12.0,0.0,0.0,0.0,0.0,0.0,2.0,16.0,16.0,5.0,0.0,0.0,0.0,0.0,0.0,3.0,13.0,13.0,0.0,0.0,0.0,0.0,6.0,12.0,14.0,16.0,12.0,5.0,0.0,0.0,5.0,16.0,16.0,16.0,16.0,15.0,1
0.0,0.0,2.0,13.0,11.0,0.0,0.0,0.0,0.0,0.0,11.0,14.0,11.0,9.0,0.0,0.0,0.0,0.0,15.0,7.0,6.0,12.0,0.0,0.0,0.0,0.0,8.0,5.0,9.0,12.0,0.0,0.0,0.0,0.0,0.0,1.0,14.0,7.0,0.0,0.0,0.0,0.0,0.0,7.0,16.0,0.0,0.0,0.0,0.0,0.0,1.0,12.0,12.0,4.0,4.0,1.0,0.0,0.0,1.0,15.0,16.0,16.0,16.0,7.0,2
0.0,0.0,1.0,9.0,15.0,5.0,0.0,0.0,0.0,0.0,14.0,11.0,5.0,11.0,0.0,0.0,0.0,4.0,15.0,1.0,4.0,14.0,0.0,0.0,0.0,0.0,6.0,1.0,13.0,9.0,0.0,0.0,0.0,0.0,0.0,0.0,10.0,13.0,1.0,0.0,0.0,0.0,0.0,0.0,0.0,8.0,10.0,0.0,0.0,0.0,12.0,9.0,4.0,4.0,15.0,0.0,0.0,0.0,1.0,10.0,16.0,15.0,11.0,1.0,3
0.0,0.0,1.0,14.0,3.0,0.0,0.0,0.0,0.0,0.0,8.0,14.0,0.0,3.0,0.0,0.0,0.0,1.0,16.0,4.0,10.0,12.0,0.0,0.0,0.0,7.0,14.0,2.0,15.0,5.0,0.0,0.0,0.0,13.0,14.0,11.0,16.0,16.0,9.0,0.0,0.0,8.0,16.0,16.0,14.0,4.0,0.0,0.0,0.0,0.0,0.0,15.0,9.0,0.0,0.0,0.0,0.0,0.0,2.0,16.0,5.0,0.0,0.0,0.0,4
0.0,0.0,9.0,14.0,16.0,13.0,2.0,0.0,0.0,0.0,13.0,8.0,2.0,6.0,4.0,0.0,0.0,0.0,16.0,2.0,9.0,8.0,0.0,0.0,0.0,3.0,15.0,15.0,11.0,14.0,4.0,0.0,0.0,5.0,16.0,6.0,0.0,12.0,2.0,0.0,0.0,5.0,7.0,0.0,3.0,13.0,0.0,0.0,0.0,0.0,5.0,7.0,13.0,6.0,0.0,0.0,0.0,0.0,10.0,16.0,9.0,0.0,0.0,0.0,5
0.0,0.0,1.0,14.0,15.0,4.0,0.0,0.0,0.0,0.0,9.0,16.0,10.0,5.0,0.0,0.0,0.0,1.0,16.0,10.0,0.0,0.0,0.0,0.0,0.0,3.0,16.0,12.0,5.0,0.0,0.0,0.0,0.0,4.0,16.0,16.0,16.0,8.0,0.0,0.0,0.0,1.0,15.0,7.0,4.0,16.0,4.0,0.0,0.0,0.0,11.0,13.0,4.0,16.0,9.0,0.0,0.0,0.0,1.0,12.0,16.0,16.0,9.0,0.0,6
0.0,0.0,9.0,15.0,16.0,2.0,0.0,0.0,0.0,0.0,13.0,9.0,16.0,4.0,0.0,0.0,0.0,0.0,2.0,6.0,16.0,16.0,12.0,0.0,0.0,0.0,14.0,16.0,14.0,8.0,7.0,0.0,0.0,0.0,3.0,14.0,9.0,0.0,0.0,0.0,0.0,0.0,3.0,16.0,3.0,0.0,0.0,0.0,0.0,0.0,10.0,16.0,0.0,0.0,0.0,0.0,0.0,0.0,12.0,11.0,0.0,0.0,0.0,0.0,7
0.0,0.0,0.0,5.0,15.0,13.0,2.0,0.0,0.0,0.0,0.0,12.0,7.0,11.0,6.0,0.0,0.0,0.0,0.0,9.0,12.0,15.0,1.0,0.0,0.0,0.0,1.0,8.0,16.0,4.0,0.0,0.0,0.0,3.0,15.0,8.0,13.0,0.0,0.0,0.0,0.0,7.0,12.0,0.0,10.0,7.0,0.0,0.0,0.0,0.0,12.0,11.0,10.0,8.0,0.0,0.0,0.0,0.0,0.0,6.0,13.0,10.0,0.0,0.0,8
0.0,0.0,3.0,11.0,15.0,8.0,0.0,0.0,0.0,3.0,14.0,10.0,5.0,15.0,2.0,0.0,0.0,8.0,10.0,0.0,3.0,16.0,4.0,0.0,0.0,8.0,9.0,1.0,10.0,16.0,7.0,0.0,0.0,1.0,15.0,16.0,9.0,9.0,7.0,0.0,0.0,0.0,0.0,0.0,0.0,5.0,8.0,0.0,0.0,0.0,4.0,6.0,5.0,13.0,7.0,0.0,0.0,0.0,3.0,16.0,15.0,8.0,1.0,0.0,9
0.0,0.0,0.0,9.0,14.0,6.0,0.0,0.0,0.0,0.0,10.0,13.0,4.0,13.0,2.0,0.0,0.0,2.0,14.0,0.0,0.0,10.0,6.0,0.0,0.0,4.0,9.0,0.0,0.0,6.0,8.0,0.0,0.0,5.0,8.0,0.0,0.0,8.0,7.0,0.0,0.0,2.0,11.0,1.0,0.0,9.0,5.0,0.0,0.0,0.0,6.0,11.0,4.0,13.0,3.0,0.0,0.0,0.0,1.0,11.0,16.0,12.0,0.0,0.0,0
0.0,0.0,6.0,13.0,0.0,0.0,0.0,0.0,0.0,0.0,8.0,16.0,2.0,0.0,0.0,0.0,0.0,0.0,6.0,16.0,3.0,0.0,0.0,0.0,0.0,0.0,3.0,15.0,6.0,0.0,0.0,0.0,0.0,0.0,0.0,10.0,10.0,0.0,0.0,0.0,0.0,0.0,0.0,3.0,15.0,0.0,0.0,0.0,0.0,0.0,7.0,10.0,14.0,12.0,5.0,1.0,0.0,0.0,6.0,16.0,16.0,16.0,16.0,12.0,1
0.0,0.0,5.0,16.0,14.0,2.0,0.0,0.0,0.0,1.0,13.0,14.0,16.0,8.0,0.0,0.0,0.0,9.0,15.0,3.0,16.0,5.0,0.0,0.0,0.0,10.0,13.0,3.0,16.0,3.0,0.0,0.0,0.0,3.0,3.0,11.0,13.0,0.0,0.0,0.0,0.0,0.0,0.0,13.0,10.0,0.0,0.0,0.0,0.0,0.0,2.0,16.0,16.0,16.0,10.0,0.0,0.0,0.0,6.0,16.0,14.0,12.0,9.0,0.0,2
0.0,0.0,3.0,10.0,15.0,6.0,0.0,0.0,0.0,4.0,16.0,9.0,4.0,16.0,2.0,0.0,0.0,8.0,14.0,0.0,9.0,10.0,0.0,0.0,0.0,1.0,4.0,7.0,16.0,2.0,0.0,0.0,0.0,0.0,0.0,2.0,15.0,7.0,0.0,0.0,0.0,0.0,0.0,0.0,1.0,14.0,1.0,0.0,0.0,0.0,12.0,8.0,1.0,11.0,7.0,0.0,0.0,0.0,6.0,8.0,16.0,15.0,5.0,0.0,3
0.0,0.0,3.0,16.0,4.0,0.0,0.0,0.0,0.0,0.0,12.0,13.0,2.0,5.0,0.0,0.0,0.0,2.0,16.0,6.0,10.0,15.0,1.0,0.0,0.0,9.0,15.0,3.0,16.0,11.0,7.0,0.0,0.0,12.0,16.0,16.0,15.0,11.0,5.0,0.0,0.0,3.0,9.0,16.0,3.0,0.0,0.0,0.0,0.0,0.0,2.0,16.0,3.0,0.0,0.0,0.0,0.0,0.0,6.0,14.0,0.0,0.0,0.0,0.0,4
0.0,0.0,13.0,13.0,13.0,12.0,4.0,0.0,0.0,1.0,16.0,5.0,5.0,9.0,4.0,0.0,0.0,4.0,13.0,0.0,2.0,1.0,0.0,0.0,0.0,5.0,14.0,11.0,16.0,13.0,2.0,0.0,0.0,5.0,15.0,6.0,0.0,9.0,8.0,0.0,0.0,0.0,3.0,0.0,0.0,10.0,8.0,0.0,0.0,3.0,14.0,5.0,7.0,15.0,1.0,0.0,0.0,1.0,9.0,14.0,15.0,4.0,0.0,0.0,5
0.0,0.0,0.0,11.0,16.0,6.0,0.0,0.0,0.0,0.0,10.0,16.0,10.0,0.0,0.0,0.0,0.0,0.0,16.0,3.0,0.0,0.0,0.0,0.0,0.0,5.0,14.0,0.0,3.0,0.0,0.0,0.0,0.0,2.0,16.0,16.0,13.0,12.0,1.0,0.0,0.0,2.0,15.0,3.0,0.0,8.0,7.0,0.0,0.0,0.0,8.0,8.0,0.0,10.0,7.0,0.0,0.0,0.0,1.0,11.0,12.0,15.0,4.0,0.0,6
0.0,0.0,5.0,11.0,16.0,16.0,5.0,0.0,0.0,3.0,15.0,11.0,10.0,16.0,4.0,0.0,0.0,0.0,4.0,0.0,10.0,14.0,0.0,0.0,0.0,0.0,7.0,15.0,16.0,16.0,12.0,0.0,0.0,0.0,9.0,16.0,14.0,4.0,1.0,0.0,0.0,0.0,1.0,14.0,7.0,0.0,0.0,0.0,0.0,0.0,4.0,16.0,4.0,0.0,0.0,0.0,0.0,0.0,8.0,16.0,0.0,0.0,0.0,0.0,7
0.0,0.0,0.0,9.0,16.0,6.0,0.0,0.0,0.0,0.0,4.0,15.0,6.0,15.0,0.0,0.0,0.0,0.0,8.0,11.0,9.0,11.0,0.0,0.0,0.0,0.0,8.0,16.0,14.0,2.0,0.0,0.0,0.0,0.0,11.0,16.0,13.0,0.0,0.0,0.0,0.0,6.0,14.0,2.0,12.0,9.0,0.0,0.0,0.0,5.0,16.0,11.0,5.0,13.0,4.0,0.0,0.0,0.0,3.0,8.0,13.0,16.0,9.0,0.0,8
0.0,0.0,1.0,12.0,16.0,14.0,2.0,0.0,0.0,0.0,13.0,11.0,3.0,16.0,5.0,0.0,0.0,4.0,14.0,0.0,0.0,15.0,6.0,0.0,0.0,6.0,12.0,8.0,13.0,16.0,5.0,0.0,0.0,0.0,9.0,12.0,4.0,10.0,8.0,0.0,0.0,0.0,3.0,0.0,0.0,11.0,5.0,0.0,0.0,0.0,16.0,14.0,5.0,15.0,4.0,0.0,0.0,0.0,3.0,12.0,16.0,11.0,1.0,0.0,9
0.0,0.0,5.0,15.0,12.0,4.0,0.0,0.0,0.0,2.0,15.0,8.0,11.0,16.0,4.0,0.0,0.0,8.0,9.0,0.0,6.0,16.0,4.0,0.0,0.0,8.0,8.0,0.0,2.0,10.0,8.0,0.0,0.0,8.0,7.0,0.0,0.0,13.0,5.0,0.0,0.0,2.0,14.0,0.0,0.0,16.0,2.0,0.0,0.0,0.0,14.0,8.0,11.0,10.0,0.0,0.0,0.0,0.0,4.0,13.0,14.0,0.0,0.0,0.0,0
0.0,0.0,8.0,14.0,1.0,0.0,0.0,0.0,0.0,0.0,7.0,16.0,3.0,0.0,0.0,0.0,0.0,0.0,6.0,16.0,6.0,0.0,0.0,0.0,0.0,0.0,6.0,16.0,9.0,0.0,0.0,0.0,0.0,0.0,2.0,16.0,14.0,0.0,0.0,0.0,0.0,0.0,0.0,8.0,16.0,3.0,0.0,0.0,0.0,0.0,12.0,12.0,16.0,16.0,12.0,4.0,0.0,0.0,7.0,16.0,16.0,16.0,12.0,5.0,1
0.0,0.0,3.0,13.0,15.0,1.0,0.0,0.0,0.0,4.0,15.0,14.0,15.0,10.0,0.0,0.0,0.0,13.0,13.0,2.0,13.0,9.0,0.0,0.0,0.0,14.0,10.0,0.0,15.0,9.0,0.0,0.0,0.0,1.0,1.0,2.0,16.0,4.0,0.0,0.0,0.0,0.0,0.0,9.0,15.0,1.0,0.0,0.0,0.0,0.0,2.0,15.0,16.0,16.0,16.0,6.0,0.0,0.0,2.0,15.0,16.0,10.0,12.0,4.0,2
0.0,0.0,2.0,11.0,12.0,1.0,0.0,0.0,0.0,2.0,14.0,9.0,9.0,8.0,0.0,0.0,0.0,10.0,12.0,0.0,13.0,6.0,0.0,0.0,0.0,6.0,5.0,2.0,13.0,2.0,0.0,0.0,0.0,0.0,0.0,10.0,9.0,0.0,0.0,0.0,0.0,0.0,0.0,1.0,10.0,9.0,1.0,0.0,0.0,0.0,6.0,7.0,0.0,12.0,6.0,0.0,0.0,0.0,1.0,12.0,16.0,16.0,5.0,0.0,3
0.0,0.0,0.0,11.0,8.0,0.0,0.0,0.0,0.0,0.0,2.0,16.0,5.0,0.0,0.0,0.0,0.0,0.0,12.0,10.0,4.0,10.0,0.0,0.0,0.0,6.0,15.0,2.0,15.0,8.0,0.0,0.0,0.0,10.0,12.0,4.0,16.0,7.0,6.0,0.0,0.0,10.0,16.0,15.0,16.0,14.0,6.0,0.0,0.0,3.0,8.0,16.0,9.0,0.0,0.0,0.0,0.0,0.0,0.0,14.0,11.0,0.0,0.0,0.0,4
0.0,1.0,13.0,14.0,16.0,15.0,7.0,0.0,0.0,4.0,15.0,3.0,3.0,4.0,1.0,0.0,0.0,4.0,13.0,5.0,8.0,5.0,0.0,0.0,0.0,6.0,16.0,12.0,8.0,14.0,2.0,0.0,0.0,0.0,4.0,0.0,0.0,12.0,4.0,0.0,0.0,0.0,0.0,0.0,1.0,14.0,2.0,0.0,0.0,2.0,12.0,3.0,11.0,9.0,0.0,0.0,0.0,1.0,11.0,16.0,13.0,1.0,0.0,0.0,5
0.0,0.0,2.0,15.0,15.0,3.0,0.0,0.0,0.0,0.0,13.0,15.0,8.0,3.0,0.0,0.0,0.0,5.0,16.0,6.0,0.0,0.0,0.0,0.0,0.0,8.0,15.0,5.0,4.0,2.0,0.0,0.0,0.0,8.0,16.0,16.0,16.0,14.0,2.0,0.0,0.0,4.0,16.0,7.0,1.0,13.0,8.0,0.0,0.0,0.0,11.0,12.0,1.0,11.0,13.0,0.0,0.0,0.0,1.0,12.0,16.0,16.0,10.0,0.0,6
0.0,0.0,4.0,16.0,16.0,16.0,12.0,0.0,0.0,0.0,4.0,12.0,11.0,14.0,13.0,0.0,0.0,0.0,0.0,0.0,0.0,15.0,9.0,0.0,0.0,0.0,2.0,8.0,10.0,16.0,9.0,0.0,0.0,0.0,7.0,13.0,16.0,14.0,5.0,0.0,0.0,0.0,0.0,3.0,16.0,5.0,0.0,0.0,0.0,0.0,0.0,10.0,15.0,0.0,0.0,0.0,0.0,0.0,3.0,16.0,9.0,0.0,0.0,0.0,7
0.0,0.0,2.0,13.0,14.0,6.0,0.0,0.0,0.0,0.0,10.0,13.0,5.0,16.0,0.0,0.0,0.0,0.0,9.0,9.0,4.0,14.0,0.0,0.0,0.0,0.0,4.0,15.0,15.0,5.0,0.0,0.0,0.0,0.0,5.0,16.0,14.0,1.0,0.0,0.0,0.0,0.0,14.0,6.0,8.0,9.0,0.0,0.0,0.0,0.0,13.0,7.0,1.0,11.0,5.0,0.0,0.0,0.0,3.0,11.0,15.0,16.0,12.0,0.0,8
0.0,0.0,8.0,12.0,13.0,1.0,0.0,0.0,0.0,5.0,12.0,2.0,6.0,13.0,0.0,0.0,0.0,11.0,5.0,0.0,6.0,12.0,0.0,0.0,0.0,7.0,10.0,4.0,13.0,15.0,0.0,0.0,0.0,1.0,11.0,12.0,7.0,12.0,4.0,0.0,0.0,0.0,0.0,0.0,0.0,4.0,9.0,0.0,0.0,0.0,10.0,5.0,0.0,3.0,13.0,0.0,0.0,0.0,6.0,12.0,16.0,13.0,10.0,0.0,9
0.0,0.0,4.0,15.0,14.0,4.0,0.0,0.0,0.0,1.0,14.0,8.0,10.0,13.0,1.0,0.0,0.0,5.0,13.0,0.0,0.0,16.0,3.0,0.0,0.0,6.0,12.0,0.0,0.0,13.0,3.0,0.0,0.0,7.0,12.0,0.0,0.0,14.0,3.0,0.0,0.0,1.0,16.0,0.0,0.0,14.0,3.0,0.0,0.0,0.0,10.0,11.0,12.0,14.0,0.0,0.0,0.0,0.0,1.0,11.0,12.0,3.0,0.0,0.0,0
0.0,0.0,2.0,10.0,16.0,11.0,1.0,0.0,0.0,0.0,13.0,13.0,10.0,16.0,8.0,0.0,0.0,4.0,14.0,1.0,8.0,14.0,1.0,0.0,0.0,4.0,15.0,12.0,15.0,8.0,0.0,0.0,0.0,0.0,6.0,7.0,14.0,5.0,0.0,0.0,0.0,1.0,2.0,0.0,12.0,5.0,0.0,0.0,0.0,8.0,15.0,6.0,13.0,4.0,0.0,0.0,0.0,0.0,5.0,11.0,16.0,3.0,0.0,0.0,9
0.0,0.0,13.0,16.0,16.0,16.0,13.0,0.0,0.0,4.0,16.0,9.0,8.0,5.0,4.0,0.0,0.0,9.0,15.0,7.0,8.0,2.0,0.0,0.0,0.0,11.0,16.0,16.0,14.0,15.0,1.0,0.0,0.0,1.0,3.0,0.0,4.0,16.0,4.0,0.0,0.0,0.0,0.0,0.0,8.0,14.0,0.0,0.0,0.0,0.0,11.0,8.0,16.0,6.0,0.0,0.0,0.0,1.0,15.0,16.0,10.0,0.0,0.0,0.0,5
0.0,0.0,9.0,8.0,12.0,13.0,1.0,0.0,0.0,3.0,15.0,8.0,5.0,4.0,0.0,0.0,0.0,6.0,9.0,2.0,6.0,2.0,0.0,0.0,0.0,6.0,16.0,14.0,9.0,13.0,4.0,0.0,0.0,2.0,7.0,0.0,0.0,7.0,8.0,0.0,0.0,0.0,0.0,0.0,0.0,7.0,10.0,0.0,0.0,0.0,8.0,5.0,6.0,14.0,3.0,0.0,0.0,0.0,10.0,14.0,15.0,5.0,0.0,0.0,5
0.0,0.0,2.0,13.0,16.0,8.0,0.0,0.0,0.0,0.0,11.0,16.0,6.0,2.0,0.0,0.0,0.0,2.0,16.0,8.0,0.0,0.0,0.0,0.0,0.0,5.0,16.0,9.0,1.0,0.0,0.0,0.0,0.0,5.0,16.0,16.0,13.0,2.0,0.0,0.0,0.0,1.0,16.0,6.0,8.0,14.0,0.0,0.0,0.0,0.0,11.0,10.0,1.0,16.0,5.0,0.0,0.0,0.0,3.0,15.0,16.0,16.0,3.0,0.0,6
0.0,0.0,8.0,12.0,16.0,16.0,4.0,0.0,0.0,0.0,15.0,6.0,10.0,5.0,0.0,0.0,0.0,4.0,12.0,2.0,8.0,6.0,0.0,0.0,0.0,8.0,14.0,14.0,8.0,13.0,5.0,0.0,0.0,3.0,7.0,0.0,0.0,8.0,8.0,0.0,0.0,0.0,0.0,0.0,0.0,12.0,2.0,0.0,0.0,0.0,5.0,2.0,5.0,12.0,0.0,0.0,0.0,0.0,7.0,15.0,15.0,2.0,0.0,0.0,5
0.0,0.0,2.0,11.0,13.0,5.0,0.0,0.0,0.0,1.0,14.0,9.0,8.0,14.0,0.0,0.0,0.0,6.0,13.0,1.0,2.0,16.0,2.0,0.0,0.0,7.0,7.0,0.0,0.0,12.0,5.0,0.0,0.0,7.0,9.0,0.0,0.0,3.0,9.0,0.0,0.0,2.0,12.0,0.0,0.0,4.0,11.0,0.0,0.0,0.0,12.0,6.0,4.0,14.0,7.0,0.0,0.0,0.0,3.0,13.0,16.0,9.0,0.0,0.0,0
0.0,0.0,3.0,10.0,15.0,14.0,4.0,0.0,0.0,2.0,14.0,7.0,9.0,16.0,8.0,0.0,0.0,7.0,12.0,3.0,14.0,16.0,0.0,0.0,0.0,2.0,14.0,16.0,13.0,16.0,0.0,0.0,0.0,0.0,0.0,0.0,0.0,16.0,0.0,0.0,0.0,1.0,3.0,0.0,0.0,14.0,0.0,0.0,0.0,5.0,15.0,8.0,2.0,16.0,0.0,0.0,0.0,0.0,4.0,11.0,16.0,15.0,0.0,0.0,9
0.0,0.0,0.0,6.0,15.0,11.0,2.0,0.0,0.0,0.0,6.0,13.0,4.0,13.0,5.0,0.0,0.0,0.0,7.0,11.0,0.0,13.0,3.0,0.0,0.0,0.0,2.0,15.0,13.0,7.0,0.0,0.0,0.0,3.0,13.0,12.0,16.0,2.0,0.0,0.0,0.0,8.0,15.0,1.0,9.0,8.0,0.0,0.0,0.0,0.0,7.0,14.0,8.0,16.0,1.0,0.0,0.0,0.0,0.0,5.0,12.0,16.0,2.0,0.0,8
0.0,0.0,2.0,10.0,14.0,10.0,0.0,0.0,0.0,1.0,15.0,9.0,9.0,16.0,1.0,0.0,0.0,7.0,9.0,0.0,9.0,12.0,0.0,0.0,0.0,7.0,7.0,3.0,15.0,15.0,0.0,0.0,0.0,2.0,15.0,15.0,7.0,16.0,1.0,0.0,0.0,0.0,1.0,2.0,0.0,9.0,4.0,0.0,0.0,0.0,5.0,13.0,4.0,8.0,9.0,0.0,0.0,0.0,1.0,10.0,15.0,16.0,6.0,0.0,9
0.0,0.0,0.0,9.0,16.0,9.0,0.0,0.0,0.0,0.0,3.0,15.0,5.0,16.0,0.0,0.0,0.0,0.0,7.0,12.0,7.0,12.0,0.0,0.0,0.0,0.0,1.0,16.0,16.0,5.0,0.0,0.0,0.0,0.0,2.0,16.0,14.0,1.0,0.0,0.0,0.0,3.0,16.0,8.0,9.0,11.0,0.0,0.0,0.0,0.0,12.0,13.0,4.0,12.0,8.0,0.0,0.0,0.0,0.0,8.0,14.0,16.0,14.0,0.0,8
0.0,0.0,0.0,9.0,11.0,0.0,0.0,0.0,0.0,0.0,5.0,14.0,3.0,2.0,0.0,0.0,0.0,0.0,15.0,2.0,1.0,14.0,3.0,0.0,0.0,5.0,13.0,0.0,13.0,8.0,1.0,0.0,0.0,8.0,13.0,3.0,16.0,14.0,6.0,0.0,0.0,6.0,15.0,16.0,13.0,3.0,0.0,0.0,0.0,0.0,0.0,9.0,11.0,0.0,0.0,0.0,0.0,0.0,0.0,11.0,7.0,0.0,0.0,0.0,4
0.0,0.0,5.0,14.0,1.0,0.0,0.0,0.0,0.0,0.0,9.0,16.0,4.0,0.0,0.0,0.0,0.0,0.0,12.0,16.0,4.0,0.0,0.0,0.0,0.0,0.0,12.0,16.0,8.0,0.0,0.0,0.0,0.0,0.0,9.0,16.0,11.0,0.0,0.0,0.0,0.0,0.0,0.0,8.0,16.0,2.0,0.0,0.0,0.0,0.0,3.0,8.0,15.0,13.0,11.0,8.0,0.0,0.0,5.0,16.0,16.0,16.0,16.0,10.0,1
0.0,0.0,4.0,10.0,15.0,16.0,4.0,0.0,0.0,0.0,13.0,14.0,9.0,16.0,3.0,0.0,0.0,0.0,2.0,1.0,5.0,15.0,0.0,0.0,0.0,0.0,3.0,4.0,13.0,14.0,2.0,0.0,0.0,5.0,16.0,16.0,16.0,16.0,8.0,0.0,0.0,4.0,9.0,12.0,14.0,1.0,0.0,0.0,0.0,0.0,5.0,15.0,10.0,0.0,0.0,0.0,0.0,0.0,6.0,16.0,4.0,0.0,0.0,0.0,7
0.0,0.0,3.0,15.0,16.0,16.0,6.0,0.0,0.0,0.0,3.0,14.0,7.0,15.0,3.0,0.0,0.0,0.0,0.0,0.0,4.0,14.0,0.0,0.0,0.0,0.0,2.0,9.0,15.0,16.0,14.0,0.0,0.0,0.0,7.0,16.0,14.0,6.0,2.0,0.0,0.0,0.0,0.0,8.0,8.0,0.0,0.0,0.0,0.0,0.0,2.0,16.0,2.0,0.0,0.0,0.0,0.0,0.0,5.0,12.0,0.0,0.0,0.0,0.0,7
0.0,0.0,1.0,10.0,15.0,10.0,0.0,0.0,0.0,1.0,13.0,11.0,8.0,12.0,0.0,0.0,0.0,2.0,9.0,0.0,13.0,6.0,0.0,0.0,0.0,0.0,0.0,0.0,16.0,1.0,0.0,0.0,0.0,0.0,0.0,0.0,14.0,10.0,1.0,0.0,0.0,0.0,0.0,0.0,1.0,9.0,10.0,0.0,0.0,0.0,13.0,7.0,0.0,2.0,16.0,0.0,0.0,0.0,2.0,11.0,15.0,16.0,12.0,0.0,3
0.0,0.0,11.0,13.0,12.0,12.0,3.0,0.0,0.0,5.0,14.0,4.0,4.0,7.0,2.0,0.0,0.0,7.0,10.0,1.0,4.0,1.0,0.0,0.0,0.0,8.0,15.0,14.0,12.0,15.0,2.0,0.0,0.0,2.0,7.0,0.0,0.0,12.0,4.0,0.0,0.0,0.0,0.0,0.0,1.0,16.0,3.0,0.0,0.0,1.0,8.0,3.0,10.0,12.0,0.0,0.0,0.0,1.0,12.0,16.0,12.0,2.0,0.0,0.0,5
0.0,0.0,2.0,16.0,5.0,0.0,0.0,0.0,0.0,0.0,4.0,16.0,10.0,0.0,0.0,0.0,0.0,0.0,5.0,16.0,7.0,0.0,0.0,0.0,0.0,0.0,8.0,16.0,9.0,0.0,0.0,0.0,0.0,0.0,15.0,16.0,14.0,2.0,0.0,0.0,0.0,0.0,7.0,8.0,14.0,10.0,0.0,0.0,0.0,0.0,12.0,15.0,14.0,16.0,14.0,9.0,0.0,0.0,2.0,10.0,13.0,16.0,10.0,3.0,1
0.0,0.0,1.0,15.0,11.0,1.0,0.0,0.0,0.0,0.0,9.0,12.0,8.0,12.0,0.0,0.0,0.0,1.0,15.0,1.0,6.0,16.0,2.0,0.0,0.0,2.0,12.0,0.0,1.0,11.0,6.0,0.0,0.0,5.0,10.0,0.0,0.0,11.0,4.0,0.0,0.0,2.0,13.0,0.0,0.0,10.0,3.0,0.0,0.0,0.0,13.0,2.0,3.0,13.0,3.0,0.0,0.0,0.0,1.0,13.0,16.0,15.0,1.0,0.0,0
0.0,0.0,5.0,16.0,15.0,4.0,0.0,0.0,0.0,3.0,15.0,13.0,13.0,12.0,0.0,0.0,0.0,7.0,14.0,1.0,0.0,16.0,5.0,0.0,0.0,12.0,9.0,0.0,1.0,11.0,10.0,0.0,0.0,10.0,10.0,0.0,0.0,7.0,13.0,0.0,0.0,6.0,15.0,0.0,0.0,8.0,12.0,0.0,0.0,1.0,14.0,7.0,6.0,15.0,11.0,0.0,0.0,0.0,5.0,15.0,16.0,14.0,3.0,0.0,0
0.0,0.0,3.0,11.0,13.0,1.0,0.0,0.0,0.0,6.0,16.0,11.0,13.0,6.0,0.0,0.0,1.0,16.0,8.0,0.0,11.0,4.0,0.0,0.0,0.0,4.0,4.0,0.0,16.0,0.0,0.0,0.0,0.0,0.0,0.0,5.0,11.0,0.0,0.0,0.0,0.0,0.0,0.0,8.0,9.0,0.0,0.0,0.0,0.0,0.0,0.0,12.0,9.0,4.0,5.0,0.0,0.0,0.0,1.0,14.0,13.0,12.0,15.0,5.0,2
0.0,0.0,2.0,14.0,8.0,0.0,0.0,0.0,0.0,3.0,14.0,10.0,16.0,1.0,0.0,0.0,0.0,11.0,8.0,2.0,15.0,0.0,0.0,0.0,0.0,9.0,8.0,1.0,13.0,0.0,0.0,0.0,0.0,1.0,3.0,6.0,10.0,0.0,0.0,0.0,0.0,0.0,0.0,9.0,7.0,0.0,0.0,0.0,0.0,0.0,0.0,14.0,9.0,4.0,7.0,3.0,0.0,0.0,1.0,14.0,16.0,16.0,13.0,8.0,2
0.0,0.0,9.0,14.0,16.0,10.0,0.0,0.0,0.0,0.0,10.0,6.0,12.0,13.0,0.0,0.0,0.0,0.0,0.0,0.0,13.0,13.0,5.0,0.0,0.0,2.0,12.0,15.0,16.0,15.0,14.0,0.0,0.0,2.0,12.0,16.0,7.0,0.0,1.0,0.0,0.0,0.0,3.0,15.0,0.0,0.0,0.0,0.0,0.0,0.0,8.0,14.0,0.0,0.0,0.0,0.0,0.0,0.0,9.0,11.0,0.0,0.0,0.0,0.0,7
0.0,0.0,0.0,6.0,14.0,4.0,0.0,0.0,0.0,0.0,4.0,13.0,2.0,12.0,0.0,0.0,0.0,0.0,8.0,6.0,0.0,12.0,0.0,0.0,0.0,0.0,2.0,12.0,6.0,14.0,0.0,0.0,0.0,0.0,1.0,12.0,16.0,9.0,0.0,0.0,0.0,0.0,13.0,11.0,6.0,11.0,0.0,0.0,0.0,0.0,9.0,11.0,2.0,7.0,8.0,0.0,0.0,0.0,0.0,5.0,10.0,15.0,13.0,0.0,8
0.0,0.0,7.0,13.0,14.0,1.0,0.0,0.0,0.0,7.0,15.0,9.0,13.0,7.0,0.0,0.0,0.0,5.0,15.0,3.0,8.0,8.0,0.0,0.0,0.0,0.0,1.0,0.0,12.0,5.0,0.0,0.0,0.0,0.0,0.0,1.0,14.0,0.0,0.0,0.0,0.0,0.0,0.0,10.0,6.0,0.0,0.0,0.0,0.0,0.0,2.0,15.0,5.0,4.0,4.0,0.0,0.0,0.0,6.0,16.0,16.0,13.0,16.0,6.0,2
0.0,0.0,0.0,7.0,13.0,9.0,1.0,0.0,0.0,0.0,7.0,15.0,8.0,15.0,5.0,0.0,0.0,1.0,15.0,2.0,0.0,10.0,8.0,0.0,0.0,4.0,12.0,0.0,0.0,12.0,7.0,0.0,0.0,5.0,9.0,0.0,0.0,14.0,3.0,0.0,0.0,4.0,14.0,0.0,0.0,11.0,0.0,0.0,0.0,1.0,16.0,8.0,8.0,11.0,0.0,0.0,0.0,0.0,2.0,11.0,14.0,5.0,0.0,0.0,0
0.0,0.0,10.0,12.0,0.0,0.0,0.0,0.0,0.0,0.0,8.0,16.0,1.0,0.0,0.0,0.0,0.0,0.0,9.0,16.0,1.0,0.0,0.0,0.0,0.0,0.0,12.0,16.0,5.0,0.0,0.0,0.0,0.0,0.0,13.0,16.0,10.0,0.0,0.0,0.0,0.0,0.0,1.0,10.0,15.0,0.0,0.0,0.0,0.0,0.0,7.0,12.0,16.0,12.0,12.0,4.0,0.0,0.0,7.0,16.0,16.0,16.0,16.0,11.0,1
0.0,0.0,3.0,13.0,7.0,0.0,0.0,0.0,0.0,3.0,15.0,8.0,14.0,0.0,0.0,0.0,0.0,10.0,8.0,1.0,14.0,0.0,0.0,0.0,0.0,8.0,11.0,5.0,13.0,0.0,0.0,0.0,0.0,0.0,0.0,5.0,12.0,0.0,0.0,0.0,0.0,0.0,0.0,8.0,8.0,0.0,0.0,0.0,0.0,0.0,1.0,12.0,10.0,7.0,5.0,2.0,0.0,0.0,2.0,14.0,14.0,12.0,14.0,7.0,2
0.0,0.0,3.0,12.0,16.0,6.0,0.0,0.0,0.0,0.0,13.0,16.0,12.0,4.0,0.0,0.0,0.0,3.0,16.0,9.0,0.0,0.0,0.0,0.0,0.0,6.0,13.0,5.0,4.0,0.0,0.0,0.0,0.0,8.0,14.0,3.0,16.0,2.0,0.0,0.0,0.0,4.0,16.0,4.0,13.0,7.0,0.0,0.0,0.0,0.0,11.0,11.0,11.0,14.0,0.0,0.0,0.0,0.0,3.0,12.0,16.0,15.0,0.0,0.0,6
0.0,0.0,1.0,9.0,16.0,6.0,0.0,0.0,0.0,4.0,14.0,10.0,11.0,10.0,0.0,0.0,0.0,12.0,10.0,0.0,13.0,6.0,0.0,0.0,0.0,6.0,7.0,4.0,16.0,5.0,0.0,0.0,0.0,0.0,0.0,0.0,7.0,12.0,1.0,0.0,0.0,0.0,0.0,0.0,0.0,8.0,10.0,0.0,0.0,0.0,8.0,13.0,3.0,0.0,14.0,3.0,0.0,0.0,0.0,8.0,16.0,16.0,13.0,3.0,3
0.0,0.0,4.0,12.0,16.0,14.0,7.0,0.0,0.0,2.0,16.0,6.0,0.0,7.0,12.0,0.0,0.0,0.0,7.0,0.0,3.0,13.0,3.0,0.0,0.0,0.0,0.0,1.0,16.0,6.0,0.0,0.0,0.0,0.0,0.0,0.0,9.0,12.0,0.0,0.0,0.0,0.0,2.0,0.0,0.0,13.0,5.0,0.0,0.0,3.0,16.0,7.0,1.0,12.0,4.0,0.0,0.0,0.0,3.0,12.0,16.0,15.0,2.0,0.0,3
0.0,0.0,3.0,8.0,12.0,15.0,16.0,2.0,0.0,0.0,12.0,14.0,10.0,13.0,15.0,0.0,0.0,0.0,1.0,1.0,2.0,14.0,6.0,0.0,0.0,0.0,2.0,8.0,13.0,16.0,8.0,0.0,0.0,0.0,9.0,16.0,16.0,10.0,5.0,0.0,0.0,0.0,1.0,8.0,12.0,1.0,0.0,0.0,0.0,0.0,0.0,14.0,8.0,0.0,0.0,0.0,0.0,0.0,2.0,16.0,5.0,0.0,0.0,0.0,7
0.0,0.0,0.0,6.0,15.0,12.0,1.0,0.0,0.0,4.0,12.0,16.0,12.0,16.0,3.0,0.0,0.0,15.0,16.0,6.0,4.0,16.0,3.0,0.0,0.0,4.0,5.0,1.0,15.0,12.0,0.0,0.0,0.0,0.0,0.0,7.0,16.0,10.0,1.0,0.0,0.0,0.0,3.0,2.0,4.0,15.0,7.0,0.0,0.0,0.0,12.0,15.0,8.0,11.0,14.0,0.0,0.0,0.0,1.0,8.0,15.0,16.0,11.0,0.0,3
0.0,0.0,0.0,7.0,13.0,10.0,0.0,0.0,0.0,0.0,10.0,13.0,5.0,13.0,0.0,0.0,0.0,7.0,12.0,0.0,8.0,8.0,0.0,0.0,0.0,6.0,6.0,3.0,15.0,1.0,0.0,0.0,0.0,0.0,0.0,2.0,13.0,9.0,0.0,0.0,0.0,0.0,0.0,0.0,0.0,11.0,7.0,0.0,0.0,0.0,5.0,9.0,1.0,2.0,12.0,0.0,0.0,0.0,0.0,9.0,15.0,16.0,9.0,0.0,3
0.0,0.0,0.0,12.0,10.0,0.0,0.0,0.0,0.0,0.0,4.0,16.0,5.0,0.0,0.0,0.0,0.0,0.0,15.0,7.0,2.0,14.0,1.0,0.0,0.0,6.0,16.0,2.0,9.0,16.0,11.0,0.0,0.0,9.0,14.0,9.0,16.0,15.0,6.0,0.0,0.0,5.0,16.0,16.0,16.0,1.0,0.0,0.0,0.0,0.0,2.0,11.0,13.0,0.0,0.0,0.0,0.0,0.0,0.0,12.0,13.0,0.0,0.0,0.0,4
0.0,0.0,0.0,10.0,16.0,6.0,0.0,0.0,0.0,0.0,11.0,14.0,5.0,0.0,0.0,0.0,0.0,3.0,16.0,2.0,0.0,0.0,0.0,0.0,0.0,8.0,10.0,0.0,0.0,0.0,0.0,0.0,0.0,6.0,16.0,14.0,11.0,3.0,0.0,0.0,0.0,2.0,14.0,0.0,7.0,13.0,0.0,0.0,0.0,0.0,10.0,9.0,1.0,15.0,2.0,0.0,0.0,0.0,0.0,8.0,16.0,15.0,1.0,0.0,6
0.0,0.0,0.0,9.0,16.0,6.0,0.0,0.0,0.0,0.0,8.0,16.0,12.0,5.0,0.0,0.0,0.0,2.0,16.0,9.0,0.0,0.0,0.0,0.0,0.0,6.0,16.0,6.0,2.0,0.0,0.0,0.0,0.0,8.0,16.0,16.0,16.0,7.0,0.0,0.0,0.0,2.0,16.0,7.0,7.0,16.0,4.0,0.0,0.0,0.0,9.0,13.0,3.0,14.0,9.0,0.0,0.0,0.0,0.0,8.0,16.0,16.0,7.0,0.0,6
0.0,0.0,0.0,8.0,15.0,10.0,0.0,0.0,0.0,0.0,8.0,13.0,6.0,1.0,0.0,0.0,0.0,1.0,16.0,2.0,0.0,0.0,0.0,0.0,0.0,4.0,11.0,0.0,0.0,0.0,0.0,0.0,0.0,4.0,16.0,12.0,12.0,9.0,2.0,0.0,0.0,1.0,15.0,1.0,0.0,9.0,10.0,0.0,0.0,0.0,10.0,9.0,4.0,13.0,3.0,0.0,0.0,0.0,0.0,11.0,15.0,5.0,0.0,0.0,6
0.0,0.0,3.0,15.0,6.0,0.0,0.0,0.0,0.0,1.0,14.0,13.0,4.0,0.0,0.0,0.0,0.0,4.0,16.0,5.0,16.0,7.0,0.0,0.0,0.0,8.0,16.0,8.0,16.0,9.0,5.0,0.0,0.0,10.0,16.0,14.0,16.0,16.0,9.0,0.0,0.0,3.0,11.0,16.0,11.0,2.0,0.0,0.0,0.0,0.0,4.0,16.0,8.0,0.0,0.0,0.0,0.0,0.0,5.0,15.0,4.0,0.0,0.0,0.0,4
0.0,0.0,1.0,8.0,14.0,15.0,5.0,0.0,0.0,1.0,14.0,8.0,1.0,14.0,8.0,0.0,0.0,7.0,12.0,0.0,7.0,16.0,8.0,0.0,0.0,4.0,14.0,12.0,12.0,9.0,8.0,0.0,0.0,0.0,1.0,3.0,0.0,9.0,8.0,0.0,0.0,0.0,0.0,0.0,0.0,13.0,6.0,0.0,0.0,0.0,12.0,10.0,4.0,16.0,0.0,0.0,0.0,0.0,2.0,8.0,16.0,7.0,0.0,0.0,9
0.0,0.0,3.0,15.0,5.0,0.0,0.0,0.0,0.0,0.0,5.0,16.0,10.0,0.0,0.0,0.0,0.0,0.0,6.0,16.0,7.0,0.0,0.0,0.0,0.0,2.0,12.0,16.0,9.0,0.0,0.0,0.0,0.0,8.0,16.0,15.0,14.0,0.0,0.0,0.0,0.0,0.0,6.0,3.0,16.0,6.0,0.0,0.0,0.0,0.0,6.0,8.0,12.0,15.0,12.0,10.0,0.0,0.0,2.0,13.0,16.0,16.0,15.0,11.0,1
0.0,1.0,9.0,12.0,13.0,11.0,0.0,0.0,0.0,3.0,15.0,4.0,3.0,3.0,0.0,0.0,0.0,5.0,12.0,7.0,6.0,0.0,0.0,0.0,0.0,5.0,16.0,14.0,13.0,7.0,0.0,0.0,0.0,1.0,8.0,0.0,2.0,12.0,0.0,0.0,0.0,0.0,0.0,0.0,2.0,14.0,0.0,0.0,0.0,0.0,6.0,2.0,10.0,6.0,0.0,0.0,0.0,0.0,11.0,16.0,13.0,1.0,0.0,0.0,5
0.0,0.0,0.0,16.0,6.0,0.0,0.0,0.0,0.0,0.0,11.0,16.0,16.0,11.0,0.0,0.0,0.0,4.0,16.0,11.0,13.0,14.0,0.0,0.0,0.0,7.0,12.0,1.0,3.0,13.0,0.0,0.0,0.0,4.0,10.0,0.0,0.0,16.0,0.0,0.0,0.0,2.0,14.0,0.0,1.0,16.0,1.0,0.0,0.0,0.0,9.0,7.0,9.0,14.0,0.0,0.0,0.0,0.0,1.0,11.0,15.0,3.0,0.0,0.0,0
0.0,0.0,6.0,11.0,13.0,6.0,0.0,0.0,0.0,7.0,14.0,6.0,7.0,13.0,0.0,0.0,0.0,10.0,7.0,0.0,7.0,10.0,0.0,0.0,0.0,4.0,13.0,12.0,15.0,10.0,0.0,0.0,0.0,0.0,1.0,4.0,0.0,12.0,0.0,0.0,0.0,0.0,0.0,0.0,0.0,11.0,1.0,0.0,0.0,0.0,8.0,2.0,0.0,12.0,0.0,0.0,0.0,0.0,6.0,14.0,15.0,12.0,0.0,0.0,9
0.0,0.0,9.0,16.0,16.0,13.0,2.0,0.0,0.0,2.0,15.0,2.0,3.0,3.0,0.0,0.0,0.0,7.0,9.0,0.0,1.0,4.0,0.0,0.0,0.0,8.0,12.0,7.0,13.0,14.0,7.0,0.0,0.0,6.0,16.0,8.0,0.0,5.0,8.0,0.0,0.0,1.0,3.0,0.0,0.0,9.0,6.0,0.0,0.0,0.0,3.0,4.0,1.0,15.0,0.0,0.0,0.0,0.0,7.0,16.0,12.0,7.0,0.0,0.0,5
0.0,0.0,7.0,15.0,13.0,0.0,0.0,0.0,0.0,9.0,16.0,15.0,16.0,5.0,0.0,0.0,0.0,12.0,16.0,5.0,15.0,6.0,0.0,0.0,0.0,0.0,7.0,2.0,13.0,9.0,0.0,0.0,0.0,0.0,0.0,1.0,16.0,7.0,0.0,0.0,0.0,0.0,0.0,6.0,16.0,4.0,0.0,0.0,0.0,0.0,1.0,15.0,16.0,12.0,15.0,7.0,0.0,0.0,5.0,16.0,14.0,12.0,12.0,11.0,2
0.0,0.0,0.0,6.0,14.0,10.0,0.0,0.0,0.0,0.0,3.0,16.0,7.0,13.0,2.0,0.0,0.0,0.0,4.0,16.0,3.0,14.0,1.0,0.0,0.0,0.0,0.0,11.0,16.0,9.0,0.0,0.0,0.0,0.0,5.0,14.0,16.0,6.0,0.0,0.0,0.0,3.0,15.0,4.0,1.0,13.0,4.0,0.0,0.0,2.0,14.0,11.0,5.0,5.0,12.0,0.0,0.0,0.0,0.0,6.0,10.0,15.0,15.0,0.0,8
0.0,0.0,9.0,15.0,13.0,0.0,0.0,0.0,0.0,5.0,14.0,7.0,13.0,2.0,0.0,0.0,0.0,12.0,10.0,1.0,13.0,0.0,0.0,0.0,0.0,4.0,7.0,6.0,11.0,0.0,0.0,0.0,0.0,0.0,0.0,10.0,6.0,0.0,0.0,0.0,0.0,0.0,1.0,15.0,0.0,0.0,0.0,0.0,0.0,0.0,9.0,11.0,0.0,6.0,5.0,0.0,0.0,0.0,11.0,16.0,16.0,16.0,16.0,3.0,2
0.0,0.0,2.0,11.0,15.0,2.0,0.0,0.0,0.0,0.0,12.0,6.0,11.0,9.0,0.0,0.0,0.0,4.0,11.0,0.0,7.0,16.0,0.0,0.0,0.0,5.0,6.0,0.0,1.0,16.0,6.0,0.0,0.0,5.0,4.0,0.0,0.0,10.0,7.0,0.0,0.0,0.0,10.0,0.0,0.0,10.0,5.0,0.0,0.0,0.0,13.0,2.0,6.0,12.0,0.0,0.0,0.0,0.0,4.0,16.0,12.0,1.0,0.0,0.0,0
0.0,0.0,1.0,12.0,14.0,3.0,0.0,0.0,0.0,1.0,13.0,11.0,9.0,13.0,0.0,0.0,0.0,7.0,11.0,0.0,1.0,16.0,4.0,0.0,0.0,8.0,6.0,0.0,2.0,15.0,0.0,0.0,0.0,4.0,12.0,0.0,0.0,15.0,0.0,0.0,0.0,0.0,15.0,1.0,1.0,15.0,0.0,0.0,0.0,0.0,7.0,10.0,7.0,13.0,0.0,0.0,0.0,0.0,1.0,13.0,16.0,7.0,0.0,0.0,0
0.0,0.0,5.0,13.0,2.0,0.0,0.0,0.0,0.0,0.0,4.0,16.0,7.0,0.0,0.0,0.0,0.0,0.0,4.0,16.0,4.0,0.0,0.0,0.0,0.0,0.0,4.0,16.0,6.0,0.0,0.0,0.0,0.0,0.0,9.0,16.0,10.0,0.0,0.0,0.0,0.0,0.0,2.0,11.0,15.0,1.0,0.0,0.0,0.0,0.0,10.0,13.0,16.0,15.0,16.0,9.0,0.0,0.0,3.0,12.0,16.0,16.0,11.0,2.0,1
0.0,0.0,6.0,14.0,16.0,13.0,0.0,0.0,0.0,0.0,9.0,9.0,9.0,15.0,0.0,0.0,0.0,0.0,0.0,0.0,14.0,9.0,0.0,0.0,0.0,0.0,2.0,10.0,16.0,16.0,12.0,0.0,0.0,0.0,13.0,16.0,12.0,7.0,3.0,0.0,0.0,0.0,3.0,14.0,6.0,0.0,0.0,0.0,0.0,0.0,6.0,16.0,2.0,0.0,0.0,0.0,0.0,0.0,10.0,13.0,0.0,0.0,0.0,0.0,7
0.0,0.0,0.0,6.0,13.0,8.0,0.0,0.0,0.0,0.0,7.0,16.0,8.0,4.0,0.0,0.0,0.0,3.0,15.0,2.0,0.0,0.0,0.0,0.0,0.0,6.0,12.0,4.0,0.0,0.0,0.0,0.0,0.0,4.0,16.0,13.0,13.0,3.0,0.0,0.0,0.0,2.0,15.0,2.0,5.0,14.0,0.0,0.0,0.0,0.0,9.0,10.0,2.0,15.0,0.0,0.0,0.0,0.0,0.0,8.0,15.0,12.0,0.0,0.0,6
0.0,0.0,1.0,7.0,12.0,3.0,0.0,0.0,0.0,4.0,16.0,12.0,12.0,10.0,0.0,0.0,0.0,14.0,9.0,0.0,11.0,8.0,0.0,0.0,0.0,7.0,5.0,0.0,15.0,4.0,0.0,0.0,0.0,0.0,0.0,2.0,14.0,7.0,0.0,0.0,0.0,0.0,0.0,0.0,2.0,13.0,9.0,0.0,0.0,0.0,5.0,10.0,4.0,0.0,14.0,5.0,0.0,0.0,1.0,9.0,15.0,16.0,16.0,8.0,3
0.0,0.0,10.0,15.0,2.0,0.0,0.0,0.0,0.0,7.0,16.0,16.0,6.0,0.0,0.0,0.0,0.0,12.0,13.0,12.0,9.0,0.0,0.0,0.0,0.0,8.0,9.0,13.0,7.0,0.0,0.0,0.0,0.0,0.0,0.0,16.0,5.0,0.0,0.0,0.0,0.0,0.0,6.0,15.0,1.0,0.0,0.0,0.0,0.0,0.0,16.0,14.0,4.0,5.0,8.0,3.0,0.0,0.0,8.0,16.0,16.0,16.0,16.0,9.0,2
0.0,0.0,6.0,16.0,4.0,0.0,0.0,0.0,0.0,0.0,4.0,16.0,9.0,0.0,0.0,0.0,0.0,0.0,7.0,16.0,12.0,0.0,0.0,0.0,0.0,0.0,13.0,16.0,15.0,0.0,0.0,0.0,0.0,0.0,13.0,15.0,16.0,2.0,0.0,0.0,0.0,0.0,1.0,2.0,15.0,8.0,0.0,0.0,0.0,0.0,6.0,9.0,14.0,15.0,13.0,7.0,0.0,0.0,5.0,15.0,16.0,16.0,15.0,3.0,1
0.0,0.0,4.0,13.0,14.0,16.0,3.0,0.0,0.0,0.0,6.0,11.0,10.0,16.0,1.0,0.0,0.0,0.0,0.0,0.0,7.0,14.0,0.0,0.0,0.0,0.0,9.0,16.0,16.0,16.0,12.0,0.0,0.0,0.0,15.0,13.0,16.0,7.0,2.0,0.0,0.0,0.0,0.0,8.0,12.0,0.0,0.0,0.0,0.0,0.0,2.0,14.0,6.0,0.0,0.0,0.0,0.0,0.0,8.0,13.0,1.0,0.0,0.0,0.0,7
0.0,0.0,2.0,15.0,6.0,0.0,0.0,0.0,0.0,0.0,10.0,14.0,0.0,5.0,0.0,0.0,0.0,0.0,13.0,9.0,9.0,16.0,3.0,0.0,0.0,6.0,15.0,6.0,16.0,3.0,0.0,0.0,0.0,9.0,13.0,12.0,15.0,12.0,8.0,0.0,0.0,9.0,16.0,16.0,14.0,7.0,2.0,0.0,0.0,1.0,7.0,16.0,7.0,0.0,0.0,0.0,0.0,0.0,2.0,16.0,7.0,0.0,0.0,0.0,4
0.0,0.0,2.0,13.0,16.0,8.0,0.0,0.0,0.0,1.0,13.0,16.0,10.0,7.0,0.0,0.0,0.0,5.0,16.0,9.0,0.0,0.0,0.0,0.0,0.0,7.0,16.0,7.0,0.0,0.0,0.0,0.0,0.0,9.0,16.0,16.0,13.0,1.0,0.0,0.0,0.0,5.0,16.0,6.0,14.0,9.0,0.0,0.0,0.0,0.0,13.0,12.0,14.0,15.0,0.0,0.0,0.0,0.0,3.0,12.0,16.0,11.0,0.0,0.0,6
0.0,0.0,0.0,6.0,13.0,7.0,0.0,0.0,0.0,0.0,10.0,13.0,6.0,15.0,0.0,0.0,0.0,0.0,12.0,8.0,4.0,12.0,0.0,0.0,0.0,0.0,0.0,1.0,15.0,3.0,0.0,0.0,0.0,0.0,0.0,10.0,15.0,2.0,0.0,0.0,0.0,0.0,0.0,1.0,5.0,15.0,2.0,0.0,0.0,0.0,14.0,10.0,2.0,5.0,11.0,0.0,0.0,0.0,2.0,7.0,13.0,15.0,8.0,0.0,3
0.0,0.0,2.0,15.0,3.0,0.0,0.0,0.0,0.0,0.0,4.0,16.0,4.0,0.0,0.0,0.0,0.0,0.0,4.0,16.0,5.0,0.0,0.0,0.0,0.0,0.0,14.0,16.0,6.0,0.0,0.0,0.0,0.0,0.0,7.0,15.0,7.0,0.0,0.0,0.0,0.0,0.0,2.0,10.0,9.0,0.0,0.0,0.0,0.0,0.0,16.0,16.0,15.0,9.0,16.0,5.0,0.0,0.0,3.0,15.0,16.0,15.0,7.0,1.0,1
0.0,0.0,0.0,6.0,15.0,6.0,0.0,0.0,0.0,1.0,11.0,13.0,8.0,11.0,0.0,0.0,0.0,9.0,13.0,0.0,9.0,10.0,0.0,0.0,0.0,8.0,9.0,3.0,15.0,3.0,0.0,0.0,0.0,0.0,0.0,5.0,14.0,3.0,0.0,0.0,0.0,0.0,3.0,0.0,5.0,13.0,2.0,0.0,0.0,0.0,9.0,12.0,5.0,10.0,7.0,0.0,0.0,0.0,0.0,6.0,12.0,15.0,5.0,0.0,3
0.0,0.0,5.0,11.0,13.0,6.0,0.0,0.0,0.0,4.0,15.0,8.0,7.0,16.0,3.0,0.0,0.0,8.0,7.0,0.0,4.0,16.0,1.0,0.0,0.0,4.0,11.0,1.0,10.0,16.0,4.0,0.0,0.0,2.0,15.0,15.0,8.0,16.0,4.0,0.0,0.0,0.0,0.0,0.0,0.0,13.0,6.0,0.0,0.0,1.0,16.0,9.0,0.0,12.0,5.0,0.0,0.0,0.0,4.0,11.0,16.0,16.0,2.0,0.0,9
0.0,0.0,4.0,15.0,4.0,0.0,0.0,0.0,0.0,0.0,3.0,16.0,9.0,0.0,0.0,0.0,0.0,0.0,2.0,16.0,11.0,0.0,0.0,0.0,0.0,0.0,0.0,16.0,13.0,0.0,0.0,0.0,0.0,0.0,2.0,16.0,16.0,2.0,0.0,0.0,0.0,0.0,0.0,5.0,15.0,10.0,0.0,0.0,0.0,0.0,4.0,12.0,14.0,16.0,13.0,13.0,0.0,0.0,2.0,13.0,16.0,16.0,15.0,8.0,1
0.0,0.0,4.0,15.0,16.0,12.0,0.0,0.0,0.0,0.0,6.0,9.0,12.0,10.0,0.0,0.0,0.0,0.0,0.0,0.0,10.0,9.0,0.0,0.0,0.0,0.0,2.0,4.0,15.0,10.0,4.0,0.0,0.0,2.0,15.0,16.0,16.0,15.0,7.0,0.0,0.0,0.0,8.0,13.0,9.0,0.0,0.0,0.0,0.0,0.0,1.0,16.0,4.0,0.0,0.0,0.0,0.0,0.0,6.0,13.0,0.0,0.0,0.0,0.0,7
0.0,0.0,0.0,11.0,16.0,6.0,0.0,0.0,0.0,0.0,9.0,16.0,11.0,2.0,0.0,0.0,0.0,3.0,16.0,11.0,0.0,0.0,0.0,0.0,0.0,6.0,16.0,12.0,4.0,0.0,0.0,0.0,0.0,7.0,16.0,13.0,15.0,11.0,0.0,0.0,0.0,1.0,15.0,8.0,3.0,16.0,5.0,0.0,0.0,0.0,9.0,14.0,5.0,16.0,10.0,0.0,0.0,0.0,0.0,9.0,16.0,16.0,10.0,0.0,6
0.0,0.0,0.0,7.0,13.0,8.0,0.0,0.0,0.0,0.0,2.0,16.0,8.0,15.0,0.0,0.0,0.0,0.0,4.0,12.0,8.0,11.0,0.0,0.0,0.0,0.0,2.0,16.0,16.0,3.0,0.0,0.0,0.0,0.0,5.0,16.0,16.0,2.0,0.0,0.0,0.0,2.0,16.0,7.0,9.0,11.0,0.0,0.0,0.0,0.0,9.0,12.0,1.0,14.0,6.0,0.0,0.0,0.0,0.0,6.0,15.0,15.0,12.0,0.0,8
0.0,0.0,1.0,14.0,9.0,0.0,0.0,0.0,0.0,0.0,8.0,13.0,3.0,7.0,1.0,0.0,0.0,1.0,16.0,6.0,5.0,16.0,3.0,0.0,0.0,7.0,13.0,0.0,14.0,11.0,3.0,0.0,0.0,12.0,13.0,5.0,16.0,16.0,9.0,0.0,0.0,13.0,16.0,16.0,15.0,6.0,0.0,0.0,0.0,0.0,3.0,12.0,14.0,0.0,0.0,0.0,0.0,0.0,0.0,15.0,10.0,0.0,0.0,0.0,4
0.0,0.0,3.0,11.0,15.0,8.0,0.0,0.0,0.0,4.0,14.0,8.0,13.0,14.0,0.0,0.0,0.0,8.0,11.0,3.0,15.0,6.0,0.0,0.0,0.0,1.0,1.0,9.0,14.0,0.0,0.0,0.0,0.0,0.0,0.0,0.0,13.0,10.0,0.0,0.0,0.0,0.0,0.0,0.0,1.0,13.0,7.0,0.0,0.0,0.0,9.0,8.0,2.0,6.0,11.0,0.0,0.0,0.0,4.0,10.0,14.0,16.0,10.0,0.0,3
0.0,0.0,5.0,16.0,14.0,8.0,0.0,0.0,0.0,0.0,4.0,16.0,16.0,7.0,0.0,0.0,0.0,0.0,14.0,16.0,16.0,8.0,0.0,0.0,0.0,0.0,14.0,16.0,16.0,8.0,0.0,0.0,0.0,0.0,11.0,16.0,16.0,5.0,0.0,0.0,0.0,0.0,10.0,16.0,16.0,8.0,0.0,0.0,0.0,0.0,11.0,16.0,16.0,14.0,3.0,0.0,0.0,0.0,6.0,16.0,16.0,16.0,3.0,0.0,1
0.0,0.0,0.0,15.0,8.0,0.0,0.0,0.0,0.0,0.0,5.0,15.0,2.0,13.0,5.0,0.0,0.0,0.0,13.0,9.0,2.0,15.0,2.0,0.0,0.0,4.0,14.0,1.0,10.0,12.0,2.0,0.0,0.0,10.0,14.0,8.0,16.0,16.0,10.0,0.0,0.0,10.0,16.0,16.0,15.0,5.0,0.0,0.0,0.0,0.0,2.0,12.0,8.0,0.0,0.0,0.0,0.0,0.0,0.0,16.0,5.0,0.0,0.0,0.0,4
0.0,0.0,4.0,13.0,14.0,8.0,0.0,0.0,0.0,3.0,14.0,3.0,1.0,16.0,3.0,0.0,0.0,7.0,9.0,0.0,0.0,14.0,6.0,0.0,0.0,8.0,4.0,0.0,0.0,16.0,4.0,0.0,0.0,8.0,6.0,0.0,0.0,16.0,0.0,0.0,0.0,3.0,11.0,0.0,1.0,14.0,0.0,0.0,0.0,0.0,12.0,4.0,6.0,11.0,0.0,0.0,0.0,0.0,5.0,16.0,14.0,1.0,0.0,0.0,0
0.0,0.0,8.0,12.0,14.0,12.0,3.0,0.0,0.0,0.0,12.0,5.0,0.0,3.0,0.0,0.0,0.0,0.0,16.0,2.0,4.0,1.0,0.0,0.0,0.0,4.0,16.0,14.0,12.0,15.0,4.0,0.0,0.0,0.0,4.0,0.0,0.0,8.0,8.0,0.0,0.0,1.0,0.0,0.0,0.0,11.0,5.0,0.0,0.0,6.0,14.0,1.0,2.0,15.0,1.0,0.0,0.0,0.0,8.0,14.0,16.0,4.0,0.0,0.0,5
0.0,0.0,2.0,9.0,13.0,8.0,0.0,0.0,0.0,1.0,14.0,11.0,8.0,14.0,0.0,0.0,0.0,9.0,14.0,0.0,14.0,6.0,0.0,0.0,0.0,0.0,2.0,4.0,15.0,0.0,0.0,0.0,0.0,0.0,0.0,6.0,12.0,12.0,2.0,0.0,0.0,0.0,0.0,0.0,0.0,9.0,9.0,0.0,0.0,0.0,14.0,13.0,4.0,10.0,11.0,0.0,0.0,0.0,3.0,10.0,14.0,15.0,5.0,0.0,3
0.0,0.0,0.0,13.0,15.0,4.0,0.0,0.0,0.0,0.0,11.0,16.0,9.0,4.0,0.0,0.0,0.0,1.0,16.0,14.0,0.0,0.0,0.0,0.0,0.0,5.0,16.0,7.0,0.0,0.0,0.0,0.0,0.0,5.0,16.0,16.0,14.0,4.0,0.0,0.0,0.0,2.0,15.0,9.0,7.0,15.0,5.0,0.0,0.0,0.0,11.0,13.0,4.0,12.0,13.0,0.0,0.0,0.0,1.0,13.0,16.0,16.0,10.0,0.0,6
0.0,0.0,2.0,11.0,13.0,4.0,0.0,0.0,0.0,1.0,13.0,7.0,8.0,15.0,0.0,0.0,0.0,6.0,11.0,0.0,5.0,13.0,0.0,0.0,0.0,9.0,7.0,2.0,14.0,14.0,0.0,0.0,0.0,3.0,14.0,15.0,8.0,15.0,1.0,0.0,0.0,0.0,0.0,0.0,0.0,11.0,5.0,0.0,0.0,0.0,11.0,7.0,0.0,10.0,7.0,0.0,0.0,0.0,4.0,10.0,15.0,15.0,3.0,0.0,9
0.0,0.0,0.0,11.0,16.0,10.0,0.0,0.0,0.0,0.0,9.0,16.0,10.0,7.0,0.0,0.0,0.0,3.0,16.0,8.0,0.0,0.0,0.0,0.0,0.0,9.0,16.0,13.0,4.0,0.0,0.0,0.0,0.0,10.0,16.0,8.0,16.0,7.0,0.0,0.0,0.0,4.0,16.0,3.0,7.0,16.0,2.0,0.0,0.0,0.0,13.0,13.0,8.0,16.0,5.0,0.0,0.0,0.0,1.0,11.0,16.0,16.0,1.0,0.0,6
0.0,0.0,0.0,13.0,12.0,0.0,0.0,0.0,0.0,0.0,0.0,14.0,16.0,1.0,0.0,0.0,0.0,0.0,1.0,15.0,16.0,1.0,0.0,0.0,0.0,0.0,4.0,16.0,16.0,3.0,0.0,0.0,0.0,0.0,5.0,15.0,16.0,9.0,0.0,0.0,0.0,0.0,0.0,0.0,12.0,15.0,1.0,0.0,0.0,0.0,1.0,11.0,9.0,16.0,11.0,2.0,0.0,0.0,0.0,11.0,16.0,16.0,16.0,16.0,1
0.0,0.0,4.0,13.0,16.0,14.0,0.0,0.0,0.0,0.0,13.0,10.0,11.0,15.0,0.0,0.0,0.0,0.0,0.0,0.0,9.0,11.0,0.0,0.0,0.0,0.0,1.0,6.0,14.0,16.0,8.0,0.0,0.0,0.0,11.0,16.0,15.0,8.0,5.0,0.0,0.0,0.0,2.0,11.0,10.0,0.0,0.0,0.0,0.0,0.0,1.0,14.0,6.0,0.0,0.0,0.0,0.0,0.0,5.0,16.0,2.0,0.0,0.0,0.0,7
0.0,0.0,10.0,12.0,13.0,16.0,2.0,0.0,0.0,4.0,15.0,6.0,4.0,4.0,0.0,0.0,0.0,5.0,10.0,0.0,0.0,0.0,0.0,0.0,0.0,5.0,16.0,16.0,16.0,9.0,0.0,0.0,0.0,2.0,11.0,3.0,3.0,12.0,0.0,0.0,0.0,0.0,0.0,0.0,2.0,13.0,0.0,0.0,0.0,0.0,4.0,1.0,9.0,10.0,0.0,0.0,0.0,0.0,16.0,16.0,13.0,1.0,0.0,0.0,5
0.0,0.0,0.0,12.0,10.0,0.0,0.0,0.0,0.0,0.0,4.0,16.0,3.0,9.0,3.0,0.0,0.0,0.0,14.0,7.0,6.0,16.0,2.0,0.0,0.0,3.0,15.0,2.0,10.0,10.0,0.0,0.0,0.0,10.0,9.0,1.0,16.0,12.0,10.0,0.0,0.0,14.0,11.0,14.0,16.0,11.0,1.0,0.0,0.0,9.0,16.0,15.0,9.0,0.0,0.0,0.0,0.0,0.0,0.0,14.0,8.0,0.0,0.0,0.0,4
0.0,0.0,0.0,10.0,12.0,0.0,0.0,0.0,0.0,0.0,4.0,16.0,5.0,3.0,3.0,0.0,0.0,0.0,15.0,7.0,0.0,13.0,11.0,0.0,0.0,7.0,14.0,1.0,7.0,16.0,8.0,0.0,0.0,9.0,13.0,5.0,15.0,13.0,1.0,0.0,0.0,11.0,16.0,16.0,16.0,1.0,0.0,0.0,0.0,0.0,4.0,9.0,16.0,0.0,0.0,0.0,0.0,0.0,0.0,11.0,15.0,0.0,0.0,0.0,4
0.0,0.0,10.0,16.0,15.0,0.0,0.0,0.0,0.0,4.0,14.0,8.0,16.0,1.0,0.0,0.0,0.0,0.0,1.0,4.0,16.0,0.0,2.0,0.0,0.0,0.0,3.0,11.0,16.0,16.0,13.0,0.0,0.0,0.0,12.0,16.0,11.0,7.0,2.0,0.0,0.0,0.0,6.0,16.0,0.0,0.0,0.0,0.0,0.0,0.0,7.0,15.0,0.0,0.0,0.0,0.0,0.0,0.0,12.0,11.0,0.0,0.0,0.0,0.0,7
0.0,0.0,6.0,15.0,9.0,0.0,0.0,0.0,0.0,9.0,16.0,14.0,16.0,1.0,0.0,0.0,0.0,14.0,12.0,3.0,16.0,4.0,0.0,0.0,0.0,9.0,11.0,3.0,16.0,3.0,0.0,0.0,0.0,0.0,2.0,9.0,16.0,0.0,0.0,0.0,0.0,0.0,0.0,13.0,11.0,0.0,0.0,0.0,0.0,0.0,4.0,16.0,12.0,9.0,10.0,3.0,0.0,0.0,8.0,16.0,16.0,16.0,16.0,14.0,2
0.0,0.0,0.0,7.0,12.0,13.0,1.0,0.0,0.0,0.0,8.0,11.0,1.0,10.0,8.0,0.0,0.0,0.0,12.0,2.0,1.0,11.0,7.0,0.0,0.0,0.0,10.0,10.0,14.0,8.0,0.0,0.0,0.0,1.0,7.0,16.0,9.0,0.0,0.0,0.0,0.0,7.0,16.0,7.0,14.0,3.0,0.0,0.0,0.0,0.0,7.0,13.0,5.0,14.0,0.0,0.0,0.0,0.0,0.0,6.0,15.0,14.0,2.0,0.0,8
0.0,0.0,10.0,16.0,16.0,4.0,0.0,0.0,0.0,9.0,16.0,11.0,14.0,8.0,0.0,0.0,0.0,13.0,8.0,0.0,14.0,6.0,0.0,0.0,0.0,0.0,0.0,1.0,16.0,4.0,0.0,0.0,0.0,0.0,0.0,8.0,13.0,0.0,0.0,0.0,0.0,0.0,1.0,14.0,7.0,0.0,0.0,0.0,0.0,0.0,12.0,16.0,9.0,12.0,6.0,0.0,0.0,1.0,14.0,16.0,16.0,16.0,14.0,0.0,2
0.0,0.0,1.0,13.0,7.0,0.0,0.0,0.0,0.0,1.0,15.0,9.0,15.0,1.0,0.0,0.0,0.0,9.0,11.0,0.0,16.0,0.0,0.0,0.0,0.0,2.0,10.0,3.0,14.0,0.0,0.0,0.0,0.0,0.0,0.0,2.0,11.0,0.0,0.0,0.0,0.0,0.0,0.0,5.0,11.0,0.0,0.0,0.0,0.0,0.0,0.0,9.0,10.0,4.0,4.0,2.0,0.0,0.0,1.0,15.0,16.0,15.0,13.0,15.0,2
0.0,0.0,10.0,10.0,14.0,16.0,14.0,0.0,0.0,0.0,14.0,8.0,4.0,0.0,0.0,0.0,0.0,0.0,16.0,0.0,6.0,11.0,5.0,0.0,0.0,3.0,16.0,14.0,10.0,10.0,9.0,0.0,0.0,3.0,14.0,5.0,0.0,9.0,8.0,0.0,0.0,0.0,0.0,0.0,6.0,13.0,0.0,0.0,0.0,0.0,3.0,9.0,13.0,3.0,0.0,0.0,0.0,0.0,8.0,13.0,1.0,0.0,0.0,0.0,5
0.0,0.0,5.0,9.0,13.0,16.0,6.0,0.0,0.0,0.0,12.0,12.0,7.0,16.0,5.0,0.0,0.0,0.0,0.0,0.0,6.0,16.0,3.0,0.0,0.0,0.0,3.0,12.0,15.0,16.0,14.0,0.0,0.0,0.0,7.0,16.0,15.0,5.0,1.0,0.0,0.0,0.0,0.0,10.0,10.0,0.0,0.0,0.0,0.0,0.0,2.0,15.0,5.0,0.0,0.0,0.0,0.0,0.0,6.0,14.0,0.0,0.0,0.0,0.0,7
0.0,0.0,4.0,13.0,12.0,6.0,0.0,0.0,0.0,4.0,15.0,5.0,10.0,16.0,0.0,0.0,0.0,4.0,16.0,1.0,11.0,16.0,0.0,0.0,0.0,1.0,10.0,16.0,13.0,16.0,2.0,0.0,0.0,0.0,0.0,4.0,0.0,15.0,3.0,0.0,0.0,0.0,0.0,0.0,0.0,12.0,4.0,0.0,0.0,0.0,6.0,6.0,0.0,9.0,8.0,0.0,0.0,0.0,5.0,12.0,15.0,16.0,7.0,0.0,9
0.0,3.0,12.0,12.0,14.0,15.0,3.0,0.0,0.0,4.0,15.0,4.0,4.0,4.0,0.0,0.0,0.0,5.0,12.0,0.0,0.0,2.0,0.0,0.0,0.0,5.0,15.0,12.0,15.0,15.0,5.0,0.0,0.0,5.0,12.0,6.0,0.0,8.0,8.0,0.0,0.0,0.0,0.0,0.0,0.0,10.0,7.0,0.0,0.0,1.0,9.0,0.0,7.0,14.0,1.0,0.0,0.0,2.0,15.0,16.0,14.0,3.0,0.0,0.0,5
0.0,0.0,3.0,15.0,2.0,0.0,0.0,0.0,0.0,0.0,12.0,12.0,1.0,7.0,0.0,0.0,0.0,2.0,16.0,4.0,9.0,13.0,0.0,0.0,0.0,8.0,11.0,6.0,16.0,1.0,2.0,0.0,0.0,12.0,10.0,12.0,14.0,12.0,11.0,0.0,0.0,11.0,16.0,16.0,14.0,7.0,1.0,0.0,0.0,1.0,7.0,16.0,0.0,0.0,0.0,0.0,0.0,0.0,5.0,16.0,1.0,0.0,0.0,0.0,4
0.0,0.0,0.0,3.0,14.0,13.0,3.0,0.0,0.0,0.0,0.0,12.0,9.0,8.0,8.0,0.0,0.0,0.0,0.0,12.0,8.0,11.0,6.0,0.0,0.0,0.0,0.0,7.0,14.0,11.0,1.0,0.0,0.0,1.0,8.0,12.0,15.0,5.0,0.0,0.0,0.0,6.0,14.0,0.0,4.0,12.0,0.0,0.0,0.0,0.0,7.0,12.0,1.0,15.0,2.0,0.0,0.0,0.0,0.0,3.0,13.0,15.0,2.0,0.0,8
0.0,0.0,0.0,3.0,12.0,10.0,0.0,0.0,0.0,0.0,1.0,14.0,6.0,15.0,0.0,0.0,0.0,0.0,0.0,16.0,6.0,10.0,0.0,0.0,0.0,0.0,0.0,14.0,16.0,2.0,0.0,0.0,0.0,0.0,3.0,14.0,15.0,3.0,0.0,0.0,0.0,1.0,16.0,4.0,9.0,9.0,0.0,0.0,0.0,0.0,4.0,13.0,4.0,7.0,8.0,0.0,0.0,0.0,0.0,3.0,10.0,11.0,15.0,2.0,8
0.0,0.0,3.0,15.0,6.0,0.0,0.0,0.0,0.0,0.0,9.0,13.0,1.0,6.0,9.0,0.0,0.0,3.0,16.0,3.0,6.0,15.0,5.0,0.0,0.0,7.0,15.0,1.0,14.0,9.0,5.0,0.0,0.0,10.0,13.0,9.0,16.0,15.0,7.0,0.0,0.0,7.0,16.0,16.0,11.0,4.0,0.0,0.0,0.0,0.0,3.0,16.0,5.0,0.0,0.0,0.0,0.0,0.0,4.0,16.0,3.0,0.0,0.0,0.0,4
0.0,0.0,5.0,14.0,14.0,8.0,2.0,0.0,0.0,3.0,15.0,3.0,0.0,13.0,8.0,0.0,0.0,5.0,12.0,0.0,2.0,15.0,8.0,0.0,0.0,2.0,15.0,9.0,14.0,14.0,8.0,0.0,0.0,0.0,1.0,3.0,0.0,12.0,5.0,0.0,0.0,0.0,0.0,0.0,0.0,12.0,4.0,0.0,0.0,6.0,15.0,2.0,0.0,14.0,1.0,0.0,0.0,1.0,7.0,14.0,12.0,9.0,0.0,0.0,9
0.0,0.0,4.0,14.0,14.0,4.0,0.0,0.0,0.0,0.0,15.0,10.0,10.0,13.0,0.0,0.0,0.0,5.0,15.0,0.0,2.0,15.0,6.0,0.0,0.0,4.0,13.0,0.0,0.0,14.0,8.0,0.0,0.0,6.0,9.0,0.0,0.0,12.0,7.0,0.0,0.0,3.0,14.0,1.0,0.0,12.0,5.0,0.0,0.0,0.0,12.0,9.0,6.0,15.0,2.0,0.0,0.0,0.0,3.0,14.0,14.0,6.0,0.0,0.0,0
0.0,0.0,0.0,2.0,13.0,13.0,0.0,0.0,0.0,0.0,0.0,12.0,10.0,16.0,0.0,0.0,0.0,0.0,7.0,13.0,8.0,11.0,0.0,0.0,0.0,0.0,5.0,16.0,16.0,4.0,0.0,0.0,0.0,0.0,3.0,16.0,16.0,4.0,0.0,0.0,0.0,2.0,14.0,9.0,7.0,13.0,1.0,0.0,0.0,1.0,11.0,8.0,3.0,9.0,8.0,0.0,0.0,0.0,0.0,5.0,10.0,15.0,16.0,0.0,8
0.0,0.0,3.0,13.0,14.0,4.0,0.0,0.0,0.0,0.0,13.0,12.0,14.0,16.0,0.0,0.0,0.0,1.0,16.0,3.0,14.0,16.0,4.0,0.0,0.0,1.0,14.0,9.0,16.0,16.0,6.0,0.0,0.0,0.0,2.0,8.0,4.0,11.0,9.0,0.0,0.0,0.0,2.0,2.0,0.0,12.0,10.0,0.0,0.0,0.0,14.0,14.0,4.0,11.0,9.0,0.0,0.0,0.0,4.0,8.0,11.0,16.0,9.0,0.0,9
0.0,0.0,0.0,4.0,12.0,15.0,4.0,0.0,0.0,0.0,3.0,14.0,4.0,10.0,8.0,0.0,0.0,0.0,4.0,12.0,5.0,14.0,2.0,0.0,0.0,0.0,4.0,16.0,14.0,3.0,0.0,0.0,0.0,1.0,12.0,15.0,13.0,0.0,0.0,0.0,0.0,6.0,13.0,1.0,12.0,6.0,0.0,0.0,0.0,0.0,10.0,13.0,5.0,14.0,1.0,0.0,0.0,0.0,0.0,4.0,10.0,16.0,8.0,0.0,8
0.0,0.0,7.0,16.0,15.0,4.0,0.0,0.0,0.0,0.0,14.0,16.0,9.0,15.0,2.0,0.0,0.0,1.0,15.0,12.0,1.0,9.0,8.0,0.0,0.0,4.0,16.0,0.0,0.0,7.0,10.0,0.0,0.0,7.0,13.0,0.0,0.0,10.0,11.0,0.0,0.0,7.0,12.0,0.0,2.0,15.0,6.0,0.0,0.0,3.0,15.0,12.0,14.0,14.0,1.0,0.0,0.0,0.0,10.0,16.0,14.0,4.0,0.0,0.0,0
0.0,0.0,5.0,10.0,8.0,8.0,0.0,0.0,0.0,0.0,0.0,16.0,16.0,15.0,2.0,0.0,0.0,0.0,7.0,16.0,16.0,13.0,0.0,0.0,0.0,0.0,10.0,16.0,16.0,4.0,0.0,0.0,0.0,0.0,9.0,16.0,16.0,0.0,0.0,0.0,0.0,0.0,10.0,16.0,16.0,0.0,0.0,0.0,0.0,0.0,8.0,16.0,15.0,0.0,0.0,0.0,0.0,0.0,2.0,11.0,9.0,0.0,0.0,0.0,1
0.0,2.0,11.0,16.0,15.0,2.0,0.0,0.0,0.0,12.0,16.0,15.0,16.0,4.0,0.0,0.0,0.0,2.0,3.0,2.0,16.0,4.0,0.0,0.0,0.0,0.0,0.0,10.0,14.0,0.0,0.0,0.0,0.0,0.0,4.0,16.0,5.0,0.0,0.0,0.0,0.0,0.0,12.0,12.0,3.0,11.0,9.0,0.0,0.0,0.0,16.0,16.0,16.0,16.0,6.0,0.0,0.0,0.0,14.0,15.0,12.0,5.0,0.0,0.0,2
0.0,0.0,3.0,12.0,16.0,14.0,0.0,0.0,0.0,3.0,15.0,16.0,15.0,14.0,0.0,0.0,0.0,3.0,12.0,1.0,15.0,8.0,0.0,0.0,0.0,0.0,0.0,9.0,16.0,8.0,0.0,0.0,0.0,0.0,0.0,10.0,16.0,16.0,8.0,0.0,0.0,0.0,0.0,2.0,5.0,13.0,8.0,0.0,0.0,0.0,2.0,11.0,11.0,15.0,5.0,0.0,0.0,0.0,3.0,16.0,16.0,9.0,0.0,0.0,3
0.0,0.0,0.0,0.0,15.0,7.0,0.0,0.0,0.0,0.0,0.0,10.0,16.0,6.0,0.0,0.0,0.0,0.0,8.0,15.0,14.0,4.0,0.0,0.0,0.0,6.0,15.0,2.0,15.0,2.0,1.0,0.0,0.0,9.0,16.0,16.0,16.0,16.0,11.0,0.0,0.0,5.0,10.0,12.0,16.0,8.0,1.0,0.0,0.0,0.0,0.0,1.0,15.0,0.0,0.0,0.0,0.0,0.0,0.0,1.0,15.0,0.0,0.0,0.0,4
0.0,0.0,6.0,13.0,15.0,16.0,11.0,0.0,0.0,0.0,10.0,11.0,8.0,8.0,5.0,0.0,0.0,2.0,13.0,0.0,0.0,0.0,0.0,0.0,0.0,4.0,11.0,7.0,8.0,5.0,0.0,0.0,0.0,7.0,16.0,14.0,10.0,14.0,2.0,0.0,0.0,1.0,7.0,1.0,2.0,12.0,3.0,0.0,0.0,0.0,5.0,8.0,14.0,6.0,0.0,0.0,0.0,0.0,8.0,12.0,5.0,0.0,0.0,0.0,5
0.0,0.0,0.0,13.0,3.0,0.0,0.0,0.0,0.0,0.0,8.0,13.0,1.0,0.0,0.0,0.0,0.0,0.0,12.0,5.0,0.0,0.0,0.0,0.0,0.0,1.0,13.0,0.0,0.0,0.0,0.0,0.0,0.0,1.0,12.0,6.0,11.0,9.0,3.0,0.0,0.0,1.0,15.0,16.0,12.0,8.0,11.0,0.0,0.0,0.0,9.0,13.0,2.0,6.0,16.0,2.0,0.0,0.0,0.0,11.0,16.0,14.0,7.0,0.0,6
0.0,0.0,4.0,10.0,16.0,16.0,7.0,0.0,0.0,3.0,16.0,13.0,11.0,16.0,2.0,0.0,0.0,1.0,3.0,0.0,10.0,9.0,0.0,0.0,0.0,0.0,5.0,8.0,14.0,15.0,13.0,0.0,0.0,0.0,15.0,16.0,14.0,12.0,8.0,0.0,0.0,0.0,3.0,12.0,7.0,0.0,0.0,0.0,0.0,0.0,0.0,15.0,4.0,0.0,0.0,0.0,0.0,0.0,3.0,14.0,1.0,0.0,0.0,0.0,7
0.0,0.0,4.0,11.0,15.0,2.0,0.0,0.0,0.0,2.0,16.0,9.0,8.0,9.0,0.0,0.0,0.0,4.0,15.0,0.0,5.0,16.0,3.0,0.0,0.0,0.0,11.0,11.0,16.0,9.0,0.0,0.0,0.0,0.0,4.0,16.0,15.0,1.0,0.0,0.0,0.0,0.0,13.0,9.0,6.0,12.0,1.0,0.0,0.0,0.0,15.0,3.0,0.0,9.0,5.0,0.0,0.0,0.0,5.0,13.0,13.0,12.0,5.0,0.0,8
0.0,0.0,0.0,3.0,13.0,16.0,11.0,0.0,0.0,0.0,4.0,15.0,11.0,8.0,16.0,3.0,0.0,2.0,15.0,9.0,6.0,13.0,15.0,3.0,0.0,4.0,16.0,16.0,16.0,16.0,11.0,0.0,0.0,0.0,7.0,8.0,6.0,16.0,2.0,0.0,0.0,0.0,0.0,0.0,6.0,14.0,0.0,0.0,0.0,0.0,0.0,0.0,14.0,9.0,0.0,0.0,0.0,0.0,0.0,3.0,16.0,4.0,0.0,0.0,9
0.0,0.0,7.0,8.0,12.0,6.0,0.0,0.0,0.0,1.0,14.0,11.0,12.0,15.0,0.0,0.0,0.0,3.0,15.0,0.0,0.0,10.0,5.0,0.0,0.0,4.0,9.0,0.0,0.0,8.0,4.0,0.0,0.0,8.0,8.0,0.0,0.0,13.0,0.0,0.0,0.0,7.0,9.0,0.0,9.0,11.0,0.0,0.0,0.0,2.0,14.0,10.0,14.0,5.0,0.0,0.0,0.0,0.0,9.0,15.0,6.0,0.0,0.0,0.0,0
0.0,0.0,7.0,16.0,13.0,5.0,0.0,0.0,0.0,0.0,13.0,16.0,16.0,5.0,0.0,0.0,0.0,1.0,16.0,16.0,16.0,3.0,0.0,0.0,0.0,1.0,14.0,16.0,15.0,0.0,0.0,0.0,0.0,1.0,16.0,16.0,15.0,1.0,0.0,0.0,0.0,0.0,14.0,16.0,16.0,4.0,0.0,0.0,0.0,0.0,6.0,16.0,16.0,7.0,0.0,0.0,0.0,0.0,4.0,14.0,13.0,6.0,0.0,0.0,1
0.0,0.0,6.0,15.0,15.0,1.0,0.0,0.0,0.0,4.0,16.0,13.0,16.0,4.0,0.0,0.0,0.0,10.0,11.0,2.0,16.0,2.0,0.0,0.0,0.0,1.0,1.0,10.0,14.0,0.0,0.0,0.0,0.0,0.0,1.0,14.0,6.0,0.0,0.0,0.0,0.0,0.0,6.0,14.0,1.0,12.0,9.0,0.0,0.0,0.0,11.0,15.0,14.0,16.0,9.0,0.0,0.0,0.0,8.0,16.0,12.0,5.0,0.0,0.0,2
0.0,0.0,4.0,14.0,16.0,5.0,0.0,0.0,0.0,4.0,16.0,16.0,16.0,8.0,0.0,0.0,0.0,12.0,12.0,0.0,15.0,8.0,0.0,0.0,0.0,2.0,1.0,5.0,16.0,13.0,1.0,0.0,0.0,0.0,0.0,1.0,11.0,15.0,11.0,0.0,0.0,0.0,0.0,0.0,0.0,11.0,12.0,0.0,0.0,0.0,2.0,13.0,12.0,16.0,7.0,0.0,0.0,0.0,3.0,16.0,15.0,8.0,0.0,0.0,3
0.0,0.0,0.0,1.0,15.0,5.0,0.0,0.0,0.0,0.0,0.0,12.0,16.0,0.0,0.0,0.0,0.0,0.0,7.0,16.0,16.0,3.0,0.0,0.0,0.0,5.0,16.0,8.0,16.0,8.0,3.0,0.0,0.0,11.0,16.0,12.0,16.0,16.0,12.0,0.0,0.0,11.0,16.0,15.0,16.0,7.0,2.0,0.0,0.0,1.0,4.0,2.0,16.0,0.0,0.0,0.0,0.0,0.0,0.0,2.0,14.0,0.0,0.0,0.0,4
0.0,1.0,10.0,12.0,15.0,11.0,0.0,0.0,0.0,8.0,16.0,13.0,9.0,4.0,0.0,0.0,0.0,5.0,15.0,1.0,0.0,0.0,0.0,0.0,0.0,8.0,10.0,0.0,0.0,0.0,0.0,0.0,0.0,2.0,14.0,16.0,7.0,0.0,0.0,0.0,0.0,0.0,1.0,4.0,13.0,7.0,0.0,0.0,0.0,0.0,0.0,6.0,11.0,11.0,0.0,0.0,0.0,0.0,9.0,16.0,14.0,2.0,0.0,0.0,5
0.0,0.0,1.0,12.0,2.0,0.0,0.0,0.0,0.0,0.0,6.0,13.0,0.0,0.0,0.0,0.0,0.0,0.0,11.0,8.0,0.0,0.0,0.0,0.0,0.0,1.0,15.0,1.0,0.0,0.0,0.0,0.0,0.0,2.0,15.0,2.0,14.0,13.0,4.0,0.0,0.0,2.0,15.0,16.0,10.0,5.0,14.0,0.0,0.0,0.0,9.0,13.0,4.0,9.0,14.0,0.0,0.0,0.0,0.0,10.0,13.0,12.0,3.0,0.0,6
0.0,0.0,2.0,11.0,16.0,16.0,16.0,4.0,0.0,0.0,5.0,11.0,8.0,8.0,16.0,1.0,0.0,0.0,0.0,0.0,0.0,14.0,6.0,0.0,0.0,0.0,2.0,10.0,13.0,16.0,13.0,0.0,0.0,0.0,12.0,16.0,16.0,9.0,2.0,0.0,0.0,0.0,2.0,5.0,14.0,0.0,0.0,0.0,0.0,0.0,0.0,11.0,9.0,0.0,0.0,0.0,0.0,0.0,0.0,16.0,6.0,0.0,0.0,0.0,7
0.0,0.0,5.0,12.0,16.0,7.0,0.0,0.0,0.0,5.0,14.0,4.0,9.0,15.0,5.0,0.0,0.0,4.0,13.0,6.0,14.0,6.0,2.0,0.0,0.0,1.0,14.0,16.0,2.0,0.0,0.0,0.0,0.0,3.0,15.0,12.0,9.0,0.0,0.0,0.0,0.0,5.0,12.0,0.0,10.0,7.0,0.0,0.0,0.0,3.0,15.0,4.0,2.0,15.0,0.0,0.0,0.0,0.0,5.0,14.0,14.0,7.0,0.0,0.0,8
0.0,0.0,0.0,1.0,7.0,15.0,11.0,0.0,0.0,0.0,0.0,11.0,8.0,3.0,13.0,0.0,0.0,0.0,10.0,6.0,2.0,12.0,11.0,0.0,0.0,1.0,16.0,12.0,16.0,16.0,7.0,0.0,0.0,2.0,16.0,14.0,7.0,12.0,2.0,0.0,0.0,0.0,0.0,0.0,3.0,11.0,0.0,0.0,0.0,0.0,0.0,0.0,7.0,9.0,0.0,0.0,0.0,0.0,0.0,0.0,9.0,6.0,0.0,0.0,9
0.0,0.0,5.0,15.0,14.0,3.0,0.0,0.0,0.0,0.0,13.0,15.0,9.0,15.0,2.0,0.0,0.0,4.0,16.0,12.0,0.0,10.0,6.0,0.0,0.0,8.0,16.0,9.0,0.0,8.0,10.0,0.0,0.0,7.0,15.0,5.0,0.0,12.0,11.0,0.0,0.0,7.0,13.0,0.0,5.0,16.0,6.0,0.0,0.0,0.0,16.0,12.0,15.0,13.0,1.0,0.0,0.0,0.0,6.0,16.0,12.0,2.0,0.0,0.0,0
0.0,0.0,4.0,16.0,15.0,4.0,0.0,0.0,0.0,0.0,8.0,16.0,16.0,4.0,0.0,0.0,0.0,0.0,12.0,16.0,13.0,0.0,0.0,0.0,0.0,2.0,16.0,16.0,10.0,0.0,0.0,0.0,0.0,3.0,16.0,16.0,8.0,0.0,0.0,0.0,0.0,2.0,16.0,16.0,12.0,0.0,0.0,0.0,0.0,0.0,9.0,16.0,16.0,4.0,0.0,0.0,0.0,0.0,3.0,12.0,14.0,11.0,0.0,0.0,1
0.0,0.0,8.0,15.0,12.0,1.0,0.0,0.0,0.0,8.0,13.0,8.0,12.0,6.0,0.0,0.0,0.0,4.0,2.0,0.0,8.0,6.0,0.0,0.0,0.0,0.0,0.0,1.0,13.0,2.0,0.0,0.0,0.0,0.0,0.0,9.0,7.0,0.0,0.0,0.0,0.0,0.0,5.0,13.0,0.0,4.0,4.0,0.0,0.0,0.0,10.0,12.0,9.0,15.0,11.0,0.0,0.0,0.0,9.0,16.0,9.0,7.0,1.0,0.0,2
0.0,0.0,6.0,13.0,16.0,8.0,0.0,0.0,0.0,5.0,16.0,15.0,14.0,12.0,0.0,0.0,0.0,9.0,12.0,2.0,15.0,8.0,0.0,0.0,0.0,0.0,0.0,9.0,12.0,0.0,0.0,0.0,0.0,0.0,0.0,15.0,16.0,13.0,3.0,0.0,0.0,0.0,0.0,3.0,9.0,15.0,11.0,0.0,0.0,0.0,1.0,8.0,14.0,16.0,8.0,0.0,0.0,0.0,7.0,16.0,14.0,6.0,0.0,0.0,3
0.0,0.0,0.0,0.0,6.0,15.0,2.0,0.0,0.0,0.0,0.0,5.0,16.0,16.0,2.0,0.0,0.0,0.0,4.0,16.0,12.0,16.0,0.0,0.0,0.0,4.0,15.0,6.0,7.0,13.0,0.0,0.0,0.0,11.0,15.0,15.0,16.0,16.0,9.0,0.0,0.0,9.0,13.0,12.0,13.0,14.0,3.0,0.0,0.0,0.0,0.0,0.0,9.0,8.0,0.0,0.0,0.0,0.0,0.0,0.0,8.0,8.0,0.0,0.0,4
0.0,1.0,13.0,16.0,16.0,11.0,1.0,0.0,0.0,8.0,16.0,16.0,13.0,11.0,1.0,0.0,0.0,11.0,13.0,1.0,0.0,0.0,0.0,0.0,0.0,10.0,13.0,2.0,0.0,0.0,0.0,0.0,0.0,2.0,14.0,15.0,6.0,0.0,0.0,0.0,0.0,0.0,0.0,8.0,16.0,6.0,0.0,0.0,0.0,0.0,6.0,9.0,15.0,9.0,0.0,0.0,0.0,0.0,13.0,16.0,15.0,3.0,0.0,0.0,5
0.0,0.0,1.0,10.0,0.0,0.0,0.0,0.0,0.0,0.0,7.0,12.0,0.0,0.0,0.0,0.0,0.0,0.0,12.0,7.0,0.0,0.0,0.0,0.0,0.0,0.0,14.0,3.0,0.0,0.0,0.0,0.0,0.0,0.0,15.0,9.0,12.0,10.0,2.0,0.0,0.0,0.0,16.0,13.0,8.0,8.0,11.0,0.0,0.0,0.0,13.0,10.0,4.0,9.0,15.0,0.0,0.0,0.0,3.0,10.0,15.0,9.0,2.0,0.0,6
0.0,0.0,0.0,4.0,11.0,15.0,16.0,12.0,0.0,0.0,2.0,16.0,12.0,9.0,11.0,12.0,0.0,0.0,1.0,2.0,0.0,0.0,14.0,5.0,0.0,0.0,0.0,7.0,12.0,14.0,15.0,0.0,0.0,0.0,3.0,16.0,16.0,15.0,2.0,0.0,0.0,0.0,0.0,1.0,11.0,8.0,0.0,0.0,0.0,0.0,0.0,2.0,15.0,1.0,0.0,0.0,0.0,0.0,0.0,5.0,10.0,0.0,0.0,0.0,7
0.0,0.0,3.0,13.0,14.0,4.0,0.0,0.0,0.0,0.0,15.0,8.0,7.0,11.0,0.0,0.0,0.0,0.0,16.0,0.0,0.0,11.0,3.0,0.0,0.0,0.0,10.0,6.0,14.0,14.0,1.0,0.0,0.0,0.0,5.0,16.0,14.0,1.0,0.0,0.0,0.0,0.0,12.0,10.0,8.0,12.0,0.0,0.0,0.0,0.0,14.0,3.0,0.0,9.0,8.0,0.0,0.0,0.0,4.0,14.0,15.0,12.0,4.0,0.0,8
0.0,0.0,0.0,1.0,7.0,14.0,14.0,0.0,0.0,0.0,3.0,15.0,7.0,1.0,14.0,0.0,0.0,2.0,16.0,10.0,5.0,14.0,8.0,0.0,0.0,4.0,15.0,16.0,12.0,16.0,5.0,0.0,0.0,0.0,5.0,3.0,1.0,15.0,0.0,0.0,0.0,0.0,0.0,0.0,4.0,12.0,0.0,0.0,0.0,0.0,0.0,0.0,7.0,10.0,0.0,0.0,0.0,0.0,0.0,0.0,7.0,12.0,0.0,0.0,9
0.0,0.0,3.0,12.0,8.0,3.0,0.0,0.0,0.0,0.0,7.0,16.0,13.0,13.0,1.0,0.0,0.0,0.0,13.0,8.0,0.0,9.0,4.0,0.0,0.0,0.0,16.0,2.0,0.0,6.0,6.0,0.0,0.0,4.0,12.0,0.0,0.0,10.0,3.0,0.0,0.0,3.0,12.0,0.0,0.0,13.0,2.0,0.0,0.0,0.0,12.0,4.0,12.0,10.0,0.0,0.0,0.0,0.0,5.0,16.0,13.0,2.0,0.0,0.0,0
0.0,0.0,0.0,0.0,8.0,14.0,10.0,0.0,0.0,0.0,0.0,9.0,7.0,9.0,12.0,0.0,0.0,0.0,9.0,8.0,0.0,12.0,9.0,0.0,0.0,4.0,16.0,8.0,12.0,16.0,2.0,0.0,0.0,5.0,16.0,16.0,10.0,15.0,0.0,0.0,0.0,0.0,4.0,0.0,5.0,11.0,0.0,0.0,0.0,0.0,0.0,0.0,8.0,9.0,0.0,0.0,0.0,0.0,0.0,0.0,10.0,10.0,0.0,0.0,9
0.0,0.0,2.0,15.0,15.0,16.0,11.0,0.0,0.0,0.0,8.0,16.0,11.0,3.0,0.0,0.0,0.0,0.0,13.0,9.0,0.0,0.0,0.0,0.0,0.0,5.0,16.0,3.0,9.0,11.0,3.0,0.0,0.0,10.0,15.0,15.0,16.0,16.0,11.0,0.0,0.0,6.0,16.0,10.0,7.0,16.0,5.0,0.0,0.0,0.0,3.0,4.0,15.0,8.0,0.0,0.0,0.0,0.0,4.0,15.0,7.0,0.0,0.0,0.0,5
0.0,0.0,13.0,16.0,16.0,16.0,8.0,0.0,0.0,2.0,16.0,13.0,8.0,4.0,1.0,0.0,0.0,7.0,16.0,1.0,0.0,0.0,0.0,0.0,0.0,11.0,15.0,12.0,5.0,0.0,0.0,0.0,0.0,5.0,16.0,16.0,16.0,3.0,0.0,0.0,0.0,0.0,0.0,6.0,16.0,2.0,0.0,0.0,0.0,0.0,3.0,15.0,9.0,0.0,0.0,0.0,0.0,0.0,11.0,14.0,0.0,0.0,0.0,0.0,5
0.0,0.0,4.0,15.0,4.0,0.0,0.0,0.0,0.0,0.0,9.0,16.0,2.0,0.0,0.0,0.0,0.0,0.0,16.0,10.0,0.0,0.0,0.0,0.0,0.0,6.0,16.0,3.0,0.0,0.0,0.0,0.0,0.0,10.0,15.0,11.0,16.0,13.0,4.0,0.0,0.0,7.0,16.0,16.0,11.0,14.0,14.0,0.0,0.0,2.0,16.0,11.0,5.0,15.0,12.0,0.0,0.0,0.0,3.0,16.0,16.0,14.0,3.0,0.0,6
0.0,0.0,15.0,12.0,11.0,6.0,2.0,0.0,0.0,4.0,16.0,15.0,12.0,12.0,10.0,0.0,0.0,7.0,14.0,1.0,0.0,0.0,0.0,0.0,0.0,10.0,12.0,3.0,1.0,0.0,0.0,0.0,0.0,8.0,16.0,16.0,14.0,2.0,0.0,0.0,0.0,1.0,8.0,8.0,16.0,8.0,0.0,0.0,0.0,0.0,1.0,11.0,15.0,2.0,0.0,0.0,0.0,0.0,13.0,16.0,6.0,0.0,0.0,0.0,5
0.0,0.0,5.0,16.0,12.0,2.0,0.0,0.0,0.0,0.0,13.0,14.0,15.0,11.0,0.0,0.0,0.0,6.0,15.0,1.0,2.0,16.0,4.0,0.0,0.0,6.0,14.0,0.0,0.0,9.0,8.0,0.0,0.0,8.0,10.0,0.0,0.0,13.0,8.0,0.0,0.0,4.0,13.0,0.0,1.0,14.0,8.0,0.0,0.0,0.0,14.0,14.0,15.0,15.0,3.0,0.0,0.0,0.0,5.0,12.0,13.0,8.0,0.0,0.0,0
0.0,0.0,0.0,1.0,12.0,16.0,14.0,0.0,0.0,0.0,3.0,14.0,13.0,15.0,13.0,0.0,0.0,4.0,16.0,15.0,13.0,16.0,4.0,0.0,0.0,3.0,16.0,16.0,16.0,16.0,3.0,0.0,0.0,0.0,7.0,7.0,14.0,14.0,0.0,0.0,0.0,0.0,0.0,0.0,12.0,11.0,0.0,0.0,0.0,0.0,0.0,0.0,13.0,10.0,0.0,0.0,0.0,0.0,0.0,0.0,13.0,12.0,0.0,0.0,9
0.0,0.0,6.0,14.0,13.0,4.0,0.0,0.0,0.0,4.0,16.0,11.0,10.0,15.0,0.0,0.0,0.0,9.0,11.0,0.0,12.0,11.0,0.0,0.0,0.0,7.0,11.0,8.0,16.0,3.0,0.0,0.0,0.0,0.0,13.0,16.0,10.0,0.0,0.0,0.0,0.0,0.0,13.0,13.0,12.0,9.0,0.0,0.0,0.0,0.0,12.0,8.0,0.0,15.0,1.0,0.0,0.0,0.0,5.0,16.0,16.0,11.0,0.0,0.0,8
0.0,0.0,0.0,0.0,8.0,15.0,9.0,0.0,0.0,0.0,1.0,12.0,8.0,2.0,11.0,0.0,0.0,0.0,10.0,11.0,0.0,11.0,8.0,0.0,0.0,5.0,16.0,14.0,15.0,15.0,3.0,0.0,0.0,2.0,12.0,10.0,4.0,14.0,0.0,0.0,0.0,0.0,0.0,0.0,6.0,9.0,0.0,0.0,0.0,0.0,0.0,0.0,9.0,6.0,0.0,0.0,0.0,0.0,0.0,0.0,9.0,6.0,0.0,0.0,9
0.0,0.0,4.0,12.0,16.0,6.0,0.0,0.0,0.0,4.0,16.0,10.0,5.0,16.0,4.0,0.0,0.0,8.0,13.0,0.0,5.0,15.0,5.0,0.0,0.0,6.0,12.0,7.0,15.0,3.0,0.0,0.0,0.0,0.0,12.0,16.0,12.0,1.0,0.0,0.0,0.0,0.0,11.0,10.0,9.0,11.0,0.0,0.0,0.0,0.0,12.0,6.0,0.0,13.0,3.0,0.0,0.0,0.0,6.0,13.0,13.0,8.0,0.0,0.0,8
0.0,0.0,0.0,4.0,15.0,11.0,0.0,0.0,0.0,0.0,2.0,15.0,16.0,13.0,0.0,0.0,0.0,0.0,13.0,13.0,11.0,10.0,0.0,0.0,0.0,7.0,14.0,3.0,14.0,12.0,6.0,0.0,0.0,8.0,16.0,16.0,16.0,15.0,8.0,0.0,0.0,1.0,8.0,9.0,16.0,4.0,0.0,0.0,0.0,0.0,0.0,3.0,16.0,0.0,0.0,0.0,0.0,0.0,0.0,3.0,14.0,0.0,0.0,0.0,4
0.0,0.0,0.0,14.0,16.0,15.0,11.0,0.0,0.0,0.0,2.0,16.0,16.0,16.0,10.0,0.0,0.0,0.0,4.0,16.0,16.0,16.0,4.0,0.0,0.0,0.0,12.0,16.0,16.0,12.0,0.0,0.0,0.0,0.0,12.0,16.0,16.0,6.0,0.0,0.0,0.0,0.0,14.0,16.0,16.0,6.0,0.0,0.0,0.0,0.0,11.0,16.0,15.0,2.0,0.0,0.0,0.0,0.0,1.0,15.0,15.0,1.0,0.0,0.0,1
0.0,0.0,0.0,4.0,13.0,16.0,15.0,2.0,0.0,0.0,2.0,15.0,13.0,13.0,16.0,6.0,0.0,0.0,7.0,7.0,0.0,3.0,16.0,4.0,0.0,0.0,0.0,4.0,4.0,8.0,14.0,0.0,0.0,0.0,14.0,16.0,16.0,16.0,6.0,0.0,0.0,0.0,11.0,9.0,10.0,12.0,0.0,0.0,0.0,0.0,0.0,0.0,13.0,3.0,0.0,0.0,0.0,0.0,0.0,4.0,10.0,0.0,0.0,0.0,7
0.0,0.0,0.0,3.0,9.0,16.0,16.0,2.0,0.0,0.0,4.0,16.0,13.0,11.0,16.0,1.0,0.0,0.0,3.0,5.0,0.0,6.0,13.0,0.0,0.0,0.0,0.0,2.0,7.0,14.0,9.0,0.0,0.0,0.0,4.0,16.0,16.0,15.0,3.0,0.0,0.0,0.0,9.0,8.0,11.0,12.0,0.0,0.0,0.0,0.0,0.0,0.0,12.0,4.0,0.0,0.0,0.0,0.0,0.0,2.0,15.0,1.0,0.0,0.0,7
0.0,0.0,1.0,9.0,15.0,15.0,1.0,0.0,0.0,0.0,13.0,14.0,8.0,12.0,4.0,0.0,0.0,5.0,11.0,1.0,2.0,13.0,1.0,0.0,0.0,1.0,4.0,0.0,11.0,6.0,0.0,0.0,0.0,0.0,0.0,0.0,15.0,14.0,1.0,0.0,0.0,0.0,0.0,0.0,3.0,13.0,6.0,0.0,0.0,0.0,0.0,4.0,10.0,16.0,2.0,0.0,0.0,0.0,0.0,12.0,13.0,4.0,0.0,0.0,3
0.0,0.0,8.0,12.0,16.0,16.0,9.0,0.0,0.0,4.0,16.0,16.0,13.0,9.0,2.0,0.0,0.0,11.0,14.0,4.0,0.0,0.0,0.0,0.0,0.0,7.0,15.0,10.0,1.0,0.0,0.0,0.0,0.0,0.0,12.0,16.0,13.0,1.0,0.0,0.0,0.0,0.0,0.0,4.0,16.0,4.0,0.0,0.0,0.0,0.0,5.0,10.0,16.0,3.0,0.0,0.0,0.0,0.0,9.0,16.0,10.0,0.0,0.0,0.0,5
0.0,0.0,1.0,10.0,15.0,11.0,7.0,0.0,0.0,0.0,5.0,16.0,16.0,16.0,11.0,0.0,0.0,0.0,6.0,16.0,16.0,16.0,6.0,0.0,0.0,0.0,12.0,16.0,16.0,12.0,0.0,0.0,0.0,2.0,16.0,16.0,16.0,6.0,0.0,0.0,0.0,2.0,12.0,16.0,12.0,0.0,0.0,0.0,0.0,0.0,9.0,16.0,16.0,7.0,0.0,0.0,0.0,0.0,3.0,12.0,16.0,2.0,0.0,0.0,1
0.0,0.0,1.0,13.0,12.0,1.0,0.0,0.0,0.0,0.0,9.0,16.0,16.0,12.0,0.0,0.0,0.0,0.0,14.0,6.0,0.0,13.0,3.0,0.0,0.0,6.0,10.0,0.0,0.0,10.0,6.0,0.0,0.0,7.0,13.0,0.0,0.0,9.0,8.0,0.0,0.0,3.0,16.0,1.0,3.0,14.0,7.0,0.0,0.0,0.0,11.0,16.0,16.0,16.0,1.0,0.0,0.0,0.0,0.0,11.0,16.0,6.0,0.0,0.0,0
0.0,0.0,4.0,16.0,16.0,4.0,0.0,0.0,0.0,0.0,10.0,15.0,12.0,14.0,0.0,0.0,0.0,2.0,11.0,0.0,0.0,9.0,6.0,0.0,0.0,5.0,6.0,0.0,0.0,4.0,5.0,0.0,0.0,4.0,9.0,0.0,0.0,7.0,4.0,0.0,0.0,4.0,10.0,0.0,2.0,14.0,0.0,0.0,0.0,0.0,14.0,15.0,16.0,8.0,0.0,0.0,0.0,0.0,4.0,13.0,10.0,0.0,0.0,0.0,0
0.0,0.0,6.0,16.0,16.0,7.0,0.0,0.0,0.0,8.0,16.0,13.0,10.0,16.0,0.0,0.0,0.0,6.0,9.0,0.0,6.0,15.0,0.0,0.0,0.0,0.0,0.0,0.0,13.0,9.0,0.0,0.0,0.0,0.0,0.0,6.0,16.0,1.0,0.0,0.0,0.0,0.0,1.0,15.0,8.0,3.0,5.0,0.0,0.0,0.0,8.0,16.0,11.0,16.0,9.0,0.0,0.0,0.0,5.0,16.0,16.0,7.0,0.0,0.0,2
0.0,0.0,6.0,15.0,15.0,3.0,0.0,0.0,0.0,5.0,16.0,13.0,15.0,8.0,0.0,0.0,0.0,8.0,13.0,0.0,13.0,8.0,0.0,0.0,0.0,0.0,0.0,3.0,16.0,3.0,0.0,0.0,0.0,0.0,0.0,11.0,12.0,0.0,0.0,0.0,0.0,0.0,3.0,16.0,5.0,9.0,8.0,0.0,0.0,0.0,8.0,15.0,15.0,15.0,3.0,0.0,0.0,0.0,5.0,16.0,12.0,1.0,0.0,0.0,2
0.0,0.0,1.0,11.0,16.0,16.0,7.0,0.0,0.0,0.0,7.0,13.0,8.0,16.0,5.0,0.0,0.0,0.0,0.0,1.0,1.0,16.0,4.0,0.0,0.0,0.0,2.0,7.0,13.0,16.0,15.0,0.0,0.0,1.0,15.0,16.0,16.0,12.0,3.0,0.0,0.0,1.0,8.0,4.0,16.0,2.0,0.0,0.0,0.0,0.0,0.0,9.0,11.0,0.0,0.0,0.0,0.0,0.0,1.0,14.0,4.0,0.0,0.0,0.0,7
0.0,0.0,2.0,12.0,16.0,10.0,0.0,0.0,0.0,3.0,15.0,10.0,7.0,16.0,4.0,0.0,0.0,9.0,8.0,0.0,11.0,10.0,0.0,0.0,0.0,3.0,15.0,11.0,14.0,1.0,0.0,0.0,0.0,0.0,10.0,16.0,9.0,0.0,0.0,0.0,0.0,0.0,14.0,7.0,13.0,4.0,0.0,0.0,0.0,0.0,9.0,7.0,6.0,10.0,0.0,0.0,0.0,0.0,1.0,12.0,16.0,5.0,0.0,0.0,8
0.0,0.0,3.0,12.0,16.0,16.0,3.0,0.0,0.0,2.0,16.0,16.0,11.0,16.0,4.0,0.0,0.0,8.0,14.0,2.0,10.0,16.0,1.0,0.0,0.0,5.0,5.0,3.0,16.0,4.0,0.0,0.0,0.0,0.0,0.0,11.0,12.0,0.0,0.0,0.0,0.0,0.0,3.0,16.0,5.0,2.0,3.0,0.0,0.0,0.0,3.0,16.0,12.0,15.0,6.0,0.0,0.0,0.0,0.0,15.0,16.0,8.0,0.0,0.0,2
0.0,0.0,0.0,9.0,15.0,6.0,0.0,0.0,0.0,0.0,5.0,15.0,16.0,15.0,0.0,0.0,0.0,0.0,15.0,15.0,4.0,16.0,3.0,0.0,0.0,2.0,14.0,5.0,0.0,12.0,8.0,0.0,0.0,6.0,13.0,0.0,1.0,14.0,6.0,0.0,0.0,1.0,10.0,14.0,15.0,16.0,3.0,0.0,0.0,0.0,3.0,16.0,16.0,14.0,1.0,0.0,0.0,0.0,0.0,9.0,13.0,5.0,0.0,0.0,0
0.0,0.0,3.0,8.0,11.0,11.0,1.0,0.0,0.0,0.0,3.0,16.0,16.0,12.0,0.0,0.0,0.0,0.0,2.0,15.0,16.0,12.0,0.0,0.0,0.0,0.0,0.0,16.0,16.0,7.0,0.0,0.0,0.0,0.0,1.0,15.0,16.0,10.0,0.0,0.0,0.0,0.0,1.0,16.0,16.0,6.0,0.0,0.0,0.0,0.0,3.0,16.0,16.0,5.0,0.0,0.0,0.0,0.0,2.0,15.0,16.0,6.0,0.0,0.0,1
0.0,0.0,1.0,13.0,16.0,10.0,0.0,0.0,0.0,1.0,13.0,15.0,8.0,16.0,3.0,0.0,0.0,8.0,15.0,3.0,4.0,15.0,0.0,0.0,0.0,1.0,3.0,0.0,12.0,8.0,0.0,0.0,0.0,0.0,0.0,4.0,14.0,1.0,0.0,0.0,0.0,0.0,0.0,11.0,8.0,0.0,4.0,0.0,0.0,0.0,1.0,16.0,8.0,13.0,9.0,0.0,0.0,0.0,0.0,14.0,16.0,11.0,0.0,0.0,2
0.0,0.0,2.0,14.0,1.0,0.0,0.0,0.0,0.0,0.0,8.0,12.0,0.0,0.0,0.0,0.0,0.0,0.0,12.0,5.0,0.0,0.0,0.0,0.0,0.0,2.0,14.0,0.0,0.0,0.0,0.0,0.0,0.0,0.0,10.0,0.0,6.0,7.0,2.0,0.0,0.0,4.0,12.0,13.0,15.0,14.0,12.0,0.0,0.0,0.0,13.0,12.0,2.0,11.0,14.0,0.0,0.0,0.0,3.0,13.0,16.0,13.0,1.0,0.0,6
0.0,0.0,6.0,14.0,16.0,16.0,2.0,0.0,0.0,5.0,16.0,13.0,11.0,16.0,0.0,0.0,0.0,0.0,7.0,2.0,15.0,12.0,0.0,0.0,0.0,0.0,0.0,7.0,16.0,13.0,1.0,0.0,0.0,0.0,0.0,0.0,6.0,15.0,10.0,0.0,0.0,0.0,0.0,0.0,0.0,15.0,9.0,0.0,0.0,0.0,3.0,11.0,8.0,16.0,6.0,0.0,0.0,0.0,7.0,16.0,16.0,8.0,0.0,0.0,3
0.0,1.0,7.0,13.0,16.0,11.0,0.0,0.0,0.0,11.0,16.0,13.0,15.0,16.0,0.0,0.0,0.0,3.0,8.0,2.0,16.0,9.0,0.0,0.0,0.0,0.0,0.0,8.0,16.0,4.0,0.0,0.0,0.0,0.0,0.0,5.0,16.0,16.0,5.0,0.0,0.0,0.0,0.0,0.0,3.0,14.0,11.0,0.0,0.0,0.0,3.0,8.0,14.0,16.0,8.0,0.0,0.0,0.0,7.0,16.0,12.0,7.0,0.0,0.0,3
0.0,0.0,1.0,6.0,12.0,16.0,9.0,0.0,0.0,0.0,10.0,15.0,10.0,13.0,9.0,0.0,0.0,0.0,2.0,1.0,0.0,14.0,2.0,0.0,0.0,0.0,0.0,6.0,12.0,16.0,15.0,0.0,0.0,0.0,5.0,16.0,16.0,14.0,7.0,0.0,0.0,0.0,3.0,6.0,15.0,0.0,0.0,0.0,0.0,0.0,0.0,7.0,9.0,0.0,0.0,0.0,0.0,0.0,0.0,11.0,2.0,0.0,0.0,0.0,7
0.0,0.0,4.0,13.0,16.0,11.0,0.0,0.0,0.0,9.0,16.0,9.0,10.0,15.0,0.0,0.0,0.0,5.0,4.0,0.0,12.0,11.0,0.0,0.0,0.0,0.0,0.0,5.0,16.0,12.0,1.0,0.0,0.0,0.0,0.0,1.0,9.0,15.0,8.0,0.0,0.0,0.0,0.0,0.0,0.0,8.0,12.0,0.0,0.0,0.0,1.0,6.0,8.0,16.0,8.0,0.0,0.0,0.0,5.0,16.0,15.0,9.0,1.0,0.0,3
0.0,1.0,11.0,15.0,16.0,9.0,0.0,0.0,0.0,3.0,16.0,10.0,10.0,16.0,1.0,0.0,0.0,0.0,2.0,1.0,14.0,11.0,0.0,0.0,0.0,0.0,0.0,14.0,16.0,7.0,0.0,0.0,0.0,0.0,0.0,13.0,16.0,16.0,5.0,0.0,0.0,0.0,0.0,0.0,2.0,16.0,8.0,0.0,0.0,0.0,6.0,8.0,13.0,15.0,5.0,0.0,0.0,0.0,15.0,16.0,12.0,5.0,0.0,0.0,3
0.0,0.0,0.0,6.0,15.0,1.0,0.0,0.0,0.0,0.0,3.0,16.0,9.0,15.0,3.0,0.0,0.0,1.0,15.0,7.0,5.0,15.0,0.0,0.0,0.0,9.0,16.0,4.0,11.0,14.0,10.0,0.0,0.0,9.0,16.0,16.0,16.0,16.0,9.0,0.0,0.0,0.0,2.0,4.0,16.0,2.0,0.0,0.0,0.0,0.0,0.0,6.0,14.0,0.0,0.0,0.0,0.0,0.0,0.0,7.0,10.0,0.0,0.0,0.0,4
0.0,0.0,2.0,14.0,1.0,0.0,0.0,0.0,0.0,0.0,11.0,12.0,1.0,0.0,0.0,0.0,0.0,1.0,15.0,4.0,0.0,0.0,0.0,0.0,0.0,5.0,13.0,0.0,0.0,0.0,0.0,0.0,0.0,7.0,12.0,12.0,16.0,13.0,2.0,0.0,0.0,4.0,16.0,12.0,6.0,6.0,11.0,0.0,0.0,0.0,14.0,9.0,0.0,5.0,13.0,0.0,0.0,0.0,3.0,11.0,15.0,14.0,1.0,0.0,6
0.0,0.0,1.0,10.0,0.0,0.0,0.0,0.0,0.0,0.0,4.0,15.0,0.0,0.0,0.0,0.0,0.0,0.0,10.0,11.0,0.0,0.0,0.0,0.0,0.0,0.0,13.0,9.0,3.0,2.0,0.0,0.0,0.0,0.0,13.0,16.0,16.0,15.0,4.0,0.0,0.0,0.0,13.0,13.0,6.0,4.0,12.0,0.0,0.0,0.0,9.0,11.0,5.0,9.0,15.0,2.0,0.0,0.0,2.0,12.0,16.0,12.0,6.0,0.0,6
0.0,0.0,9.0,7.0,0.0,0.0,0.0,0.0,0.0,0.0,9.0,11.0,0.0,0.0,0.0,0.0,0.0,0.0,15.0,4.0,0.0,0.0,0.0,0.0,0.0,2.0,16.0,1.0,0.0,0.0,0.0,0.0,0.0,5.0,16.0,8.0,14.0,9.0,0.0,0.0,0.0,5.0,16.0,15.0,8.0,9.0,10.0,0.0,0.0,3.0,16.0,2.0,0.0,7.0,11.0,0.0,0.0,0.0,7.0,14.0,16.0,12.0,1.0,0.0,6
0.0,0.0,0.0,1.0,11.0,7.0,0.0,0.0,0.0,0.0,0.0,11.0,16.0,5.0,0.0,0.0,0.0,0.0,9.0,15.0,15.0,7.0,0.0,0.0,0.0,5.0,16.0,3.0,16.0,4.0,0.0,0.0,0.0,10.0,13.0,9.0,16.0,14.0,8.0,0.0,0.0,3.0,15.0,16.0,16.0,13.0,6.0,0.0,0.0,0.0,0.0,0.0,16.0,3.0,0.0,0.0,0.0,0.0,0.0,0.0,14.0,2.0,0.0,0.0,4
0.0,0.0,0.0,1.0,7.0,12.0,14.0,1.0,0.0,0.0,1.0,13.0,8.0,4.0,13.0,0.0,0.0,0.0,10.0,16.0,9.0,15.0,11.0,0.0,0.0,1.0,16.0,15.0,15.0,16.0,3.0,0.0,0.0,0.0,11.0,9.0,3.0,14.0,0.0,0.0,0.0,0.0,0.0,0.0,5.0,9.0,0.0,0.0,0.0,0.0,0.0,0.0,7.0,8.0,0.0,0.0,0.0,0.0,0.0,0.0,8.0,6.0,0.0,0.0,9
0.0,0.0,0.0,10.0,12.0,8.0,1.0,0.0,0.0,0.0,5.0,16.0,16.0,16.0,0.0,0.0,0.0,0.0,10.0,16.0,16.0,9.0,0.0,0.0,0.0,2.0,15.0,16.0,13.0,2.0,0.0,0.0,0.0,4.0,16.0,16.0,8.0,0.0,0.0,0.0,0.0,1.0,15.0,16.0,7.0,0.0,0.0,0.0,0.0,0.0,9.0,16.0,11.0,1.0,0.0,0.0,0.0,0.0,0.0,6.0,12.0,6.0,0.0,0.0,1
0.0,0.0,6.0,16.0,16.0,16.0,10.0,0.0,0.0,0.0,13.0,15.0,9.0,6.0,0.0,0.0,0.0,6.0,16.0,4.0,0.0,0.0,0.0,0.0,0.0,12.0,15.0,4.0,2.0,0.0,0.0,0.0,0.0,8.0,16.0,16.0,16.0,15.0,1.0,0.0,0.0,0.0,6.0,8.0,9.0,16.0,4.0,0.0,0.0,0.0,1.0,3.0,13.0,15.0,1.0,0.0,0.0,0.0,7.0,16.0,15.0,3.0,0.0,0.0,5
0.0,0.0,0.0,9.0,13.0,3.0,0.0,0.0,0.0,0.0,8.0,15.0,12.0,15.0,2.0,0.0,0.0,0.0,12.0,8.0,0.0,15.0,4.0,0.0,0.0,3.0,13.0,0.0,0.0,10.0,7.0,0.0,0.0,8.0,9.0,0.0,0.0,13.0,7.0,0.0,0.0,2.0,16.0,4.0,7.0,16.0,5.0,0.0,0.0,0.0,14.0,14.0,16.0,15.0,1.0,0.0,0.0,0.0,1.0,12.0,14.0,4.0,0.0,0.0,0
0.0,0.0,0.0,0.0,8.0,13.0,3.0,0.0,0.0,0.0,0.0,12.0,11.0,11.0,5.0,0.0,0.0,0.0,11.0,8.0,8.0,16.0,0.0,0.0,0.0,2.0,16.0,16.0,16.0,15.0,0.0,0.0,0.0,2.0,16.0,11.0,7.0,10.0,0.0,0.0,0.0,0.0,0.0,0.0,8.0,7.0,0.0,0.0,0.0,0.0,0.0,0.0,10.0,8.0,0.0,0.0,0.0,0.0,0.0,0.0,9.0,7.0,0.0,0.0,9
0.0,0.0,2.0,16.0,15.0,15.0,8.0,0.0,0.0,0.0,7.0,16.0,15.0,12.0,7.0,0.0,0.0,3.0,15.0,8.0,1.0,0.0,0.0,0.0,0.0,9.0,15.0,4.0,4.0,2.0,0.0,0.0,0.0,5.0,16.0,16.0,16.0,15.0,2.0,0.0,0.0,0.0,5.0,6.0,8.0,16.0,3.0,0.0,0.0,0.0,0.0,1.0,14.0,10.0,0.0,0.0,0.0,0.0,2.0,16.0,13.0,1.0,0.0,0.0,5
0.0,0.0,9.0,16.0,16.0,9.0,0.0,0.0,0.0,5.0,16.0,14.0,15.0,16.0,1.0,0.0,0.0,2.0,11.0,1.0,10.0,15.0,0.0,0.0,0.0,0.0,0.0,1.0,15.0,8.0,0.0,0.0,0.0,0.0,0.0,8.0,15.0,1.0,0.0,0.0,0.0,0.0,6.0,16.0,7.0,8.0,7.0,0.0,0.0,0.0,9.0,16.0,15.0,14.0,2.0,0.0,0.0,0.0,9.0,16.0,13.0,1.0,0.0,0.0,2
0.0,0.0,3.0,12.0,11.0,4.0,0.0,0.0,0.0,4.0,15.0,13.0,12.0,16.0,0.0,0.0,0.0,9.0,14.0,0.0,0.0,12.0,2.0,0.0,0.0,0.0,13.0,11.0,7.0,15.0,3.0,0.0,0.0,0.0,0.0,15.0,16.0,7.0,0.0,0.0,0.0,0.0,5.0,16.0,10.0,14.0,2.0,0.0,0.0,0.0,11.0,13.0,0.0,8.0,8.0,0.0,0.0,0.0,2.0,12.0,16.0,16.0,7.0,0.0,8
0.0,0.0,4.0,14.0,16.0,5.0,0.0,0.0,0.0,4.0,16.0,16.0,16.0,8.0,0.0,0.0,0.0,10.0,15.0,9.0,16.0,4.0,0.0,0.0,0.0,1.0,2.0,13.0,14.0,0.0,0.0,0.0,0.0,0.0,2.0,16.0,6.0,0.0,0.0,0.0,0.0,0.0,7.0,16.0,0.0,5.0,7.0,0.0,0.0,0.0,8.0,16.0,13.0,16.0,6.0,0.0,0.0,0.0,2.0,15.0,16.0,6.0,0.0,0.0,2
0.0,0.0,4.0,12.0,13.0,5.0,0.0,0.0,0.0,0.0,14.0,16.0,16.0,16.0,4.0,0.0,0.0,6.0,13.0,2.0,1.0,11.0,8.0,0.0,0.0,6.0,11.0,0.0,0.0,8.0,8.0,0.0,0.0,4.0,16.0,0.0,0.0,10.0,8.0,0.0,0.0,4.0,16.0,4.0,8.0,16.0,3.0,0.0,0.0,0.0,16.0,16.0,16.0,12.0,0.0,0.0,0.0,0.0,4.0,15.0,14.0,3.0,0.0,0.0,0
0.0,0.0,3.0,11.0,7.0,1.0,0.0,0.0,0.0,0.0,10.0,15.0,14.0,14.0,0.0,0.0,0.0,2.0,16.0,10.0,1.0,12.0,4.0,0.0,0.0,2.0,16.0,3.0,0.0,4.0,8.0,0.0,0.0,5.0,12.0,0.0,0.0,6.0,8.0,0.0,0.0,1.0,12.0,0.0,0.0,11.0,9.0,0.0,0.0,0.0,15.0,9.0,14.0,15.0,1.0,0.0,0.0,0.0,4.0,15.0,15.0,4.0,0.0,0.0,0
0.0,0.0,0.0,10.0,16.0,11.0,1.0,0.0,0.0,0.0,0.0,15.0,16.0,15.0,2.0,0.0,0.0,0.0,1.0,13.0,16.0,14.0,0.0,0.0,0.0,0.0,1.0,15.0,16.0,12.0,0.0,0.0,0.0,0.0,0.0,14.0,16.0,8.0,0.0,0.0,0.0,0.0,0.0,13.0,16.0,5.0,0.0,0.0,0.0,0.0,1.0,14.0,16.0,1.0,0.0,0.0,0.0,0.0,0.0,8.0,15.0,1.0,0.0,0.0,1
0.0,0.0,0.0,7.0,14.0,16.0,5.0,0.0,0.0,0.0,7.0,16.0,12.0,16.0,8.0,0.0,0.0,0.0,4.0,2.0,1.0,16.0,4.0,0.0,0.0,0.0,3.0,12.0,12.0,16.0,8.0,0.0,0.0,0.0,12.0,16.0,16.0,15.0,5.0,0.0,0.0,0.0,5.0,5.0,13.0,6.0,0.0,0.0,0.0,0.0,0.0,2.0,14.0,0.0,0.0,0.0,0.0,0.0,0.0,9.0,8.0,0.0,0.0,0.0,7
0.0,0.0,1.0,13.0,1.0,0.0,0.0,0.0,0.0,0.0,7.0,15.0,1.0,0.0,0.0,0.0,0.0,1.0,14.0,6.0,0.0,0.0,0.0,0.0,0.0,0.0,16.0,3.0,0.0,1.0,0.0,0.0,0.0,1.0,16.0,6.0,15.0,15.0,5.0,0.0,0.0,1.0,16.0,14.0,4.0,3.0,12.0,0.0,0.0,0.0,7.0,7.0,0.0,9.0,12.0,0.0,0.0,0.0,0.0,11.0,16.0,9.0,2.0,0.0,6
0.0,1.0,5.0,12.0,16.0,14.0,2.0,0.0,0.0,8.0,16.0,16.0,16.0,16.0,3.0,0.0,0.0,6.0,9.0,2.0,12.0,12.0,0.0,0.0,0.0,0.0,0.0,5.0,16.0,8.0,0.0,0.0,0.0,0.0,0.0,1.0,13.0,16.0,9.0,0.0,0.0,0.0,0.0,0.0,1.0,14.0,10.0,0.0,0.0,0.0,1.0,11.0,15.0,15.0,5.0,0.0,0.0,0.0,6.0,16.0,12.0,5.0,0.0,0.0,3
0.0,2.0,12.0,16.0,12.0,0.0,0.0,0.0,0.0,7.0,16.0,13.0,16.0,3.0,0.0,0.0,0.0,0.0,3.0,5.0,16.0,0.0,0.0,0.0,0.0,0.0,3.0,15.0,7.0,0.0,0.0,0.0,0.0,0.0,11.0,13.0,0.0,0.0,0.0,0.0,0.0,6.0,13.0,1.0,0.0,0.0,0.0,0.0,0.0,6.0,16.0,11.0,8.0,11.0,5.0,0.0,0.0,0.0,15.0,16.0,16.0,15.0,3.0,0.0,2
0.0,0.0,5.0,15.0,13.0,12.0,4.0,0.0,0.0,0.0,11.0,16.0,16.0,14.0,0.0,0.0,0.0,0.0,16.0,16.0,16.0,8.0,0.0,0.0,0.0,4.0,16.0,16.0,15.0,3.0,0.0,0.0,0.0,2.0,16.0,16.0,8.0,0.0,0.0,0.0,0.0,0.0,16.0,15.0,3.0,0.0,0.0,0.0,0.0,0.0,10.0,16.0,4.0,0.0,0.0,0.0,0.0,0.0,8.0,15.0,3.0,0.0,0.0,0.0,1
0.0,0.0,0.0,6.0,13.0,16.0,16.0,9.0,0.0,0.0,6.0,16.0,14.0,11.0,16.0,10.0,0.0,0.0,2.0,3.0,0.0,4.0,15.0,4.0,0.0,0.0,2.0,9.0,12.0,16.0,13.0,0.0,0.0,2.0,15.0,16.0,16.0,16.0,3.0,0.0,0.0,4.0,9.0,3.0,10.0,10.0,0.0,0.0,0.0,0.0,0.0,1.0,16.0,2.0,0.0,0.0,0.0,0.0,0.0,7.0,9.0,0.0,0.0,0.0,7
0.0,0.0,0.0,2.0,14.0,2.0,0.0,0.0,0.0,0.0,1.0,13.0,15.0,6.0,0.0,0.0,0.0,0.0,12.0,15.0,12.0,11.0,0.0,0.0,0.0,5.0,16.0,4.0,15.0,6.0,0.0,0.0,0.0,12.0,15.0,8.0,16.0,16.0,11.0,0.0,0.0,6.0,16.0,16.0,16.0,8.0,2.0,0.0,0.0,0.0,2.0,6.0,16.0,0.0,0.0,0.0,0.0,0.0,0.0,2.0,14.0,0.0,0.0,0.0,4
0.0,0.0,0.0,8.0,3.0,0.0,0.0,0.0,0.0,0.0,2.0,16.0,8.0,0.0,0.0,0.0,0.0,0.0,9.0,15.0,1.0,0.0,0.0,0.0,0.0,0.0,12.0,10.0,0.0,0.0,0.0,0.0,0.0,0.0,14.0,7.0,0.0,0.0,0.0,0.0,0.0,0.0,10.0,15.0,16.0,16.0,14.0,1.0,0.0,0.0,4.0,16.0,1.0,4.0,15.0,6.0,0.0,0.0,0.0,5.0,14.0,15.0,10.0,0.0,6
0.0,0.0,6.0,9.0,11.0,9.0,0.0,0.0,0.0,13.0,16.0,15.0,15.0,15.0,0.0,0.0,0.0,4.0,5.0,2.0,15.0,6.0,0.0,0.0,0.0,0.0,0.0,3.0,15.0,6.0,0.0,0.0,0.0,0.0,0.0,0.0,6.0,15.0,6.0,0.0,0.0,0.0,0.0,0.0,0.0,5.0,12.0,0.0,0.0,0.0,0.0,5.0,13.0,16.0,9.0,0.0,0.0,0.0,3.0,13.0,12.0,7.0,1.0,0.0,3
0.0,1.0,11.0,16.0,15.0,12.0,3.0,0.0,0.0,1.0,13.0,16.0,16.0,12.0,0.0,0.0,0.0,2.0,16.0,16.0,16.0,8.0,0.0,0.0,0.0,0.0,16.0,16.0,16.0,2.0,0.0,0.0,0.0,8.0,16.0,16.0,14.0,0.0,0.0,0.0,0.0,7.0,16.0,16.0,9.0,0.0,0.0,0.0,0.0,1.0,13.0,16.0,13.0,1.0,0.0,0.0,0.0,0.0,8.0,16.0,12.0,0.0,0.0,0.0,1
0.0,0.0,7.0,15.0,12.0,0.0,0.0,0.0,0.0,3.0,15.0,8.0,14.0,2.0,0.0,0.0,0.0,0.0,5.0,2.0,11.0,0.0,0.0,0.0,0.0,0.0,1.0,11.0,8.0,2.0,0.0,0.0,0.0,0.0,8.0,16.0,16.0,15.0,4.0,0.0,0.0,0.0,1.0,4.0,2.0,12.0,6.0,0.0,0.0,0.0,2.0,4.0,13.0,12.0,0.0,0.0,0.0,0.0,5.0,13.0,9.0,1.0,0.0,0.0,3
0.0,0.0,0.0,0.0,5.0,15.0,10.0,0.0,0.0,0.0,0.0,8.0,11.0,15.0,7.0,0.0,0.0,0.0,6.0,13.0,10.0,16.0,7.0,0.0,0.0,3.0,16.0,14.0,12.0,15.0,4.0,0.0,0.0,1.0,11.0,8.0,1.0,14.0,2.0,0.0,0.0,0.0,0.0,0.0,3.0,13.0,0.0,0.0,0.0,0.0,0.0,0.0,6.0,10.0,0.0,0.0,0.0,0.0,0.0,0.0,9.0,4.0,0.0,0.0,9
0.0,0.0,5.0,12.0,12.0,8.0,1.0,0.0,0.0,0.0,10.0,16.0,16.0,15.0,0.0,0.0,0.0,0.0,11.0,16.0,16.0,8.0,0.0,0.0,0.0,4.0,16.0,16.0,16.0,4.0,0.0,0.0,0.0,3.0,16.0,16.0,10.0,0.0,0.0,0.0,0.0,0.0,13.0,16.0,16.0,3.0,0.0,0.0,0.0,0.0,13.0,16.0,16.0,0.0,0.0,0.0,0.0,0.0,2.0,10.0,12.0,0.0,0.0,0.0,1
0.0,0.0,0.0,7.0,14.0,16.0,6.0,0.0,0.0,0.0,10.0,16.0,12.0,15.0,9.0,0.0,0.0,0.0,8.0,3.0,2.0,16.0,7.0,0.0,0.0,0.0,1.0,8.0,13.0,16.0,14.0,0.0,0.0,2.0,13.0,16.0,16.0,12.0,1.0,0.0,0.0,6.0,12.0,6.0,16.0,3.0,0.0,0.0,0.0,0.0,0.0,5.0,13.0,0.0,0.0,0.0,0.0,0.0,0.0,9.0,6.0,0.0,0.0,0.0,7
0.0,0.0,3.0,11.0,0.0,0.0,0.0,0.0,0.0,0.0,9.0,13.0,0.0,0.0,0.0,0.0,0.0,0.0,15.0,4.0,0.0,0.0,0.0,0.0,0.0,2.0,15.0,0.0,1.0,0.0,0.0,0.0,0.0,4.0,15.0,14.0,16.0,13.0,2.0,0.0,0.0,3.0,16.0,11.0,3.0,7.0,12.0,0.0,0.0,0.0,13.0,6.0,3.0,8.0,14.0,0.0,0.0,0.0,4.0,14.0,16.0,14.0,7.0,0.0,6
0.0,0.0,4.0,14.0,14.0,0.0,0.0,0.0,0.0,5.0,16.0,16.0,16.0,5.0,1.0,0.0,0.0,9.0,13.0,0.0,13.0,16.0,2.0,0.0,0.0,3.0,16.0,13.0,15.0,5.0,0.0,0.0,0.0,0.0,7.0,16.0,13.0,0.0,0.0,0.0,0.0,0.0,10.0,13.0,14.0,7.0,0.0,0.0,0.0,0.0,10.0,11.0,10.0,15.0,0.0,0.0,0.0,0.0,4.0,13.0,11.0,3.0,0.0,0.0,8
0.0,0.0,0.0,12.0,8.0,0.0,0.0,0.0,0.0,0.0,6.0,16.0,3.0,12.0,4.0,0.0,0.0,1.0,16.0,5.0,8.0,14.0,0.0,0.0,0.0,9.0,15.0,0.0,13.0,10.0,2.0,0.0,0.0,10.0,15.0,12.0,16.0,16.0,9.0,0.0,0.0,6.0,16.0,16.0,15.0,9.0,1.0,0.0,0.0,0.0,0.0,14.0,5.0,0.0,0.0,0.0,0.0,0.0,0.0,15.0,0.0,0.0,0.0,0.0,4
0.0,0.0,6.0,14.0,11.0,0.0,0.0,0.0,0.0,3.0,16.0,9.0,16.0,0.0,0.0,0.0,0.0,3.0,7.0,5.0,12.0,0.0,0.0,0.0,0.0,0.0,1.0,14.0,8.0,2.0,0.0,0.0,0.0,0.0,2.0,16.0,16.0,16.0,4.0,0.0,0.0,0.0,0.0,0.0,0.0,11.0,8.0,0.0,0.0,0.0,0.0,4.0,10.0,15.0,2.0,0.0,0.0,0.0,5.0,16.0,12.0,4.0,0.0,0.0,3
0.0,0.0,0.0,4.0,11.0,9.0,5.0,0.0,0.0,0.0,5.0,16.0,16.0,16.0,5.0,0.0,0.0,0.0,11.0,16.0,16.0,9.0,0.0,0.0,0.0,4.0,16.0,16.0,16.0,4.0,0.0,0.0,0.0,1.0,14.0,16.0,9.0,0.0,0.0,0.0,0.0,4.0,15.0,16.0,6.0,0.0,0.0,0.0,0.0,0.0,9.0,16.0,8.0,0.0,0.0,0.0,0.0,0.0,0.0,7.0,5.0,0.0,0.0,0.0,1
0.0,0.0,1.0,14.0,8.0,8.0,1.0,0.0,0.0,0.0,10.0,13.0,8.0,16.0,1.0,0.0,0.0,2.0,16.0,4.0,10.0,11.0,0.0,0.0,0.0,7.0,15.0,6.0,14.0,16.0,13.0,0.0,0.0,3.0,16.0,16.0,15.0,9.0,2.0,0.0,0.0,0.0,3.0,11.0,9.0,0.0,0.0,0.0,0.0,0.0,0.0,12.0,4.0,0.0,0.0,0.0,0.0,0.0,0.0,12.0,0.0,0.0,0.0,0.0,4
0.0,0.0,2.0,10.0,15.0,1.0,0.0,0.0,0.0,3.0,16.0,16.0,13.0,13.0,0.0,0.0,0.0,5.0,16.0,12.0,1.0,12.0,1.0,0.0,0.0,7.0,13.0,5.0,0.0,7.0,5.0,0.0,0.0,2.0,14.0,0.0,0.0,7.0,10.0,0.0,0.0,0.0,12.0,2.0,0.0,12.0,7.0,0.0,0.0,0.0,9.0,12.0,12.0,16.0,4.0,0.0,0.0,0.0,0.0,10.0,16.0,6.0,0.0,0.0,0
0.0,0.0,10.0,16.0,16.0,13.0,0.0,0.0,0.0,4.0,16.0,15.0,12.0,4.0,0.0,0.0,0.0,8.0,16.0,4.0,0.0,0.0,0.0,0.0,0.0,4.0,16.0,11.0,6.0,1.0,0.0,0.0,0.0,0.0,8.0,16.0,16.0,13.0,2.0,0.0,0.0,0.0,0.0,1.0,7.0,14.0,12.0,0.0,0.0,0.0,0.0,6.0,13.0,16.0,10.0,0.0,0.0,0.0,12.0,16.0,14.0,6.0,0.0,0.0,5
0.0,1.0,10.0,16.0,16.0,8.0,0.0,0.0,0.0,10.0,16.0,13.0,16.0,12.0,0.0,0.0,0.0,1.0,3.0,3.0,16.0,9.0,0.0,0.0,0.0,0.0,0.0,13.0,14.0,1.0,0.0,0.0,0.0,0.0,2.0,16.0,16.0,12.0,3.0,0.0,0.0,0.0,0.0,5.0,11.0,16.0,11.0,0.0,0.0,0.0,2.0,7.0,14.0,16.0,6.0,0.0,0.0,0.0,11.0,16.0,13.0,5.0,0.0,0.0,3
0.0,0.0,0.0,6.0,11.0,0.0,0.0,0.0,0.0,0.0,0.0,15.0,10.0,0.0,0.0,0.0,0.0,0.0,7.0,15.0,2.0,0.0,0.0,0.0,0.0,0.0,16.0,6.0,0.0,0.0,0.0,0.0,0.0,3.0,16.0,7.0,5.0,5.0,0.0,0.0,0.0,2.0,16.0,13.0,9.0,13.0,11.0,0.0,0.0,0.0,8.0,13.0,7.0,5.0,15.0,3.0,0.0,0.0,0.0,5.0,11.0,13.0,12.0,2.0,6
0.0,0.0,0.0,0.0,5.0,11.0,14.0,1.0,0.0,0.0,0.0,10.0,13.0,8.0,15.0,2.0,0.0,0.0,11.0,9.0,4.0,9.0,12.0,0.0,0.0,5.0,16.0,16.0,16.0,16.0,6.0,0.0,0.0,0.0,15.0,16.0,13.0,16.0,3.0,0.0,0.0,0.0,2.0,3.0,1.0,15.0,0.0,0.0,0.0,0.0,0.0,0.0,5.0,5.0,0.0,0.0,0.0,0.0,0.0,0.0,6.0,0.0,0.0,0.0,9
0.0,0.0,0.0,5.0,11.0,0.0,0.0,0.0,0.0,0.0,1.0,14.0,9.0,0.0,0.0,0.0,0.0,0.0,4.0,14.0,1.0,0.0,0.0,0.0,0.0,0.0,10.0,8.0,0.0,0.0,0.0,0.0,0.0,0.0,13.0,8.0,4.0,6.0,2.0,0.0,0.0,0.0,11.0,16.0,13.0,12.0,13.0,0.0,0.0,0.0,12.0,14.0,4.0,5.0,16.0,2.0,0.0,0.0,1.0,8.0,16.0,13.0,9.0,1.0,6
0.0,0.0,2.0,12.0,12.0,8.0,1.0,0.0,0.0,0.0,2.0,15.0,16.0,16.0,8.0,0.0,0.0,0.0,5.0,16.0,16.0,14.0,3.0,0.0,0.0,0.0,8.0,16.0,16.0,10.0,0.0,0.0,0.0,3.0,15.0,16.0,13.0,0.0,0.0,0.0,0.0,2.0,14.0,16.0,9.0,0.0,0.0,0.0,0.0,0.0,11.0,16.0,9.0,0.0,0.0,0.0,0.0,0.0,1.0,9.0,5.0,0.0,0.0,0.0,1
0.0,0.0,1.0,9.0,15.0,12.0,5.0,0.0,0.0,0.0,8.0,16.0,16.0,16.0,13.0,0.0,0.0,0.0,3.0,1.0,1.0,14.0,10.0,0.0,0.0,0.0,3.0,10.0,13.0,16.0,15.0,0.0,0.0,2.0,16.0,16.0,16.0,15.0,3.0,0.0,0.0,3.0,8.0,2.0,13.0,6.0,0.0,0.0,0.0,0.0,0.0,5.0,13.0,0.0,0.0,0.0,0.0,0.0,0.0,11.0,5.0,0.0,0.0,0.0,7
0.0,0.0,11.0,16.0,16.0,16.0,16.0,2.0,0.0,5.0,16.0,16.0,14.0,10.0,4.0,0.0,0.0,5.0,16.0,5.0,0.0,0.0,0.0,0.0,0.0,1.0,15.0,10.0,0.0,0.0,0.0,0.0,0.0,0.0,6.0,16.0,8.0,0.0,0.0,0.0,0.0,0.0,0.0,9.0,14.0,0.0,0.0,0.0,0.0,0.0,0.0,5.0,16.0,3.0,0.0,0.0,0.0,0.0,10.0,16.0,13.0,1.0,0.0,0.0,5
0.0,0.0,0.0,9.0,13.0,0.0,0.0,0.0,0.0,0.0,3.0,15.0,6.0,12.0,0.0,0.0,0.0,1.0,12.0,8.0,5.0,14.0,0.0,0.0,0.0,6.0,14.0,0.0,12.0,7.0,0.0,0.0,0.0,14.0,6.0,2.0,16.0,9.0,5.0,0.0,0.0,16.0,13.0,13.0,16.0,15.0,4.0,0.0,1.0,15.0,16.0,16.0,12.0,2.0,0.0,0.0,0.0,3.0,3.0,13.0,4.0,0.0,0.0,0.0,4
0.0,0.0,0.0,10.0,6.0,0.0,10.0,14.0,0.0,0.0,7.0,15.0,2.0,7.0,14.0,1.0,0.0,0.0,15.0,9.0,1.0,15.0,12.0,2.0,0.0,4.0,16.0,10.0,11.0,16.0,12.0,1.0,0.0,2.0,16.0,16.0,16.0,9.0,0.0,0.0,0.0,0.0,5.0,12.0,10.0,0.0,0.0,0.0,0.0,0.0,0.0,13.0,5.0,0.0,0.0,0.0,0.0,0.0,0.0,15.0,3.0,0.0,0.0,0.0,4
0.0,0.0,0.0,8.0,14.0,15.0,7.0,0.0,0.0,0.0,4.0,16.0,12.0,15.0,14.0,0.0,0.0,0.0,1.0,1.0,0.0,11.0,12.0,0.0,0.0,0.0,2.0,4.0,6.0,14.0,15.0,0.0,0.0,4.0,16.0,16.0,16.0,16.0,5.0,0.0,0.0,8.0,12.0,7.0,14.0,12.0,0.0,0.0,0.0,0.0,0.0,4.0,16.0,3.0,0.0,0.0,0.0,0.0,0.0,11.0,7.0,0.0,0.0,0.0,7
0.0,0.0,7.0,15.0,15.0,5.0,0.0,0.0,0.0,6.0,16.0,12.0,16.0,12.0,0.0,0.0,0.0,1.0,7.0,0.0,16.0,10.0,0.0,0.0,0.0,0.0,0.0,10.0,15.0,0.0,0.0,0.0,0.0,0.0,1.0,16.0,7.0,0.0,0.0,0.0,0.0,0.0,10.0,13.0,1.0,5.0,1.0,0.0,0.0,0.0,12.0,12.0,13.0,15.0,3.0,0.0,0.0,0.0,10.0,16.0,13.0,3.0,0.0,0.0,2
0.0,0.0,0.0,8.0,15.0,9.0,1.0,0.0,0.0,0.0,11.0,14.0,12.0,15.0,8.0,0.0,0.0,0.0,15.0,5.0,6.0,14.0,2.0,0.0,0.0,0.0,14.0,14.0,15.0,1.0,0.0,0.0,0.0,1.0,13.0,16.0,6.0,0.0,0.0,0.0,0.0,6.0,16.0,9.0,13.0,0.0,0.0,0.0,0.0,2.0,13.0,15.0,16.0,4.0,0.0,0.0,0.0,0.0,1.0,9.0,15.0,2.0,0.0,0.0,8
0.0,0.0,9.0,16.0,16.0,8.0,0.0,0.0,0.0,5.0,16.0,15.0,14.0,16.0,0.0,0.0,0.0,4.0,9.0,3.0,13.0,12.0,0.0,0.0,0.0,0.0,0.0,8.0,15.0,1.0,0.0,0.0,0.0,0.0,2.0,16.0,7.0,0.0,0.0,0.0,0.0,0.0,11.0,14.0,1.0,4.0,3.0,0.0,0.0,0.0,16.0,14.0,15.0,16.0,4.0,0.0,0.0,0.0,9.0,16.0,15.0,5.0,0.0,0.0,2
0.0,1.0,8.0,16.0,16.0,3.0,0.0,0.0,0.0,6.0,16.0,12.0,16.0,4.0,0.0,0.0,0.0,1.0,7.0,0.0,16.0,4.0,0.0,0.0,0.0,0.0,0.0,7.0,15.0,0.0,0.0,0.0,0.0,0.0,0.0,14.0,9.0,0.0,0.0,0.0,0.0,0.0,10.0,14.0,1.0,4.0,5.0,0.0,0.0,0.0,13.0,12.0,11.0,15.0,3.0,0.0,0.0,0.0,12.0,16.0,12.0,3.0,0.0,0.0,2
0.0,0.0,8.0,14.0,16.0,16.0,1.0,0.0,0.0,6.0,16.0,16.0,8.0,3.0,0.0,0.0,0.0,14.0,14.0,1.0,0.0,0.0,0.0,0.0,0.0,10.0,15.0,4.0,0.0,0.0,0.0,0.0,0.0,3.0,15.0,16.0,6.0,0.0,0.0,0.0,0.0,0.0,1.0,8.0,15.0,2.0,0.0,0.0,0.0,0.0,2.0,13.0,15.0,0.0,0.0,0.0,0.0,0.0,10.0,16.0,4.0,0.0,0.0,0.0,5
0.0,0.0,4.0,15.0,16.0,11.0,0.0,0.0,0.0,0.0,7.0,9.0,9.0,16.0,0.0,0.0,0.0,0.0,0.0,0.0,4.0,13.0,0.0,0.0,0.0,0.0,1.0,9.0,15.0,16.0,10.0,0.0,0.0,0.0,13.0,15.0,16.0,8.0,2.0,0.0,0.0,0.0,3.0,7.0,13.0,0.0,0.0,0.0,0.0,0.0,1.0,13.0,4.0,0.0,0.0,0.0,0.0,0.0,6.0,11.0,0.0,0.0,0.0,0.0,7
0.0,0.0,0.0,1.0,8.0,13.0,14.0,2.0,0.0,0.0,2.0,13.0,9.0,4.0,14.0,4.0,0.0,0.0,13.0,9.0,0.0,9.0,14.0,1.0,0.0,4.0,16.0,14.0,14.0,16.0,6.0,0.0,0.0,1.0,11.0,10.0,7.0,14.0,0.0,0.0,0.0,0.0,0.0,0.0,8.0,8.0,0.0,0.0,0.0,0.0,0.0,0.0,11.0,5.0,0.0,0.0,0.0,0.0,0.0,0.0,11.0,3.0,0.0,0.0,9
0.0,3.0,10.0,16.0,16.0,16.0,2.0,0.0,0.0,14.0,16.0,14.0,9.0,3.0,0.0,0.0,0.0,16.0,12.0,0.0,0.0,0.0,0.0,0.0,0.0,12.0,14.0,0.0,0.0,0.0,0.0,0.0,0.0,6.0,16.0,3.0,0.0,0.0,0.0,0.0,0.0,0.0,9.0,16.0,3.0,0.0,0.0,0.0,0.0,0.0,4.0,14.0,13.0,0.0,0.0,0.0,0.0,2.0,15.0,16.0,8.0,0.0,0.0,0.0,5
0.0,0.0,0.0,5.0,11.0,0.0,6.0,0.0,0.0,0.0,3.0,15.0,7.0,6.0,16.0,1.0,0.0,0.0,13.0,9.0,1.0,13.0,7.0,0.0,0.0,6.0,15.0,2.0,6.0,15.0,0.0,0.0,0.0,14.0,10.0,0.0,14.0,12.0,3.0,0.0,0.0,14.0,16.0,16.0,16.0,14.0,3.0,0.0,0.0,5.0,11.0,14.0,13.0,2.0,0.0,0.0,0.0,0.0,0.0,7.0,9.0,0.0,0.0,0.0,4
0.0,0.0,4.0,12.0,16.0,8.0,0.0,0.0,0.0,5.0,16.0,11.0,10.0,16.0,4.0,0.0,0.0,8.0,13.0,0.0,1.0,13.0,4.0,0.0,0.0,3.0,16.0,13.0,15.0,13.0,3.0,0.0,0.0,0.0,9.0,16.0,16.0,7.0,0.0,0.0,0.0,0.0,14.0,7.0,5.0,15.0,6.0,0.0,0.0,0.0,10.0,12.0,7.0,13.0,10.0,0.0,0.0,0.0,3.0,13.0,13.0,10.0,1.0,0.0,8
0.0,0.0,4.0,15.0,7.0,0.0,0.0,0.0,0.0,1.0,13.0,12.0,16.0,2.0,2.0,0.0,0.0,7.0,11.0,0.0,11.0,12.0,1.0,0.0,0.0,4.0,8.0,6.0,13.0,3.0,0.0,0.0,0.0,3.0,16.0,15.0,1.0,0.0,0.0,0.0,0.0,2.0,16.0,14.0,6.0,0.0,0.0,0.0,0.0,3.0,16.0,10.0,14.0,3.0,0.0,0.0,0.0,0.0,2.0,9.0,12.0,3.0,0.0,0.0,8
0.0,0.0,0.0,11.0,5.0,3.0,11.0,0.0,0.0,0.0,7.0,14.0,2.0,12.0,9.0,0.0,0.0,2.0,15.0,6.0,3.0,16.0,5.0,0.0,0.0,7.0,16.0,8.0,13.0,16.0,13.0,0.0,0.0,7.0,16.0,16.0,16.0,7.0,1.0,0.0,0.0,0.0,4.0,10.0,13.0,0.0,0.0,0.0,0.0,0.0,0.0,12.0,6.0,0.0,0.0,0.0,0.0,0.0,0.0,12.0,0.0,0.0,0.0,0.0,4
0.0,0.0,0.0,1.0,9.0,16.0,9.0,0.0,0.0,0.0,1.0,11.0,13.0,14.0,12.0,1.0,0.0,1.0,15.0,13.0,4.0,16.0,16.0,3.0,0.0,2.0,16.0,16.0,16.0,15.0,12.0,0.0,0.0,0.0,7.0,8.0,4.0,14.0,5.0,0.0,0.0,0.0,0.0,0.0,5.0,14.0,0.0,0.0,0.0,0.0,0.0,0.0,8.0,9.0,0.0,0.0,0.0,0.0,0.0,0.0,12.0,6.0,0.0,0.0,9
0.0,0.0,2.0,12.0,15.0,3.0,0.0,0.0,0.0,0.0,15.0,15.0,13.0,15.0,0.0,0.0,0.0,2.0,14.0,3.0,1.0,12.0,3.0,0.0,0.0,4.0,8.0,0.0,0.0,8.0,8.0,0.0,0.0,7.0,10.0,0.0,0.0,9.0,5.0,0.0,0.0,1.0,13.0,5.0,3.0,15.0,2.0,0.0,0.0,0.0,7.0,16.0,14.0,15.0,0.0,0.0,0.0,0.0,0.0,10.0,14.0,4.0,0.0,0.0,0
0.0,0.0,3.0,13.0,15.0,5.0,0.0,0.0,0.0,1.0,15.0,13.0,10.0,15.0,0.0,0.0,0.0,2.0,16.0,3.0,2.0,9.0,0.0,0.0,0.0,0.0,12.0,13.0,14.0,7.0,0.0,0.0,0.0,0.0,10.0,16.0,9.0,0.0,0.0,0.0,0.0,1.0,16.0,4.0,9.0,11.0,1.0,0.0,0.0,0.0,15.0,3.0,0.0,8.0,8.0,0.0,0.0,0.0,3.0,12.0,15.0,12.0,7.0,0.0,8
0.0,0.0,0.0,3.0,12.0,16.0,15.0,1.0,0.0,0.0,3.0,16.0,9.0,10.0,16.0,0.0,0.0,0.0,14.0,13.0,7.0,15.0,10.0,0.0,0.0,2.0,16.0,16.0,16.0,16.0,2.0,0.0,0.0,2.0,12.0,9.0,13.0,8.0,0.0,0.0,0.0,0.0,0.0,0.0,15.0,5.0,0.0,0.0,0.0,0.0,0.0,3.0,16.0,1.0,0.0,0.0,0.0,0.0,0.0,3.0,14.0,1.0,0.0,0.0,9
0.0,0.0,4.0,11.0,15.0,7.0,0.0,0.0,0.0,2.0,15.0,14.0,9.0,15.0,1.0,0.0,0.0,8.0,15.0,1.0,6.0,16.0,5.0,0.0,0.0,6.0,14.0,13.0,15.0,6.0,0.0,0.0,0.0,1.0,16.0,16.0,6.0,0.0,0.0,0.0,0.0,4.0,15.0,11.0,15.0,1.0,0.0,0.0,0.0,1.0,12.0,3.0,7.0,9.0,0.0,0.0,0.0,0.0,4.0,14.0,16.0,6.0,0.0,0.0,8
0.0,0.0,7.0,11.0,15.0,9.0,0.0,0.0,0.0,0.0,15.0,15.0,4.0,11.0,4.0,0.0,0.0,3.0,11.0,5.0,0.0,2.0,10.0,0.0,0.0,7.0,8.0,0.0,0.0,3.0,8.0,0.0,0.0,6.0,8.0,0.0,0.0,4.0,8.0,0.0,0.0,5.0,8.0,0.0,0.0,8.0,5.0,0.0,0.0,1.0,12.0,2.0,1.0,13.0,0.0,0.0,0.0,0.0,5.0,16.0,14.0,3.0,0.0,0.0,0
0.0,0.0,4.0,14.0,11.0,0.0,0.0,0.0,0.0,0.0,2.0,16.0,16.0,3.0,0.0,0.0,0.0,0.0,0.0,14.0,16.0,5.0,0.0,0.0,0.0,0.0,0.0,16.0,16.0,3.0,0.0,0.0,0.0,0.0,1.0,15.0,16.0,2.0,0.0,0.0,0.0,0.0,2.0,15.0,13.0,0.0,0.0,0.0,0.0,0.0,4.0,16.0,11.0,0.0,0.0,0.0,0.0,0.0,5.0,16.0,14.0,1.0,0.0,0.0,1
0.0,2.0,15.0,16.0,12.0,0.0,0.0,0.0,0.0,8.0,11.0,8.0,16.0,0.0,0.0,0.0,0.0,3.0,1.0,7.0,13.0,0.0,0.0,0.0,0.0,0.0,0.0,10.0,8.0,0.0,0.0,0.0,0.0,0.0,0.0,15.0,5.0,0.0,0.0,0.0,0.0,0.0,7.0,15.0,0.0,0.0,0.0,0.0,0.0,0.0,14.0,11.0,6.0,5.0,2.0,0.0,0.0,1.0,16.0,16.0,16.0,16.0,9.0,0.0,2
0.0,1.0,13.0,16.0,12.0,1.0,0.0,0.0,0.0,1.0,9.0,5.0,16.0,1.0,0.0,0.0,0.0,0.0,0.0,9.0,5.0,0.0,0.0,0.0,0.0,0.0,9.0,10.0,0.0,0.0,0.0,0.0,0.0,0.0,8.0,15.0,16.0,11.0,1.0,0.0,0.0,0.0,0.0,0.0,2.0,12.0,7.0,0.0,0.0,0.0,2.0,4.0,6.0,15.0,3.0,0.0,0.0,0.0,14.0,16.0,11.0,5.0,0.0,0.0,3
0.0,0.0,0.0,12.0,12.0,0.0,0.0,0.0,0.0,0.0,5.0,16.0,4.0,0.0,0.0,0.0,0.0,1.0,14.0,11.0,0.0,0.0,0.0,0.0,0.0,6.0,16.0,3.0,2.0,0.0,0.0,0.0,0.0,13.0,12.0,8.0,12.0,0.0,0.0,0.0,0.0,15.0,16.0,15.0,16.0,13.0,4.0,0.0,0.0,4.0,9.0,14.0,16.0,7.0,0.0,0.0,0.0,0.0,0.0,11.0,13.0,0.0,0.0,0.0,4
0.0,2.0,13.0,16.0,16.0,16.0,15.0,2.0,0.0,8.0,16.0,12.0,8.0,4.0,1.0,0.0,0.0,5.0,16.0,13.0,1.0,0.0,0.0,0.0,0.0,0.0,8.0,16.0,8.0,0.0,0.0,0.0,0.0,0.0,0.0,10.0,16.0,0.0,0.0,0.0,0.0,0.0,0.0,9.0,16.0,0.0,0.0,0.0,0.0,0.0,3.0,13.0,12.0,0.0,0.0,0.0,0.0,2.0,16.0,16.0,6.0,0.0,0.0,0.0,5
0.0,0.0,1.0,14.0,9.0,0.0,0.0,0.0,0.0,0.0,14.0,15.0,3.0,0.0,0.0,0.0,0.0,1.0,16.0,10.0,0.0,0.0,0.0,0.0,0.0,5.0,14.0,13.0,15.0,10.0,0.0,0.0,0.0,8.0,16.0,2.0,3.0,14.0,5.0,0.0,0.0,5.0,16.0,4.0,0.0,12.0,6.0,0.0,0.0,0.0,10.0,13.0,2.0,14.0,6.0,0.0,0.0,0.0,2.0,12.0,16.0,11.0,1.0,0.0,6
0.0,0.0,5.0,15.0,16.0,14.0,1.0,0.0,0.0,0.0,11.0,13.0,9.0,16.0,5.0,0.0,0.0,0.0,0.0,0.0,5.0,16.0,2.0,0.0,0.0,0.0,0.0,0.0,9.0,11.0,0.0,0.0,0.0,0.0,7.0,13.0,15.0,12.0,1.0,0.0,0.0,0.0,7.0,14.0,14.0,12.0,4.0,0.0,0.0,0.0,0.0,14.0,3.0,0.0,0.0,0.0,0.0,0.0,7.0,10.0,0.0,0.0,0.0,0.0,7
0.0,0.0,3.0,13.0,8.0,0.0,0.0,0.0,0.0,4.0,16.0,16.0,14.0,0.0,0.0,0.0,0.0,11.0,11.0,9.0,10.0,0.0,0.0,0.0,0.0,8.0,14.0,15.0,9.0,0.0,0.0,0.0,0.0,0.0,7.0,16.0,15.0,5.0,0.0,0.0,0.0,0.0,4.0,16.0,3.0,13.0,9.0,0.0,0.0,0.0,5.0,15.0,4.0,13.0,11.0,0.0,0.0,0.0,1.0,15.0,15.0,8.0,2.0,0.0,8
0.0,0.0,5.0,11.0,13.0,3.0,0.0,0.0,0.0,0.0,16.0,13.0,15.0,9.0,0.0,0.0,0.0,4.0,16.0,0.0,13.0,13.0,0.0,0.0,0.0,1.0,11.0,16.0,15.0,15.0,3.0,0.0,0.0,0.0,0.0,0.0,0.0,12.0,7.0,0.0,0.0,0.0,0.0,0.0,0.0,6.0,12.0,0.0,0.0,0.0,6.0,4.0,2.0,9.0,11.0,0.0,0.0,0.0,6.0,13.0,16.0,16.0,6.0,0.0,9
0.0,0.0,6.0,16.0,16.0,8.0,0.0,0.0,0.0,2.0,16.0,8.0,9.0,16.0,3.0,0.0,0.0,8.0,16.0,1.0,0.0,9.0,9.0,0.0,0.0,9.0,12.0,0.0,0.0,8.0,12.0,0.0,0.0,10.0,12.0,0.0,0.0,8.0,10.0,0.0,0.0,8.0,13.0,0.0,0.0,9.0,8.0,0.0,0.0,2.0,16.0,8.0,6.0,15.0,3.0,0.0,0.0,0.0,8.0,16.0,15.0,8.0,0.0,0.0,0
0.0,0.0,4.0,12.0,13.0,3.0,0.0,0.0,0.0,0.0,7.0,14.0,16.0,9.0,0.0,0.0,0.0,0.0,0.0,12.0,16.0,8.0,0.0,0.0,0.0,0.0,0.0,6.0,16.0,6.0,0.0,0.0,0.0,0.0,0.0,9.0,16.0,6.0,0.0,0.0,0.0,0.0,0.0,12.0,16.0,3.0,0.0,0.0,0.0,0.0,0.0,13.0,16.0,3.0,0.0,0.0,0.0,0.0,0.0,15.0,16.0,11.0,0.0,0.0,1
0.0,3.0,15.0,14.0,5.0,0.0,0.0,0.0,0.0,14.0,14.0,14.0,15.0,0.0,0.0,0.0,0.0,8.0,1.0,6.0,16.0,2.0,0.0,0.0,0.0,0.0,0.0,9.0,16.0,2.0,0.0,0.0,0.0,0.0,1.0,14.0,11.0,0.0,0.0,0.0,0.0,0.0,9.0,16.0,2.0,0.0,1.0,0.0,0.0,4.0,16.0,15.0,8.0,9.0,15.0,0.0,0.0,3.0,16.0,16.0,16.0,15.0,5.0,0.0,2
0.0,1.0,12.0,16.0,13.0,2.0,0.0,0.0,0.0,5.0,14.0,6.0,13.0,12.0,0.0,0.0,0.0,0.0,0.0,3.0,15.0,7.0,0.0,0.0,0.0,0.0,2.0,16.0,8.0,0.0,0.0,0.0,0.0,0.0,1.0,12.0,16.0,11.0,1.0,0.0,0.0,0.0,0.0,0.0,5.0,15.0,7.0,0.0,0.0,0.0,6.0,0.0,4.0,14.0,7.0,0.0,0.0,0.0,16.0,16.0,15.0,8.0,1.0,0.0,3
0.0,0.0,0.0,8.0,15.0,5.0,0.0,0.0,0.0,0.0,3.0,16.0,13.0,1.0,0.0,0.0,0.0,0.0,12.0,16.0,2.0,0.0,0.0,0.0,0.0,5.0,16.0,7.0,9.0,4.0,0.0,0.0,0.0,14.0,16.0,13.0,16.0,14.0,3.0,0.0,0.0,8.0,14.0,16.0,16.0,14.0,2.0,0.0,0.0,0.0,0.0,9.0,16.0,3.0,0.0,0.0,0.0,0.0,0.0,11.0,14.0,0.0,0.0,0.0,4
0.0,1.0,8.0,16.0,16.0,16.0,10.0,0.0,0.0,8.0,16.0,14.0,8.0,5.0,1.0,0.0,0.0,9.0,16.0,2.0,0.0,0.0,0.0,0.0,0.0,2.0,16.0,15.0,2.0,0.0,0.0,0.0,0.0,0.0,3.0,15.0,4.0,0.0,0.0,0.0,0.0,1.0,3.0,12.0,4.0,0.0,0.0,0.0,0.0,5.0,14.0,15.0,4.0,0.0,0.0,0.0,0.0,1.0,13.0,12.0,0.0,0.0,0.0,0.0,5
0.0,0.0,7.0,15.0,0.0,0.0,0.0,0.0,0.0,0.0,15.0,15.0,0.0,0.0,0.0,0.0,0.0,3.0,16.0,12.0,4.0,1.0,0.0,0.0,0.0,6.0,16.0,16.0,16.0,16.0,5.0,0.0,0.0,8.0,16.0,7.0,1.0,15.0,8.0,0.0,0.0,7.0,16.0,0.0,0.0,16.0,4.0,0.0,0.0,2.0,16.0,7.0,10.0,12.0,0.0,0.0,0.0,0.0,4.0,15.0,13.0,3.0,0.0,0.0,6
0.0,0.0,7.0,16.0,16.0,5.0,0.0,0.0,0.0,1.0,15.0,11.0,14.0,11.0,0.0,0.0,0.0,0.0,0.0,0.0,12.0,8.0,0.0,0.0,0.0,0.0,3.0,8.0,14.0,12.0,5.0,0.0,0.0,0.0,14.0,16.0,16.0,10.0,5.0,0.0,0.0,0.0,2.0,8.0,14.0,0.0,0.0,0.0,0.0,0.0,1.0,15.0,8.0,0.0,0.0,0.0,0.0,0.0,8.0,14.0,1.0,0.0,0.0,0.0,7
0.0,0.0,0.0,2.0,15.0,5.0,0.0,0.0,0.0,0.0,2.0,4.0,10.0,12.0,0.0,0.0,0.0,3.0,15.0,14.0,10.0,8.0,0.0,0.0,0.0,8.0,15.0,1.0,11.0,4.0,0.0,0.0,0.0,1.0,8.0,15.0,16.0,0.0,0.0,0.0,0.0,0.0,0.0,6.0,16.0,12.0,1.0,0.0,0.0,0.0,0.0,4.0,14.0,15.0,4.0,0.0,0.0,0.0,0.0,2.0,14.0,11.0,0.0,0.0,8
0.0,0.0,1.0,5.0,12.0,13.0,0.0,0.0,0.0,0.0,11.0,13.0,15.0,16.0,1.0,0.0,0.0,2.0,14.0,0.0,10.0,12.0,4.0,0.0,0.0,5.0,13.0,12.0,3.0,12.0,0.0,0.0,0.0,0.0,5.0,6.0,0.0,12.0,4.0,0.0,0.0,0.0,0.0,0.0,0.0,15.0,2.0,0.0,0.0,0.0,4.0,5.0,0.0,16.0,3.0,0.0,0.0,0.0,0.0,4.0,14.0,13.0,0.0,0.0,9
0.0,0.0,2.0,13.0,15.0,8.0,0.0,0.0,0.0,0.0,10.0,14.0,10.0,11.0,8.0,0.0,0.0,0.0,16.0,1.0,0.0,0.0,9.0,0.0,0.0,3.0,13.0,0.0,0.0,0.0,8.0,0.0,0.0,4.0,12.0,0.0,0.0,1.0,8.0,0.0,0.0,5.0,12.0,0.0,0.0,10.0,0.0,0.0,0.0,0.0,15.0,8.0,7.0,10.0,0.0,0.0,0.0,0.0,4.0,14.0,14.0,1.0,0.0,0.0,0
0.0,0.0,1.0,11.0,15.0,8.0,0.0,0.0,0.0,0.0,0.0,15.0,16.0,8.0,0.0,0.0,0.0,0.0,0.0,13.0,16.0,10.0,0.0,0.0,0.0,0.0,0.0,16.0,16.0,6.0,0.0,0.0,0.0,0.0,2.0,16.0,16.0,6.0,0.0,0.0,0.0,0.0,5.0,16.0,16.0,5.0,0.0,0.0,0.0,0.0,5.0,16.0,15.0,1.0,0.0,0.0,0.0,0.0,2.0,15.0,15.0,3.0,0.0,0.0,1
0.0,3.0,16.0,15.0,6.0,0.0,0.0,0.0,0.0,5.0,14.0,14.0,16.0,0.0,0.0,0.0,0.0,0.0,0.0,6.0,14.0,0.0,0.0,0.0,0.0,0.0,0.0,13.0,11.0,0.0,0.0,0.0,0.0,0.0,5.0,16.0,3.0,0.0,0.0,0.0,0.0,1.0,14.0,10.0,0.0,0.0,0.0,0.0,0.0,9.0,16.0,8.0,8.0,10.0,5.0,0.0,0.0,4.0,16.0,16.0,16.0,14.0,3.0,0.0,2
0.0,2.0,11.0,14.0,10.0,1.0,0.0,0.0,0.0,6.0,12.0,8.0,15.0,10.0,0.0,0.0,0.0,0.0,0.0,0.0,10.0,11.0,0.0,0.0,0.0,0.0,0.0,8.0,14.0,2.0,0.0,0.0,0.0,0.0,0.0,7.0,16.0,15.0,1.0,0.0,0.0,0.0,0.0,0.0,2.0,13.0,8.0,0.0,0.0,2.0,5.0,1.0,2.0,12.0,7.0,0.0,0.0,1.0,12.0,16.0,16.0,10.0,0.0,0.0,3
0.0,0.0,0.0,13.0,9.0,0.0,0.0,0.0,0.0,0.0,6.0,16.0,2.0,0.0,0.0,0.0,0.0,0.0,12.0,9.0,0.0,2.0,0.0,0.0,0.0,7.0,15.0,1.0,5.0,15.0,1.0,0.0,0.0,14.0,10.0,4.0,11.0,12.0,3.0,0.0,2.0,16.0,16.0,16.0,16.0,13.0,2.0,0.0,0.0,3.0,4.0,11.0,14.0,0.0,0.0,0.0,0.0,0.0,0.0,15.0,4.0,0.0,0.0,0.0,4
0.0,2.0,12.0,13.0,16.0,16.0,4.0,0.0,0.0,11.0,16.0,13.0,7.0,4.0,1.0,0.0,0.0,13.0,14.0,0.0,0.0,0.0,0.0,0.0,0.0,1.0,15.0,12.0,0.0,0.0,0.0,0.0,0.0,0.0,6.0,16.0,3.0,0.0,0.0,0.0,0.0,0.0,0.0,13.0,7.0,0.0,0.0,0.0,0.0,3.0,5.0,16.0,7.0,0.0,0.0,0.0,0.0,3.0,13.0,15.0,0.0,0.0,0.0,0.0,5
0.0,0.0,0.0,11.0,13.0,5.0,0.0,0.0,0.0,0.0,3.0,16.0,13.0,3.0,0.0,0.0,0.0,0.0,10.0,16.0,2.0,0.0,0.0,0.0,0.0,4.0,16.0,16.0,13.0,7.0,0.0,0.0,0.0,4.0,16.0,11.0,8.0,16.0,2.0,0.0,0.0,0.0,15.0,8.0,0.0,15.0,6.0,0.0,0.0,0.0,9.0,14.0,4.0,15.0,4.0,0.0,0.0,0.0,1.0,10.0,16.0,11.0,1.0,0.0,6
0.0,0.0,8.0,16.0,16.0,11.0,0.0,0.0,0.0,0.0,4.0,8.0,13.0,14.0,0.0,0.0,0.0,0.0,0.0,0.0,13.0,8.0,0.0,0.0,0.0,0.0,3.0,12.0,16.0,8.0,2.0,0.0,0.0,0.0,6.0,16.0,16.0,16.0,9.0,0.0,0.0,0.0,0.0,14.0,8.0,2.0,0.0,0.0,0.0,0.0,3.0,16.0,1.0,0.0,0.0,0.0,0.0,0.0,11.0,12.0,0.0,0.0,0.0,0.0,7
0.0,0.0,0.0,8.0,14.0,9.0,0.0,0.0,0.0,0.0,9.0,15.0,16.0,15.0,0.0,0.0,0.0,4.0,15.0,5.0,8.0,14.0,0.0,0.0,0.0,8.0,14.0,1.0,14.0,7.0,0.0,0.0,0.0,1.0,15.0,13.0,12.0,0.0,0.0,0.0,0.0,0.0,13.0,16.0,13.0,0.0,0.0,0.0,0.0,0.0,12.0,10.0,15.0,7.0,0.0,0.0,0.0,0.0,2.0,10.0,16.0,5.0,0.0,0.0,8
0.0,0.0,2.0,10.0,16.0,6.0,0.0,0.0,0.0,0.0,10.0,16.0,16.0,14.0,0.0,0.0,0.0,0.0,15.0,10.0,16.0,16.0,2.0,0.0,0.0,0.0,12.0,16.0,12.0,13.0,8.0,0.0,0.0,0.0,1.0,7.0,1.0,10.0,11.0,0.0,0.0,5.0,5.0,0.0,0.0,8.0,12.0,0.0,0.0,3.0,15.0,10.0,2.0,11.0,12.0,0.0,0.0,0.0,3.0,10.0,16.0,16.0,10.0,0.0,9
0.0,0.0,1.0,13.0,12.0,5.0,0.0,0.0,0.0,0.0,11.0,16.0,4.0,13.0,2.0,0.0,0.0,2.0,16.0,4.0,0.0,8.0,5.0,0.0,0.0,7.0,12.0,0.0,0.0,8.0,8.0,0.0,0.0,6.0,12.0,0.0,0.0,5.0,8.0,0.0,0.0,3.0,16.0,0.0,0.0,8.0,7.0,0.0,0.0,1.0,15.0,8.0,6.0,15.0,3.0,0.0,0.0,0.0,2.0,13.0,15.0,6.0,0.0,0.0,0
0.0,0.0,2.0,10.0,10.0,11.0,0.0,0.0,0.0,0.0,10.0,9.0,9.0,16.0,0.0,0.0,0.0,0.0,14.0,0.0,6.0,15.0,0.0,0.0,0.0,0.0,11.0,14.0,9.0,16.0,1.0,0.0,0.0,0.0,0.0,0.0,0.0,13.0,3.0,0.0,0.0,0.0,0.0,0.0,0.0,12.0,3.0,0.0,0.0,10.0,9.0,5.0,0.0,15.0,1.0,0.0,0.0,0.0,2.0,14.0,16.0,13.0,0.0,0.0,9
0.0,0.0,13.0,10.0,8.0,8.0,7.0,0.0,0.0,4.0,16.0,16.0,16.0,16.0,15.0,2.0,0.0,0.0,10.0,16.0,5.0,0.0,0.0,0.0,0.0,0.0,0.0,13.0,12.0,0.0,0.0,0.0,0.0,0.0,0.0,6.0,15.0,0.0,0.0,0.0,0.0,0.0,0.0,8.0,15.0,0.0,0.0,0.0,0.0,1.0,6.0,10.0,12.0,0.0,0.0,0.0,0.0,1.0,13.0,16.0,5.0,0.0,0.0,0.0,5
0.0,0.0,6.0,15.0,16.0,15.0,11.0,0.0,0.0,1.0,15.0,14.0,8.0,8.0,7.0,0.0,0.0,4.0,16.0,5.0,0.0,0.0,0.0,0.0,0.0,7.0,16.0,8.0,0.0,0.0,0.0,0.0,0.0,1.0,11.0,16.0,8.0,0.0,0.0,0.0,0.0,0.0,0.0,15.0,11.0,0.0,0.0,0.0,0.0,0.0,0.0,14.0,11.0,0.0,0.0,0.0,0.0,0.0,9.0,16.0,5.0,0.0,0.0,0.0,5
0.0,0.0,6.0,13.0,0.0,0.0,0.0,0.0,0.0,0.0,15.0,12.0,0.0,0.0,0.0,0.0,0.0,0.0,16.0,6.0,0.0,0.0,0.0,0.0,0.0,3.0,16.0,14.0,11.0,5.0,0.0,0.0,0.0,5.0,16.0,12.0,11.0,16.0,6.0,0.0,0.0,6.0,16.0,9.0,2.0,16.0,9.0,0.0,0.0,0.0,13.0,14.0,8.0,16.0,8.0,0.0,0.0,0.0,4.0,15.0,16.0,13.0,2.0,0.0,6
0.0,1.0,12.0,16.0,16.0,16.0,12.0,0.0,0.0,9.0,16.0,13.0,6.0,8.0,5.0,0.0,0.0,8.0,16.0,15.0,3.0,0.0,0.0,0.0,0.0,0.0,4.0,14.0,11.0,0.0,0.0,0.0,0.0,0.0,0.0,12.0,12.0,0.0,0.0,0.0,0.0,0.0,0.0,12.0,13.0,0.0,0.0,0.0,0.0,0.0,3.0,15.0,11.0,0.0,0.0,0.0,0.0,0.0,12.0,13.0,2.0,0.0,0.0,0.0,5
0.0,0.0,2.0,10.0,15.0,7.0,0.0,0.0,0.0,0.0,14.0,15.0,7.0,15.0,2.0,0.0,0.0,4.0,16.0,3.0,0.0,11.0,4.0,0.0,0.0,4.0,14.0,0.0,0.0,7.0,8.0,0.0,0.0,7.0,12.0,0.0,0.0,6.0,7.0,0.0,0.0,4.0,16.0,1.0,0.0,12.0,4.0,0.0,0.0,1.0,14.0,12.0,10.0,16.0,1.0,0.0,0.0,0.0,1.0,14.0,13.0,5.0,0.0,0.0,0
0.0,0.0,3.0,4.0,10.0,0.0,0.0,0.0,0.0,3.0,15.0,8.0,14.0,3.0,0.0,0.0,0.0,8.0,7.0,0.0,10.0,6.0,0.0,0.0,0.0,3.0,11.0,8.0,15.0,11.0,0.0,0.0,0.0,0.0,1.0,7.0,3.0,13.0,3.0,0.0,0.0,0.0,0.0,0.0,0.0,6.0,9.0,0.0,0.0,0.0,9.0,6.0,1.0,0.0,16.0,0.0,0.0,0.0,0.0,3.0,11.0,16.0,16.0,3.0,9
0.0,0.0,2.0,12.0,14.0,8.0,0.0,0.0,0.0,0.0,13.0,13.0,15.0,12.0,0.0,0.0,0.0,5.0,15.0,2.0,10.0,6.0,0.0,0.0,0.0,2.0,14.0,13.0,14.0,1.0,0.0,0.0,0.0,0.0,0.0,11.0,15.0,13.0,1.0,0.0,0.0,0.0,1.0,15.0,3.0,14.0,7.0,0.0,0.0,0.0,6.0,13.0,1.0,16.0,4.0,0.0,0.0,0.0,1.0,12.0,16.0,11.0,0.0,0.0,8
0.0,0.0,3.0,14.0,16.0,9.0,0.0,0.0,0.0,0.0,13.0,10.0,6.0,16.0,7.0,0.0,0.0,5.0,16.0,3.0,2.0,14.0,6.0,0.0,0.0,0.0,10.0,16.0,16.0,16.0,4.0,0.0,0.0,0.0,0.0,0.0,0.0,12.0,5.0,0.0,0.0,0.0,0.0,0.0,0.0,13.0,4.0,0.0,0.0,3.0,11.0,2.0,5.0,15.0,0.0,0.0,0.0,0.0,4.0,12.0,16.0,10.0,0.0,0.0,9
0.0,0.0,2.0,10.0,14.0,9.0,0.0,0.0,0.0,2.0,14.0,11.0,12.0,16.0,0.0,0.0,0.0,4.0,16.0,1.0,0.0,15.0,0.0,0.0,0.0,2.0,13.0,12.0,7.0,13.0,0.0,0.0,0.0,0.0,1.0,8.0,16.0,12.0,0.0,0.0,0.0,0.0,0.0,4.0,14.0,15.0,4.0,0.0,0.0,0.0,0.0,13.0,7.0,14.0,4.0,0.0,0.0,0.0,0.0,14.0,15.0,10.0,0.0,0.0,8
0.0,0.0,0.0,3.0,15.0,5.0,0.0,0.0,0.0,0.0,1.0,15.0,11.0,0.0,0.0,0.0,0.0,0.0,10.0,15.0,2.0,3.0,0.0,0.0,0.0,5.0,16.0,4.0,6.0,16.0,1.0,0.0,0.0,10.0,15.0,4.0,9.0,16.0,2.0,0.0,0.0,12.0,16.0,16.0,16.0,13.0,2.0,0.0,0.0,1.0,4.0,7.0,16.0,4.0,0.0,0.0,0.0,0.0,0.0,4.0,15.0,0.0,0.0,0.0,4
0.0,0.0,4.0,10.0,11.0,4.0,0.0,0.0,0.0,1.0,11.0,16.0,16.0,14.0,0.0,0.0,0.0,4.0,16.0,16.0,16.0,12.0,0.0,0.0,0.0,4.0,16.0,16.0,16.0,7.0,0.0,0.0,0.0,4.0,16.0,16.0,16.0,8.0,0.0,0.0,0.0,4.0,16.0,16.0,16.0,7.0,0.0,0.0,0.0,3.0,15.0,16.0,16.0,12.0,0.0,0.0,0.0,0.0,5.0,12.0,12.0,12.0,1.0,0.0,1
0.0,0.0,13.0,16.0,15.0,2.0,0.0,0.0,0.0,5.0,14.0,5.0,15.0,7.0,0.0,0.0,0.0,0.0,2.0,0.0,12.0,7.0,0.0,0.0,0.0,0.0,5.0,9.0,16.0,7.0,0.0,0.0,0.0,0.0,8.0,16.0,16.0,16.0,10.0,0.0,0.0,0.0,2.0,16.0,3.0,0.0,0.0,0.0,0.0,0.0,8.0,13.0,0.0,0.0,0.0,0.0,0.0,0.0,15.0,7.0,0.0,0.0,0.0,0.0,7
0.0,0.0,3.0,15.0,16.0,15.0,1.0,0.0,0.0,0.0,9.0,11.0,9.0,16.0,3.0,0.0,0.0,0.0,1.0,0.0,3.0,16.0,3.0,0.0,0.0,0.0,0.0,0.0,9.0,14.0,0.0,0.0,0.0,0.0,4.0,15.0,15.0,16.0,6.0,0.0,0.0,0.0,2.0,12.0,15.0,7.0,1.0,0.0,0.0,0.0,0.0,13.0,8.0,0.0,0.0,0.0,0.0,0.0,4.0,14.0,1.0,0.0,0.0,0.0,7
0.0,1.0,11.0,16.0,13.0,4.0,0.0,0.0,0.0,1.0,15.0,7.0,14.0,14.0,1.0,0.0,0.0,0.0,0.0,0.0,6.0,15.0,1.0,0.0,0.0,0.0,1.0,10.0,15.0,6.0,0.0,0.0,0.0,0.0,5.0,15.0,14.0,7.0,0.0,0.0,0.0,0.0,1.0,0.0,5.0,16.0,3.0,0.0,0.0,5.0,11.0,1.0,1.0,16.0,4.0,0.0,0.0,0.0,10.0,15.0,16.0,10.0,1.0,0.0,3
0.0,0.0,9.0,16.0,16.0,16.0,10.0,0.0,0.0,4.0,16.0,14.0,8.0,11.0,11.0,0.0,0.0,11.0,16.0,7.0,0.0,0.0,0.0,0.0,0.0,5.0,15.0,16.0,6.0,0.0,0.0,0.0,0.0,0.0,1.0,14.0,15.0,0.0,0.0,0.0,0.0,0.0,0.0,8.0,16.0,0.0,0.0,0.0,0.0,0.0,9.0,13.0,14.0,0.0,0.0,0.0,0.0,0.0,12.0,16.0,7.0,0.0,0.0,0.0,5
0.0,0.0,5.0,14.0,12.0,5.0,0.0,0.0,0.0,0.0,13.0,16.0,16.0,9.0,0.0,0.0,0.0,0.0,11.0,16.0,16.0,9.0,0.0,0.0,0.0,0.0,11.0,16.0,16.0,7.0,0.0,0.0,0.0,0.0,10.0,16.0,16.0,2.0,0.0,0.0,0.0,0.0,13.0,16.0,15.0,0.0,0.0,0.0,0.0,0.0,14.0,16.0,13.0,0.0,0.0,0.0,0.0,0.0,7.0,13.0,16.0,8.0,0.0,0.0,1
0.0,0.0,6.0,15.0,9.0,0.0,0.0,0.0,0.0,0.0,11.0,16.0,16.0,13.0,0.0,0.0,0.0,0.0,10.0,16.0,16.0,16.0,7.0,0.0,0.0,1.0,16.0,8.0,0.0,11.0,8.0,0.0,0.0,7.0,14.0,1.0,0.0,10.0,8.0,0.0,0.0,8.0,12.0,0.0,0.0,13.0,4.0,0.0,0.0,5.0,16.0,8.0,9.0,13.0,0.0,0.0,0.0,0.0,6.0,12.0,13.0,5.0,0.0,0.0,0
0.0,0.0,2.0,13.0,15.0,7.0,1.0,0.0,0.0,0.0,7.0,16.0,15.0,16.0,10.0,0.0,0.0,0.0,14.0,16.0,10.0,10.0,10.0,0.0,0.0,2.0,16.0,3.0,0.0,8.0,8.0,0.0,0.0,5.0,13.0,0.0,0.0,9.0,8.0,0.0,0.0,6.0,13.0,0.0,0.0,12.0,3.0,0.0,0.0,2.0,16.0,6.0,9.0,10.0,0.0,0.0,0.0,0.0,3.0,14.0,14.0,1.0,0.0,0.0,0
0.0,0.0,12.0,16.0,12.0,0.0,0.0,0.0,0.0,3.0,16.0,12.0,16.0,3.0,0.0,0.0,0.0,1.0,8.0,4.0,16.0,3.0,0.0,0.0,0.0,0.0,0.0,7.0,16.0,1.0,0.0,0.0,0.0,0.0,0.0,10.0,12.0,0.0,0.0,0.0,0.0,0.0,4.0,16.0,2.0,0.0,0.0,0.0,0.0,0.0,11.0,15.0,8.0,8.0,2.0,0.0,0.0,0.0,12.0,16.0,16.0,12.0,1.0,0.0,2
0.0,3.0,15.0,15.0,2.0,0.0,0.0,0.0,0.0,7.0,16.0,16.0,6.0,0.0,0.0,0.0,0.0,1.0,9.0,16.0,6.0,0.0,0.0,0.0,0.0,0.0,6.0,16.0,1.0,0.0,0.0,0.0,0.0,0.0,10.0,12.0,0.0,0.0,0.0,0.0,0.0,3.0,15.0,8.0,0.0,0.0,0.0,0.0,0.0,8.0,16.0,13.0,15.0,15.0,5.0,0.0,0.0,4.0,16.0,16.0,16.0,13.0,3.0,0.0,2
0.0,0.0,10.0,16.0,5.0,0.0,0.0,0.0,0.0,1.0,10.0,14.0,12.0,0.0,0.0,0.0,0.0,0.0,0.0,9.0,11.0,0.0,0.0,0.0,0.0,0.0,2.0,11.0,13.0,3.0,0.0,0.0,0.0,0.0,11.0,16.0,16.0,16.0,7.0,0.0,0.0,0.0,3.0,16.0,4.0,5.0,1.0,0.0,0.0,0.0,7.0,13.0,0.0,0.0,0.0,0.0,0.0,0.0,13.0,6.0,0.0,0.0,0.0,0.0,7
0.0,0.0,0.0,9.0,13.0,10.0,1.0,0.0,0.0,0.0,9.0,12.0,4.0,15.0,5.0,0.0,0.0,0.0,16.0,4.0,0.0,12.0,4.0,0.0,0.0,3.0,15.0,9.0,3.0,14.0,1.0,0.0,0.0,0.0,2.0,9.0,16.0,10.0,0.0,0.0,0.0,0.0,0.0,4.0,14.0,15.0,2.0,0.0,0.0,0.0,0.0,10.0,8.0,14.0,3.0,0.0,0.0,0.0,0.0,10.0,16.0,12.0,0.0,0.0,8
0.0,3.0,15.0,16.0,14.0,1.0,0.0,0.0,0.0,2.0,12.0,13.0,16.0,4.0,0.0,0.0,0.0,0.0,0.0,6.0,16.0,3.0,0.0,0.0,0.0,0.0,1.0,15.0,10.0,0.0,0.0,0.0,0.0,0.0,6.0,16.0,4.0,0.0,0.0,0.0,0.0,2.0,15.0,10.0,0.0,0.0,0.0,0.0,0.0,4.0,16.0,11.0,8.0,11.0,3.0,0.0,0.0,3.0,16.0,16.0,16.0,12.0,3.0,0.0,2
0.0,0.0,7.0,15.0,14.0,8.0,0.0,0.0,0.0,1.0,15.0,7.0,5.0,14.0,5.0,0.0,0.0,0.0,15.0,8.0,0.0,10.0,7.0,0.0,0.0,3.0,16.0,6.0,0.0,12.0,8.0,0.0,0.0,5.0,16.0,2.0,0.0,12.0,8.0,0.0,0.0,4.0,16.0,3.0,1.0,16.0,4.0,0.0,0.0,5.0,16.0,10.0,14.0,12.0,0.0,0.0,0.0,0.0,8.0,15.0,15.0,2.0,0.0,0.0,0
0.0,0.0,14.0,10.0,0.0,0.0,0.0,0.0,0.0,0.0,15.0,13.0,0.0,0.0,0.0,0.0,0.0,11.0,16.0,16.0,2.0,0.0,0.0,0.0,0.0,3.0,10.0,16.0,5.0,0.0,0.0,0.0,0.0,0.0,0.0,14.0,10.0,0.0,0.0,0.0,0.0,0.0,0.0,10.0,14.0,0.0,0.0,0.0,0.0,0.0,9.0,14.0,16.0,11.0,6.0,0.0,0.0,0.0,12.0,16.0,16.0,16.0,16.0,9.0,1
0.0,1.0,12.0,16.0,5.0,0.0,0.0,0.0,0.0,7.0,15.0,14.0,11.0,0.0,0.0,0.0,0.0,8.0,13.0,10.0,12.0,0.0,0.0,0.0,0.0,0.0,1.0,12.0,12.0,0.0,0.0,0.0,0.0,0.0,0.0,14.0,9.0,0.0,0.0,0.0,0.0,0.0,4.0,16.0,8.0,4.0,0.0,0.0,0.0,0.0,13.0,16.0,16.0,16.0,9.0,0.0,0.0,2.0,16.0,13.0,11.0,9.0,3.0,0.0,2
0.0,0.0,0.0,13.0,13.0,3.0,0.0,0.0,0.0,0.0,4.0,16.0,8.0,0.0,0.0,0.0,0.0,0.0,9.0,16.0,1.0,0.0,0.0,0.0,0.0,0.0,13.0,16.0,5.0,0.0,0.0,0.0,0.0,2.0,16.0,16.0,14.0,8.0,1.0,0.0,0.0,4.0,16.0,16.0,6.0,16.0,9.0,0.0,0.0,0.0,8.0,16.0,11.0,16.0,10.0,0.0,0.0,0.0,1.0,14.0,16.0,13.0,1.0,0.0,6
0.0,1.0,8.0,14.0,15.0,2.0,0.0,0.0,0.0,2.0,13.0,9.0,14.0,8.0,0.0,0.0,0.0,0.0,0.0,0.0,12.0,9.0,0.0,0.0,0.0,0.0,2.0,13.0,13.0,0.0,0.0,0.0,0.0,0.0,3.0,15.0,16.0,6.0,0.0,0.0,0.0,1.0,1.0,0.0,12.0,14.0,0.0,0.0,0.0,5.0,13.0,5.0,6.0,16.0,1.0,0.0,0.0,1.0,9.0,12.0,13.0,9.0,0.0,0.0,3
0.0,0.0,15.0,16.0,13.0,6.0,0.0,0.0,0.0,0.0,12.0,12.0,14.0,13.0,0.0,0.0,0.0,0.0,0.0,0.0,11.0,9.0,0.0,0.0,0.0,0.0,1.0,11.0,15.0,2.0,0.0,0.0,0.0,0.0,8.0,16.0,16.0,12.0,1.0,0.0,0.0,1.0,8.0,4.0,9.0,16.0,3.0,0.0,0.0,5.0,14.0,7.0,10.0,15.0,1.0,0.0,0.0,2.0,12.0,16.0,14.0,6.0,0.0,0.0,3
0.0,0.0,10.0,16.0,16.0,8.0,0.0,0.0,0.0,0.0,5.0,8.0,13.0,13.0,0.0,0.0,0.0,0.0,0.0,0.0,9.0,13.0,0.0,0.0,0.0,0.0,0.0,2.0,13.0,12.0,0.0,0.0,0.0,0.0,2.0,15.0,16.0,16.0,7.0,0.0,0.0,0.0,0.0,13.0,13.0,5.0,1.0,0.0,0.0,0.0,1.0,14.0,5.0,0.0,0.0,0.0,0.0,0.0,9.0,13.0,1.0,0.0,0.0,0.0,7
0.0,0.0,7.0,16.0,16.0,16.0,10.0,0.0,0.0,0.0,10.0,10.0,5.0,12.0,16.0,2.0,0.0,0.0,0.0,0.0,7.0,15.0,6.0,0.0,0.0,0.0,1.0,13.0,16.0,13.0,0.0,0.0,0.0,0.0,0.0,7.0,12.0,16.0,6.0,0.0,0.0,0.0,0.0,0.0,2.0,16.0,6.0,0.0,0.0,0.0,2.0,9.0,11.0,14.0,1.0,0.0,0.0,0.0,5.0,16.0,15.0,5.0,0.0,0.0,3
0.0,0.0,8.0,16.0,16.0,16.0,3.0,0.0,0.0,0.0,6.0,8.0,8.0,15.0,10.0,0.0,0.0,0.0,0.0,0.0,7.0,16.0,5.0,0.0,0.0,0.0,1.0,10.0,16.0,9.0,0.0,0.0,0.0,0.0,0.0,15.0,16.0,12.0,0.0,0.0,0.0,0.0,0.0,1.0,13.0,16.0,5.0,0.0,0.0,0.0,7.0,8.0,11.0,16.0,2.0,0.0,0.0,0.0,6.0,16.0,16.0,11.0,0.0,0.0,3
0.0,0.0,0.0,8.0,15.0,2.0,0.0,0.0,0.0,0.0,2.0,16.0,10.0,0.0,0.0,0.0,0.0,0.0,14.0,13.0,6.0,11.0,0.0,0.0,0.0,6.0,16.0,3.0,13.0,13.0,2.0,0.0,0.0,14.0,16.0,8.0,15.0,16.0,10.0,0.0,0.0,12.0,16.0,16.0,16.0,11.0,1.0,0.0,0.0,0.0,1.0,6.0,16.0,3.0,0.0,0.0,0.0,0.0,0.0,10.0,14.0,0.0,0.0,0.0,4
0.0,0.0,0.0,8.0,13.0,2.0,0.0,0.0,0.0,0.0,9.0,16.0,13.0,3.0,0.0,0.0,0.0,1.0,15.0,14.0,1.0,0.0,0.0,0.0,0.0,2.0,16.0,11.0,4.0,1.0,0.0,0.0,0.0,3.0,16.0,16.0,14.0,15.0,2.0,0.0,0.0,2.0,16.0,13.0,1.0,16.0,9.0,0.0,0.0,0.0,9.0,15.0,9.0,16.0,7.0,0.0,0.0,0.0,0.0,8.0,16.0,13.0,2.0,0.0,6
0.0,0.0,8.0,7.0,0.0,0.0,0.0,0.0,0.0,0.0,11.0,12.0,0.0,0.0,0.0,0.0,0.0,0.0,15.0,9.0,0.0,0.0,0.0,0.0,0.0,7.0,16.0,16.0,9.0,4.0,0.0,0.0,0.0,5.0,16.0,14.0,11.0,16.0,5.0,0.0,0.0,2.0,16.0,16.0,0.0,12.0,8.0,0.0,0.0,0.0,15.0,15.0,1.0,15.0,6.0,0.0,0.0,0.0,7.0,14.0,16.0,13.0,1.0,0.0,6
0.0,0.0,1.0,13.0,3.0,0.0,0.0,0.0,0.0,0.0,7.0,14.0,2.0,0.0,0.0,0.0,0.0,0.0,13.0,13.0,8.0,5.0,0.0,0.0,0.0,2.0,15.0,15.0,12.0,15.0,5.0,0.0,0.0,7.0,16.0,4.0,0.0,12.0,8.0,0.0,0.0,2.0,15.0,7.0,0.0,12.0,6.0,0.0,0.0,0.0,5.0,15.0,5.0,15.0,5.0,0.0,0.0,0.0,0.0,13.0,16.0,9.0,0.0,0.0,6
0.0,0.0,0.0,10.0,10.0,0.0,0.0,0.0,0.0,0.0,6.0,16.0,6.0,0.0,0.0,0.0,0.0,1.0,14.0,10.0,0.0,0.0,0.0,0.0,0.0,7.0,16.0,3.0,11.0,7.0,0.0,0.0,0.0,12.0,16.0,8.0,16.0,9.0,1.0,0.0,0.0,10.0,16.0,16.0,16.0,16.0,6.0,0.0,0.0,0.0,0.0,10.0,16.0,0.0,0.0,0.0,0.0,0.0,0.0,10.0,11.0,0.0,0.0,0.0,4
0.0,0.0,1.0,7.0,13.0,10.0,0.0,0.0,0.0,2.0,13.0,14.0,14.0,16.0,4.0,0.0,0.0,4.0,16.0,5.0,12.0,16.0,2.0,0.0,0.0,0.0,6.0,11.0,12.0,16.0,5.0,0.0,0.0,0.0,0.0,0.0,0.0,15.0,8.0,0.0,0.0,1.0,1.0,0.0,0.0,13.0,11.0,0.0,0.0,0.0,12.0,8.0,4.0,13.0,8.0,0.0,0.0,0.0,0.0,7.0,15.0,16.0,10.0,0.0,9
0.0,0.0,5.0,12.0,10.0,4.0,0.0,0.0,0.0,0.0,5.0,16.0,16.0,16.0,3.0,0.0,0.0,0.0,0.0,16.0,16.0,16.0,0.0,0.0,0.0,0.0,3.0,16.0,16.0,13.0,0.0,0.0,0.0,0.0,4.0,16.0,16.0,12.0,0.0,0.0,0.0,0.0,8.0,16.0,16.0,8.0,0.0,0.0,0.0,0.0,10.0,16.0,16.0,7.0,0.0,0.0,0.0,0.0,8.0,12.0,12.0,4.0,0.0,0.0,1
0.0,0.0,7.0,13.0,8.0,6.0,0.0,0.0,0.0,0.0,16.0,15.0,16.0,14.0,10.0,0.0,0.0,4.0,16.0,13.0,1.0,0.0,0.0,0.0,0.0,1.0,10.0,16.0,9.0,0.0,0.0,0.0,0.0,0.0,0.0,5.0,13.0,0.0,0.0,0.0,0.0,0.0,0.0,5.0,15.0,0.0,0.0,0.0,0.0,0.0,8.0,11.0,8.0,0.0,0.0,0.0,0.0,0.0,9.0,16.0,3.0,0.0,0.0,0.0,5
0.0,0.0,2.0,16.0,15.0,5.0,0.0,0.0,0.0,0.0,10.0,16.0,14.0,15.0,0.0,0.0,0.0,0.0,15.0,10.0,0.0,16.0,7.0,0.0,0.0,4.0,16.0,1.0,0.0,12.0,5.0,0.0,0.0,4.0,15.0,0.0,0.0,12.0,5.0,0.0,0.0,5.0,16.0,6.0,0.0,16.0,0.0,0.0,0.0,0.0,14.0,13.0,8.0,15.0,0.0,0.0,0.0,0.0,3.0,14.0,16.0,6.0,0.0,0.0,0
0.0,0.0,7.0,13.0,4.0,1.0,0.0,0.0,0.0,1.0,15.0,13.0,15.0,11.0,0.0,0.0,0.0,7.0,16.0,1.0,13.0,16.0,4.0,0.0,0.0,3.0,16.0,12.0,16.0,16.0,7.0,0.0,0.0,0.0,4.0,11.0,5.0,16.0,8.0,0.0,0.0,0.0,0.0,0.0,2.0,16.0,5.0,0.0,0.0,0.0,12.0,6.0,9.0,14.0,1.0,0.0,0.0,0.0,6.0,13.0,16.0,5.0,0.0,0.0,9
0.0,2.0,13.0,13.0,11.0,9.0,0.0,0.0,0.0,10.0,16.0,16.0,16.0,15.0,10.0,0.0,0.0,11.0,16.0,9.0,0.0,0.0,0.0,0.0,0.0,3.0,15.0,16.0,8.0,0.0,0.0,0.0,0.0,0.0,2.0,11.0,14.0,0.0,0.0,0.0,0.0,0.0,0.0,8.0,16.0,0.0,0.0,0.0,0.0,0.0,1.0,11.0,11.0,0.0,0.0,0.0,0.0,1.0,16.0,15.0,4.0,0.0,0.0,0.0,5
0.0,5.0,16.0,15.0,5.0,0.0,0.0,0.0,0.0,2.0,12.0,15.0,16.0,0.0,0.0,0.0,0.0,0.0,0.0,14.0,14.0,2.0,0.0,0.0,0.0,0.0,2.0,16.0,9.0,0.0,0.0,0.0,0.0,0.0,11.0,16.0,2.0,0.0,0.0,0.0,0.0,4.0,16.0,8.0,0.0,0.0,0.0,0.0,0.0,13.0,16.0,11.0,8.0,8.0,3.0,0.0,0.0,6.0,16.0,16.0,16.0,16.0,7.0,0.0,2
0.0,0.0,11.0,14.0,10.0,1.0,0.0,0.0,0.0,0.0,16.0,15.0,14.0,13.0,0.0,0.0,0.0,1.0,14.0,8.0,3.0,16.0,2.0,0.0,0.0,0.0,7.0,16.0,13.0,16.0,2.0,0.0,0.0,0.0,0.0,12.0,16.0,9.0,0.0,0.0,0.0,0.0,1.0,14.0,16.0,12.0,0.0,0.0,0.0,0.0,10.0,16.0,15.0,16.0,0.0,0.0,0.0,0.0,7.0,14.0,15.0,11.0,0.0,0.0,8
0.0,4.0,16.0,15.0,1.0,0.0,0.0,0.0,0.0,6.0,14.0,16.0,4.0,0.0,0.0,0.0,0.0,0.0,0.0,16.0,8.0,0.0,0.0,0.0,0.0,0.0,3.0,16.0,6.0,0.0,0.0,0.0,0.0,0.0,6.0,16.0,1.0,0.0,0.0,0.0,0.0,0.0,13.0,11.0,0.0,0.0,0.0,0.0,0.0,3.0,16.0,16.0,12.0,10.0,5.0,0.0,0.0,3.0,16.0,16.0,16.0,16.0,8.0,0.0,2
0.0,0.0,4.0,12.0,14.0,5.0,0.0,0.0,0.0,0.0,11.0,16.0,16.0,16.0,3.0,0.0,0.0,3.0,16.0,14.0,2.0,16.0,7.0,0.0,0.0,8.0,16.0,7.0,0.0,16.0,6.0,0.0,0.0,4.0,16.0,4.0,3.0,16.0,4.0,0.0,0.0,4.0,16.0,5.0,10.0,14.0,0.0,0.0,0.0,0.0,14.0,16.0,16.0,10.0,0.0,0.0,0.0,0.0,4.0,14.0,14.0,2.0,0.0,0.0,0
0.0,0.0,9.0,9.0,4.0,0.0,0.0,0.0,0.0,0.0,15.0,15.0,14.0,12.0,0.0,0.0,0.0,3.0,10.0,1.0,0.0,12.0,5.0,0.0,0.0,5.0,8.0,0.0,0.0,8.0,6.0,0.0,0.0,8.0,8.0,0.0,0.0,8.0,8.0,0.0,0.0,5.0,8.0,0.0,0.0,10.0,6.0,0.0,0.0,4.0,13.0,4.0,6.0,13.0,0.0,0.0,0.0,0.0,6.0,16.0,14.0,3.0,0.0,0.0,0
0.0,1.0,13.0,13.0,10.0,0.0,0.0,0.0,0.0,1.0,13.0,16.0,15.0,0.0,0.0,0.0,0.0,0.0,12.0,16.0,16.0,0.0,0.0,0.0,0.0,0.0,16.0,16.0,12.0,0.0,0.0,0.0,0.0,0.0,15.0,16.0,13.0,1.0,0.0,0.0,0.0,0.0,15.0,16.0,11.0,0.0,0.0,0.0,0.0,0.0,16.0,16.0,16.0,5.0,0.0,0.0,0.0,0.0,14.0,16.0,15.0,8.0,1.0,0.0,1
0.0,0.0,2.0,15.0,15.0,4.0,0.0,0.0,0.0,0.0,11.0,10.0,14.0,9.0,0.0,0.0,0.0,0.0,1.0,0.0,11.0,9.0,0.0,0.0,0.0,0.0,0.0,3.0,15.0,4.0,0.0,0.0,0.0,0.0,1.0,16.0,16.0,14.0,6.0,0.0,0.0,0.0,0.0,8.0,13.0,6.0,1.0,0.0,0.0,0.0,0.0,9.0,7.0,0.0,0.0,0.0,0.0,0.0,1.0,15.0,2.0,0.0,0.0,0.0,7
0.0,0.0,2.0,16.0,8.0,0.0,0.0,0.0,0.0,0.0,8.0,16.0,6.0,0.0,0.0,0.0,0.0,0.0,15.0,10.0,0.0,0.0,0.0,0.0,0.0,4.0,16.0,2.0,0.0,0.0,0.0,0.0,0.0,8.0,16.0,16.0,16.0,14.0,2.0,0.0,0.0,8.0,16.0,7.0,4.0,16.0,8.0,0.0,0.0,1.0,16.0,9.0,6.0,16.0,4.0,0.0,0.0,0.0,3.0,12.0,16.0,12.0,0.0,0.0,6
0.0,0.0,6.0,12.0,16.0,10.0,0.0,0.0,0.0,4.0,15.0,8.0,12.0,14.0,0.0,0.0,0.0,0.0,0.0,0.0,13.0,8.0,0.0,0.0,0.0,0.0,0.0,6.0,14.0,1.0,0.0,0.0,0.0,0.0,0.0,5.0,15.0,8.0,0.0,0.0,0.0,0.0,0.0,0.0,2.0,15.0,5.0,0.0,0.0,0.0,1.0,4.0,5.0,15.0,8.0,0.0,0.0,0.0,5.0,16.0,14.0,9.0,1.0,0.0,3
0.0,0.0,9.0,16.0,16.0,13.0,1.0,0.0,0.0,0.0,12.0,13.0,14.0,16.0,7.0,0.0,0.0,0.0,0.0,0.0,6.0,16.0,4.0,0.0,0.0,0.0,0.0,0.0,13.0,14.0,1.0,0.0,0.0,0.0,1.0,10.0,16.0,6.0,0.0,0.0,0.0,0.0,7.0,16.0,8.0,0.0,0.0,0.0,0.0,2.0,15.0,16.0,12.0,7.0,0.0,0.0,0.0,0.0,9.0,14.0,16.0,16.0,2.0,0.0,2
0.0,0.0,2.0,14.0,15.0,4.0,0.0,0.0,0.0,0.0,2.0,16.0,16.0,11.0,0.0,0.0,0.0,0.0,2.0,16.0,16.0,10.0,0.0,0.0,0.0,0.0,5.0,16.0,16.0,7.0,0.0,0.0,0.0,0.0,14.0,16.0,14.0,2.0,0.0,0.0,0.0,4.0,16.0,16.0,8.0,0.0,0.0,0.0,0.0,3.0,15.0,16.0,8.0,0.0,0.0,0.0,0.0,0.0,5.0,15.0,13.0,2.0,0.0,0.0,1
0.0,0.0,5.0,16.0,16.0,16.0,9.0,0.0,0.0,0.0,1.0,6.0,4.0,12.0,14.0,0.0,0.0,0.0,0.0,0.0,0.0,15.0,9.0,0.0,0.0,0.0,4.0,6.0,11.0,16.0,1.0,0.0,0.0,0.0,15.0,16.0,16.0,16.0,9.0,0.0,0.0,0.0,2.0,10.0,11.0,0.0,1.0,0.0,0.0,0.0,2.0,15.0,3.0,0.0,0.0,0.0,0.0,0.0,11.0,10.0,0.0,0.0,0.0,0.0,7
0.0,0.0,0.0,1.0,15.0,4.0,0.0,0.0,0.0,0.0,1.0,13.0,14.0,1.0,0.0,0.0,0.0,0.0,9.0,15.0,5.0,7.0,7.0,0.0,0.0,4.0,16.0,6.0,1.0,16.0,8.0,0.0,0.0,14.0,15.0,0.0,6.0,16.0,2.0,0.0,0.0,11.0,16.0,13.0,14.0,16.0,4.0,0.0,0.0,0.0,5.0,8.0,15.0,14.0,1.0,0.0,0.0,0.0,0.0,0.0,15.0,12.0,0.0,0.0,4
0.0,0.0,2.0,13.0,12.0,0.0,0.0,0.0,0.0,0.0,8.0,16.0,7.0,0.0,0.0,0.0,0.0,0.0,13.0,16.0,4.0,0.0,0.0,0.0,0.0,4.0,16.0,16.0,16.0,11.0,0.0,0.0,0.0,3.0,16.0,10.0,3.0,15.0,8.0,0.0,0.0,0.0,16.0,8.0,0.0,13.0,10.0,0.0,0.0,0.0,12.0,15.0,1.0,15.0,9.0,0.0,0.0,0.0,2.0,11.0,16.0,16.0,2.0,0.0,6
0.0,1.0,11.0,14.0,9.0,1.0,0.0,0.0,0.0,3.0,16.0,8.0,16.0,4.0,0.0,0.0,0.0,0.0,0.0,3.0,16.0,3.0,0.0,0.0,0.0,0.0,1.0,14.0,13.0,0.0,0.0,0.0,0.0,0.0,0.0,7.0,14.0,10.0,0.0,0.0,0.0,0.0,0.0,0.0,3.0,16.0,4.0,0.0,0.0,1.0,3.0,1.0,8.0,16.0,4.0,0.0,0.0,3.0,10.0,16.0,16.0,8.0,0.0,0.0,3
0.0,0.0,0.0,12.0,16.0,9.0,0.0,0.0,0.0,0.0,2.0,16.0,16.0,6.0,0.0,0.0,0.0,0.0,3.0,16.0,16.0,2.0,0.0,0.0,0.0,0.0,8.0,16.0,12.0,0.0,0.0,0.0,0.0,0.0,6.0,16.0,16.0,0.0,0.0,0.0,0.0,0.0,10.0,16.0,15.0,1.0,0.0,0.0,0.0,0.0,9.0,16.0,11.0,0.0,0.0,0.0,0.0,0.0,8.0,16.0,10.0,0.0,0.0,0.0,1
0.0,0.0,10.0,16.0,16.0,4.0,0.0,0.0,0.0,0.0,9.0,8.0,13.0,10.0,0.0,0.0,0.0,0.0,0.0,4.0,15.0,6.0,0.0,0.0,0.0,0.0,0.0,13.0,16.0,7.0,0.0,0.0,0.0,0.0,0.0,5.0,13.0,16.0,1.0,0.0,0.0,0.0,0.0,0.0,0.0,16.0,4.0,0.0,0.0,0.0,7.0,3.0,5.0,16.0,2.0,0.0,0.0,0.0,11.0,16.0,16.0,10.0,0.0,0.0,3
0.0,0.0,1.0,9.0,13.0,11.0,0.0,0.0,0.0,0.0,10.0,11.0,12.0,16.0,1.0,0.0,0.0,0.0,15.0,4.0,12.0,16.0,1.0,0.0,0.0,0.0,12.0,16.0,11.0,15.0,1.0,0.0,0.0,0.0,0.0,0.0,0.0,14.0,0.0,0.0,0.0,0.0,0.0,0.0,3.0,14.0,0.0,0.0,0.0,4.0,12.0,8.0,10.0,11.0,0.0,0.0,0.0,0.0,2.0,9.0,16.0,6.0,0.0,0.0,9
0.0,0.0,4.0,16.0,15.0,7.0,0.0,0.0,0.0,0.0,6.0,16.0,16.0,6.0,0.0,0.0,0.0,0.0,5.0,16.0,16.0,4.0,0.0,0.0,0.0,0.0,7.0,16.0,15.0,0.0,0.0,0.0,0.0,0.0,11.0,16.0,14.0,0.0,0.0,0.0,0.0,0.0,6.0,16.0,14.0,0.0,0.0,0.0,0.0,0.0,6.0,16.0,16.0,5.0,0.0,0.0,0.0,0.0,2.0,12.0,16.0,3.0,0.0,0.0,1
0.0,0.0,6.0,16.0,15.0,2.0,0.0,0.0,0.0,0.0,7.0,13.0,16.0,4.0,0.0,0.0,0.0,0.0,0.0,1.0,16.0,3.0,0.0,0.0,0.0,0.0,1.0,10.0,16.0,6.0,1.0,0.0,0.0,0.0,9.0,16.0,16.0,16.0,8.0,0.0,0.0,0.0,1.0,16.0,8.0,4.0,0.0,0.0,0.0,0.0,5.0,13.0,0.0,0.0,0.0,0.0,0.0,0.0,11.0,7.0,0.0,0.0,0.0,0.0,7
0.0,0.0,0.0,11.0,7.0,0.0,0.0,0.0,0.0,0.0,8.0,15.0,7.0,0.0,0.0,0.0,0.0,0.0,13.0,8.0,0.0,0.0,0.0,0.0,0.0,0.0,16.0,14.0,8.0,1.0,0.0,0.0,0.0,5.0,16.0,10.0,10.0,14.0,1.0,0.0,0.0,2.0,15.0,3.0,0.0,12.0,7.0,0.0,0.0,0.0,10.0,13.0,1.0,10.0,11.0,0.0,0.0,0.0,0.0,10.0,16.0,15.0,5.0,0.0,6
0.0,0.0,2.0,13.0,15.0,1.0,0.0,0.0,0.0,1.0,14.0,13.0,15.0,4.0,0.0,0.0,0.0,5.0,14.0,2.0,15.0,0.0,0.0,0.0,0.0,6.0,14.0,8.0,13.0,0.0,0.0,0.0,0.0,0.0,7.0,16.0,12.0,1.0,0.0,0.0,0.0,0.0,1.0,15.0,10.0,13.0,1.0,0.0,0.0,0.0,4.0,13.0,4.0,13.0,6.0,0.0,0.0,0.0,0.0,11.0,16.0,14.0,1.0,0.0,8
0.0,0.0,0.0,6.0,14.0,0.0,0.0,0.0,0.0,0.0,4.0,16.0,6.0,0.0,0.0,0.0,0.0,0.0,14.0,10.0,1.0,2.0,0.0,0.0,0.0,6.0,16.0,4.0,12.0,10.0,0.0,0.0,0.0,14.0,11.0,0.0,16.0,8.0,0.0,0.0,4.0,16.0,16.0,16.0,16.0,10.0,0.0,0.0,1.0,11.0,12.0,12.0,16.0,5.0,0.0,0.0,0.0,0.0,0.0,8.0,16.0,4.0,0.0,0.0,4
0.0,0.0,7.0,15.0,15.0,2.0,0.0,0.0,0.0,0.0,13.0,6.0,12.0,6.0,0.0,0.0,0.0,0.0,0.0,0.0,15.0,2.0,0.0,0.0,0.0,0.0,0.0,13.0,10.0,0.0,0.0,0.0,0.0,0.0,0.0,8.0,15.0,12.0,0.0,0.0,0.0,3.0,7.0,0.0,2.0,15.0,1.0,0.0,0.0,2.0,15.0,6.0,6.0,16.0,1.0,0.0,0.0,0.0,4.0,15.0,16.0,7.0,0.0,0.0,3
0.0,0.0,4.0,14.0,11.0,3.0,0.0,0.0,0.0,0.0,1.0,15.0,16.0,6.0,0.0,0.0,0.0,0.0,0.0,16.0,16.0,9.0,0.0,0.0,0.0,0.0,1.0,14.0,16.0,3.0,0.0,0.0,0.0,0.0,6.0,16.0,16.0,2.0,0.0,0.0,0.0,0.0,8.0,16.0,15.0,0.0,0.0,0.0,0.0,0.0,7.0,16.0,11.0,0.0,0.0,0.0,0.0,0.0,6.0,15.0,14.0,4.0,0.0,0.0,1
0.0,0.0,0.0,1.0,13.0,2.0,0.0,0.0,0.0,0.0,0.0,12.0,14.0,0.0,0.0,0.0,0.0,0.0,6.0,14.0,0.0,0.0,0.0,0.0,0.0,1.0,14.0,5.0,0.0,0.0,0.0,0.0,0.0,9.0,12.0,0.0,12.0,7.0,0.0,0.0,0.0,12.0,14.0,6.0,16.0,14.0,1.0,0.0,0.0,6.0,16.0,16.0,16.0,5.0,0.0,0.0,0.0,0.0,0.0,3.0,14.0,0.0,0.0,0.0,4
0.0,0.0,7.0,13.0,8.0,4.0,0.0,0.0,0.0,1.0,15.0,11.0,9.0,15.0,2.0,0.0,0.0,4.0,16.0,6.0,0.0,8.0,7.0,0.0,0.0,4.0,10.0,0.0,0.0,7.0,8.0,0.0,0.0,4.0,10.0,0.0,0.0,8.0,8.0,0.0,0.0,5.0,12.0,0.0,0.0,12.0,5.0,0.0,0.0,3.0,15.0,5.0,9.0,14.0,2.0,0.0,0.0,0.0,8.0,14.0,12.0,3.0,0.0,0.0,0
0.0,0.0,13.0,15.0,11.0,12.0,11.0,0.0,0.0,4.0,16.0,15.0,16.0,13.0,9.0,1.0,0.0,3.0,16.0,9.0,0.0,0.0,0.0,0.0,0.0,0.0,12.0,16.0,9.0,0.0,0.0,0.0,0.0,0.0,0.0,12.0,14.0,1.0,0.0,0.0,0.0,1.0,1.0,7.0,16.0,2.0,0.0,0.0,0.0,8.0,12.0,11.0,16.0,3.0,0.0,0.0,0.0,1.0,13.0,16.0,12.0,0.0,0.0,0.0,5
0.0,0.0,6.0,12.0,13.0,12.0,0.0,0.0,0.0,0.0,14.0,12.0,7.0,16.0,1.0,0.0,0.0,0.0,6.0,6.0,14.0,9.0,0.0,0.0,0.0,0.0,0.0,14.0,11.0,1.0,0.0,0.0,0.0,0.0,0.0,5.0,16.0,5.0,0.0,0.0,0.0,0.0,0.0,0.0,6.0,14.0,1.0,0.0,0.0,0.0,10.0,8.0,3.0,16.0,1.0,0.0,0.0,0.0,4.0,14.0,16.0,12.0,0.0,0.0,3
0.0,0.0,0.0,7.0,13.0,2.0,0.0,0.0,0.0,0.0,0.0,14.0,14.0,2.0,0.0,0.0,0.0,0.0,5.0,16.0,4.0,0.0,0.0,0.0,0.0,1.0,11.0,16.0,4.0,0.0,0.0,0.0,0.0,5.0,16.0,16.0,15.0,12.0,0.0,0.0,0.0,0.0,9.0,16.0,1.0,13.0,7.0,0.0,0.0,0.0,4.0,16.0,6.0,15.0,5.0,0.0,0.0,0.0,0.0,6.0,14.0,14.0,1.0,0.0,6
0.0,0.0,2.0,14.0,13.0,8.0,0.0,0.0,0.0,0.0,12.0,13.0,12.0,13.0,0.0,0.0,0.0,0.0,11.0,6.0,6.0,16.0,4.0,0.0,0.0,0.0,5.0,16.0,15.0,16.0,8.0,0.0,0.0,0.0,0.0,2.0,4.0,11.0,8.0,0.0,0.0,0.0,0.0,0.0,0.0,11.0,9.0,0.0,0.0,2.0,13.0,7.0,1.0,11.0,10.0,0.0,0.0,0.0,2.0,10.0,15.0,16.0,2.0,0.0,9
0.0,0.0,1.0,12.0,8.0,0.0,0.0,0.0,0.0,0.0,11.0,15.0,5.0,0.0,0.0,0.0,0.0,2.0,16.0,5.0,0.0,0.0,0.0,0.0,0.0,5.0,16.0,0.0,0.0,0.0,0.0,0.0,0.0,5.0,12.0,8.0,14.0,14.0,3.0,0.0,0.0,4.0,16.0,16.0,9.0,12.0,8.0,0.0,0.0,0.0,13.0,8.0,0.0,11.0,8.0,0.0,0.0,0.0,1.0,14.0,16.0,11.0,1.0,0.0,6
0.0,0.0,1.0,8.0,10.0,8.0,3.0,0.0,0.0,0.0,1.0,16.0,16.0,16.0,8.0,0.0,0.0,0.0,0.0,14.0,16.0,16.0,3.0,0.0,0.0,0.0,1.0,16.0,16.0,15.0,0.0,0.0,0.0,0.0,6.0,16.0,16.0,10.0,0.0,0.0,0.0,0.0,10.0,16.0,15.0,4.0,0.0,0.0,0.0,0.0,8.0,16.0,14.0,0.0,0.0,0.0,0.0,0.0,1.0,8.0,8.0,1.0,0.0,0.0,1
0.0,0.0,12.0,16.0,14.0,4.0,0.0,0.0,0.0,0.0,8.0,14.0,16.0,10.0,0.0,0.0,0.0,0.0,0.0,0.0,14.0,13.0,0.0,0.0,0.0,0.0,0.0,0.0,13.0,10.0,0.0,0.0,0.0,2.0,15.0,16.0,16.0,13.0,3.0,0.0,0.0,1.0,8.0,12.0,15.0,12.0,4.0,0.0,0.0,0.0,2.0,15.0,8.0,0.0,0.0,0.0,0.0,0.0,12.0,13.0,0.0,0.0,0.0,0.0,7
0.0,1.0,15.0,16.0,16.0,16.0,5.0,0.0,0.0,7.0,16.0,16.0,12.0,9.0,1.0,0.0,0.0,13.0,16.0,3.0,0.0,0.0,0.0,0.0,0.0,5.0,16.0,11.0,0.0,0.0,0.0,0.0,0.0,0.0,10.0,16.0,6.0,0.0,0.0,0.0,0.0,0.0,1.0,15.0,11.0,0.0,0.0,0.0,0.0,1.0,4.0,14.0,12.0,0.0,0.0,0.0,0.0,3.0,15.0,16.0,6.0,0.0,0.0,0.0,5
0.0,0.0,0.0,8.0,15.0,0.0,0.0,0.0,0.0,0.0,3.0,15.0,3.0,0.0,0.0,0.0,0.0,0.0,12.0,10.0,0.0,1.0,0.0,0.0,0.0,4.0,16.0,4.0,11.0,11.0,0.0,0.0,0.0,11.0,15.0,2.0,14.0,10.0,1.0,0.0,0.0,13.0,16.0,16.0,16.0,13.0,1.0,0.0,0.0,0.0,4.0,12.0,12.0,0.0,0.0,0.0,0.0,0.0,0.0,11.0,9.0,0.0,0.0,0.0,4
0.0,0.0,0.0,5.0,15.0,4.0,0.0,0.0,0.0,0.0,1.0,15.0,11.0,0.0,0.0,0.0,0.0,0.0,12.0,14.0,2.0,0.0,0.0,0.0,0.0,5.0,16.0,7.0,7.0,10.0,0.0,0.0,0.0,12.0,16.0,16.0,16.0,12.0,0.0,0.0,0.0,11.0,12.0,14.0,16.0,14.0,1.0,0.0,0.0,0.0,0.0,0.0,16.0,9.0,0.0,0.0,0.0,0.0,0.0,4.0,16.0,6.0,0.0,0.0,4
0.0,0.0,5.0,16.0,16.0,7.0,0.0,0.0,0.0,0.0,6.0,9.0,13.0,11.0,0.0,0.0,0.0,0.0,0.0,0.0,10.0,12.0,0.0,0.0,0.0,0.0,1.0,6.0,13.0,8.0,0.0,0.0,0.0,0.0,8.0,16.0,16.0,15.0,6.0,0.0,0.0,0.0,1.0,11.0,14.0,8.0,2.0,0.0,0.0,0.0,0.0,13.0,7.0,0.0,0.0,0.0,0.0,0.0,4.0,16.0,2.0,0.0,0.0,0.0,7
0.0,5.0,16.0,12.0,1.0,0.0,0.0,0.0,0.0,5.0,14.0,15.0,8.0,0.0,0.0,0.0,0.0,0.0,0.0,14.0,10.0,0.0,0.0,0.0,0.0,0.0,2.0,16.0,7.0,0.0,0.0,0.0,0.0,0.0,7.0,16.0,3.0,0.0,0.0,0.0,0.0,2.0,14.0,10.0,0.0,0.0,0.0,0.0,0.0,11.0,16.0,9.0,8.0,8.0,3.0,0.0,0.0,8.0,16.0,16.0,16.0,16.0,4.0,0.0,2
0.0,0.0,1.0,8.0,14.0,14.0,2.0,0.0,0.0,1.0,13.0,16.0,16.0,16.0,5.0,0.0,0.0,7.0,16.0,10.0,10.0,16.0,4.0,0.0,0.0,3.0,16.0,14.0,15.0,12.0,0.0,0.0,0.0,0.0,3.0,12.0,16.0,10.0,0.0,0.0,0.0,0.0,0.0,9.0,16.0,16.0,3.0,0.0,0.0,0.0,0.0,15.0,16.0,16.0,4.0,0.0,0.0,0.0,0.0,11.0,16.0,12.0,2.0,0.0,8
0.0,0.0,4.0,12.0,16.0,16.0,4.0,0.0,0.0,0.0,9.0,7.0,4.0,14.0,12.0,0.0,0.0,0.0,0.0,0.0,0.0,11.0,14.0,0.0,0.0,0.0,0.0,0.0,3.0,16.0,6.0,0.0,0.0,0.0,0.0,1.0,13.0,6.0,0.0,0.0,0.0,0.0,1.0,12.0,8.0,0.0,0.0,0.0,0.0,0.0,6.0,16.0,9.0,5.0,0.0,0.0,0.0,0.0,3.0,12.0,13.0,9.0,0.0,0.0,2
0.0,0.0,10.0,15.0,13.0,1.0,0.0,0.0,0.0,4.0,16.0,7.0,13.0,7.0,0.0,0.0,0.0,2.0,11.0,0.0,12.0,6.0,0.0,0.0,0.0,0.0,0.0,4.0,14.0,0.0,0.0,0.0,0.0,0.0,1.0,15.0,6.0,0.0,0.0,0.0,0.0,0.0,9.0,12.0,0.0,0.0,0.0,0.0,0.0,4.0,16.0,7.0,7.0,13.0,3.0,0.0,0.0,0.0,10.0,16.0,12.0,3.0,0.0,0.0,2
0.0,1.0,13.0,16.0,16.0,16.0,12.0,1.0,0.0,6.0,16.0,14.0,12.0,11.0,5.0,0.0,0.0,2.0,15.0,15.0,5.0,0.0,0.0,0.0,0.0,0.0,8.0,14.0,15.0,1.0,0.0,0.0,0.0,0.0,0.0,3.0,16.0,6.0,0.0,0.0,0.0,0.0,0.0,3.0,16.0,5.0,0.0,0.0,0.0,0.0,7.0,10.0,16.0,4.0,0.0,0.0,0.0,0.0,15.0,16.0,10.0,0.0,0.0,0.0,5
0.0,0.0,6.0,16.0,16.0,7.0,0.0,0.0,0.0,0.0,13.0,12.0,15.0,10.0,0.0,0.0,0.0,0.0,3.0,6.0,13.0,9.0,0.0,0.0,0.0,0.0,8.0,16.0,16.0,15.0,6.0,0.0,0.0,0.0,1.0,9.0,14.0,8.0,5.0,0.0,0.0,0.0,0.0,11.0,9.0,0.0,0.0,0.0,0.0,0.0,4.0,16.0,3.0,0.0,0.0,0.0,0.0,0.0,10.0,10.0,0.0,0.0,0.0,0.0,7
0.0,0.0,2.0,10.0,13.0,12.0,3.0,0.0,0.0,0.0,11.0,13.0,8.0,16.0,7.0,0.0,0.0,0.0,12.0,9.0,9.0,16.0,8.0,0.0,0.0,0.0,6.0,10.0,13.0,14.0,5.0,0.0,0.0,0.0,0.0,0.0,0.0,12.0,8.0,0.0,0.0,8.0,1.0,0.0,0.0,15.0,2.0,0.0,0.0,4.0,14.0,9.0,4.0,16.0,0.0,0.0,0.0,0.0,2.0,12.0,16.0,14.0,0.0,0.0,9
0.0,1.0,12.0,12.0,15.0,16.0,7.0,0.0,0.0,7.0,16.0,16.0,13.0,6.0,1.0,0.0,0.0,12.0,16.0,3.0,0.0,0.0,0.0,0.0,0.0,3.0,14.0,15.0,1.0,0.0,0.0,0.0,0.0,0.0,1.0,16.0,7.0,0.0,0.0,0.0,0.0,0.0,0.0,15.0,8.0,0.0,0.0,0.0,0.0,5.0,7.0,16.0,7.0,0.0,0.0,0.0,0.0,3.0,15.0,16.0,5.0,0.0,0.0,0.0,5
0.0,0.0,0.0,9.0,14.0,1.0,0.0,0.0,0.0,0.0,2.0,16.0,8.0,0.0,0.0,0.0,0.0,0.0,12.0,14.0,1.0,0.0,0.0,0.0,0.0,5.0,16.0,4.0,2.0,1.0,0.0,0.0,0.0,12.0,13.0,1.0,14.0,8.0,1.0,0.0,1.0,16.0,16.0,16.0,16.0,15.0,3.0,0.0,0.0,5.0,8.0,11.0,15.0,1.0,0.0,0.0,0.0,0.0,0.0,10.0,16.0,3.0,0.0,0.0,4
0.0,0.0,1.0,11.0,14.0,15.0,3.0,0.0,0.0,1.0,13.0,16.0,12.0,16.0,8.0,0.0,0.0,8.0,16.0,4.0,6.0,16.0,5.0,0.0,0.0,5.0,15.0,11.0,13.0,14.0,0.0,0.0,0.0,0.0,2.0,12.0,16.0,13.0,0.0,0.0,0.0,0.0,0.0,13.0,16.0,16.0,6.0,0.0,0.0,0.0,0.0,16.0,16.0,16.0,7.0,0.0,0.0,0.0,0.0,11.0,13.0,12.0,1.0,0.0,8
0.0,0.0,6.0,14.0,16.0,5.0,0.0,0.0,0.0,2.0,16.0,16.0,16.0,7.0,0.0,0.0,0.0,2.0,15.0,16.0,15.0,2.0,0.0,0.0,0.0,0.0,6.0,16.0,15.0,7.0,0.0,0.0,0.0,0.0,14.0,10.0,6.0,16.0,3.0,0.0,0.0,1.0,16.0,3.0,0.0,16.0,7.0,0.0,0.0,0.0,10.0,11.0,11.0,15.0,3.0,0.0,0.0,0.0,3.0,14.0,16.0,6.0,0.0,0.0,8
0.0,0.0,0.0,4.0,15.0,6.0,0.0,0.0,0.0,0.0,0.0,13.0,13.0,1.0,0.0,0.0,0.0,0.0,7.0,16.0,2.0,0.0,0.0,0.0,0.0,4.0,15.0,8.0,0.0,5.0,0.0,0.0,0.0,11.0,14.0,1.0,6.0,16.0,5.0,0.0,1.0,16.0,14.0,12.0,16.0,16.0,3.0,0.0,0.0,10.0,12.0,10.0,16.0,10.0,0.0,0.0,0.0,0.0,0.0,6.0,16.0,2.0,0.0,0.0,4
0.0,0.0,1.0,9.0,15.0,11.0,3.0,0.0,0.0,0.0,12.0,9.0,1.0,11.0,6.0,0.0,0.0,0.0,13.0,7.0,6.0,16.0,8.0,0.0,0.0,0.0,4.0,10.0,12.0,15.0,4.0,0.0,0.0,0.0,0.0,0.0,0.0,12.0,6.0,0.0,0.0,8.0,7.0,0.0,0.0,15.0,5.0,0.0,0.0,1.0,12.0,10.0,4.0,16.0,3.0,0.0,0.0,0.0,0.0,13.0,16.0,8.0,0.0,0.0,9
0.0,0.0,0.0,14.0,12.0,2.0,0.0,0.0,0.0,0.0,0.0,6.0,8.0,14.0,1.0,0.0,0.0,0.0,9.0,11.0,0.0,13.0,5.0,0.0,0.0,2.0,16.0,8.0,0.0,8.0,8.0,0.0,0.0,5.0,13.0,0.0,0.0,8.0,7.0,0.0,0.0,6.0,13.0,0.0,0.0,11.0,4.0,0.0,0.0,0.0,12.0,10.0,6.0,14.0,0.0,0.0,0.0,0.0,1.0,11.0,14.0,7.0,0.0,0.0,0
0.0,0.0,0.0,10.0,13.0,5.0,0.0,0.0,0.0,3.0,14.0,16.0,12.0,15.0,0.0,0.0,0.0,10.0,16.0,8.0,11.0,16.0,0.0,0.0,0.0,8.0,14.0,5.0,14.0,9.0,0.0,0.0,0.0,0.0,7.0,14.0,16.0,5.0,0.0,0.0,0.0,0.0,0.0,11.0,16.0,16.0,1.0,0.0,0.0,0.0,0.0,14.0,16.0,16.0,4.0,0.0,0.0,0.0,0.0,11.0,16.0,11.0,0.0,0.0,8
0.0,0.0,4.0,11.0,12.0,14.0,0.0,0.0,0.0,0.0,15.0,12.0,14.0,16.0,4.0,0.0,0.0,0.0,16.0,9.0,16.0,13.0,3.0,0.0,0.0,0.0,5.0,12.0,11.0,12.0,7.0,0.0,0.0,0.0,0.0,0.0,0.0,8.0,8.0,0.0,0.0,0.0,0.0,0.0,0.0,10.0,7.0,0.0,0.0,6.0,13.0,4.0,0.0,14.0,4.0,0.0,0.0,0.0,7.0,13.0,16.0,14.0,1.0,0.0,9
0.0,0.0,2.0,8.0,7.0,0.0,0.0,0.0,0.0,0.0,6.0,15.0,16.0,2.0,0.0,0.0,0.0,6.0,15.0,11.0,16.0,4.0,0.0,0.0,0.0,5.0,16.0,10.0,16.0,1.0,0.0,0.0,0.0,2.0,15.0,16.0,13.0,0.0,0.0,0.0,0.0,0.0,2.0,16.0,12.0,9.0,3.0,0.0,0.0,0.0,4.0,14.0,0.0,12.0,14.0,1.0,0.0,0.0,1.0,12.0,10.0,7.0,0.0,0.0,8
0.0,0.0,10.0,15.0,1.0,0.0,0.0,0.0,0.0,0.0,11.0,16.0,1.0,0.0,0.0,0.0,0.0,1.0,16.0,16.0,1.0,0.0,0.0,0.0,0.0,0.0,8.0,16.0,5.0,0.0,0.0,0.0,0.0,0.0,0.0,14.0,10.0,0.0,0.0,0.0,0.0,0.0,0.0,10.0,14.0,0.0,0.0,0.0,0.0,0.0,5.0,11.0,15.0,6.0,4.0,1.0,0.0,0.0,10.0,16.0,16.0,16.0,16.0,10.0,1
0.0,1.0,15.0,16.0,10.0,0.0,0.0,0.0,0.0,4.0,16.0,9.0,16.0,4.0,0.0,0.0,0.0,2.0,12.0,5.0,16.0,3.0,0.0,0.0,0.0,0.0,0.0,6.0,16.0,3.0,0.0,0.0,0.0,0.0,1.0,15.0,13.0,0.0,0.0,0.0,0.0,0.0,8.0,16.0,4.0,0.0,0.0,0.0,0.0,2.0,16.0,13.0,4.0,4.0,3.0,0.0,0.0,2.0,13.0,16.0,16.0,16.0,16.0,2.0,2
0.0,0.0,6.0,13.0,12.0,2.0,0.0,0.0,0.0,0.0,7.0,7.0,10.0,12.0,0.0,0.0,0.0,0.0,0.0,1.0,12.0,9.0,0.0,0.0,0.0,0.0,0.0,7.0,16.0,7.0,0.0,0.0,0.0,0.0,0.0,0.0,5.0,14.0,1.0,0.0,0.0,1.0,7.0,0.0,0.0,7.0,11.0,0.0,0.0,1.0,16.0,4.0,0.0,9.0,11.0,0.0,0.0,0.0,5.0,13.0,12.0,16.0,3.0,0.0,3
0.0,0.0,0.0,4.0,15.0,2.0,0.0,0.0,0.0,0.0,1.0,16.0,9.0,0.0,0.0,0.0,0.0,0.0,9.0,15.0,1.0,11.0,9.0,0.0,0.0,3.0,14.0,8.0,0.0,14.0,10.0,0.0,0.0,10.0,16.0,12.0,12.0,16.0,8.0,0.0,0.0,13.0,16.0,14.0,15.0,16.0,5.0,0.0,0.0,0.0,0.0,0.0,15.0,13.0,0.0,0.0,0.0,0.0,0.0,4.0,16.0,9.0,0.0,0.0,4
0.0,0.0,14.0,12.0,12.0,13.0,3.0,0.0,0.0,0.0,16.0,8.0,8.0,6.0,1.0,0.0,0.0,0.0,14.0,7.0,5.0,0.0,0.0,0.0,0.0,0.0,15.0,15.0,16.0,2.0,0.0,0.0,0.0,0.0,13.0,3.0,6.0,8.0,0.0,0.0,0.0,0.0,0.0,0.0,3.0,13.0,0.0,0.0,0.0,0.0,5.0,4.0,8.0,12.0,1.0,0.0,0.0,1.0,15.0,15.0,11.0,3.0,0.0,0.0,5
0.0,0.0,1.0,10.0,10.0,0.0,0.0,0.0,0.0,1.0,13.0,10.0,1.0,0.0,0.0,0.0,0.0,4.0,14.0,0.0,0.0,0.0,0.0,0.0,0.0,6.0,12.0,0.0,0.0,0.0,0.0,0.0,0.0,8.0,11.0,5.0,10.0,11.0,1.0,0.0,0.0,5.0,16.0,13.0,6.0,10.0,8.0,0.0,0.0,0.0,10.0,9.0,0.0,7.0,11.0,0.0,0.0,0.0,1.0,12.0,16.0,14.0,2.0,0.0,6
0.0,0.0,3.0,14.0,8.0,6.0,4.0,0.0,0.0,0.0,11.0,16.0,16.0,16.0,15.0,1.0,0.0,3.0,16.0,3.0,2.0,15.0,6.0,0.0,0.0,5.0,8.0,0.0,9.0,14.0,0.0,0.0,0.0,0.0,7.0,9.0,15.0,13.0,4.0,0.0,0.0,0.0,10.0,16.0,16.0,15.0,3.0,0.0,0.0,0.0,0.0,13.0,7.0,0.0,0.0,0.0,0.0,0.0,6.0,15.0,2.0,0.0,0.0,0.0,7
0.0,0.0,7.0,15.0,14.0,6.0,0.0,0.0,0.0,5.0,16.0,5.0,10.0,16.0,4.0,0.0,0.0,6.0,15.0,2.0,10.0,14.0,1.0,0.0,0.0,1.0,13.0,16.0,14.0,1.0,0.0,0.0,0.0,0.0,10.0,13.0,15.0,8.0,0.0,0.0,0.0,0.0,15.0,2.0,3.0,15.0,6.0,0.0,0.0,0.0,15.0,3.0,8.0,15.0,6.0,0.0,0.0,0.0,6.0,16.0,11.0,4.0,0.0,0.0,8
0.0,0.0,7.0,14.0,9.0,0.0,0.0,0.0,0.0,1.0,16.0,5.0,10.0,7.0,0.0,0.0,0.0,0.0,13.0,2.0,3.0,13.0,0.0,0.0,0.0,0.0,5.0,15.0,16.0,16.0,1.0,0.0,0.0,0.0,0.0,0.0,5.0,10.0,7.0,0.0,0.0,0.0,0.0,0.0,0.0,2.0,14.0,0.0,0.0,0.0,4.0,2.0,0.0,0.0,14.0,3.0,0.0,0.0,5.0,15.0,16.0,16.0,12.0,1.0,9
0.0,0.0,3.0,13.0,13.0,3.0,0.0,0.0,0.0,0.0,14.0,8.0,7.0,15.0,1.0,0.0,0.0,3.0,16.0,0.0,0.0,9.0,6.0,0.0,0.0,6.0,13.0,0.0,0.0,4.0,8.0,0.0,0.0,4.0,9.0,0.0,0.0,4.0,8.0,0.0,0.0,1.0,13.0,0.0,0.0,5.0,8.0,0.0,0.0,0.0,14.0,7.0,0.0,11.0,4.0,0.0,0.0,0.0,3.0,15.0,16.0,14.0,0.0,0.0,0
0.0,0.0,16.0,8.0,0.0,0.0,0.0,0.0,0.0,2.0,16.0,13.0,0.0,0.0,0.0,0.0,0.0,2.0,16.0,16.0,6.0,0.0,0.0,0.0,0.0,0.0,8.0,16.0,10.0,0.0,0.0,0.0,0.0,0.0,0.0,14.0,12.0,0.0,0.0,0.0,0.0,0.0,0.0,10.0,16.0,2.0,0.0,0.0,0.0,0.0,5.0,12.0,16.0,11.0,8.0,3.0,0.0,0.0,12.0,16.0,16.0,16.0,16.0,9.0,1
0.0,4.0,16.0,15.0,1.0,0.0,0.0,0.0,0.0,8.0,14.0,16.0,4.0,0.0,0.0,0.0,0.0,5.0,8.0,16.0,4.0,0.0,0.0,0.0,0.0,0.0,0.0,12.0,8.0,0.0,0.0,0.0,0.0,0.0,1.0,15.0,7.0,0.0,0.0,0.0,0.0,0.0,5.0,16.0,3.0,6.0,9.0,0.0,0.0,3.0,15.0,15.0,8.0,13.0,15.0,0.0,0.0,4.0,15.0,16.0,16.0,16.0,7.0,0.0,2
0.0,0.0,9.0,16.0,10.0,1.0,0.0,0.0,0.0,0.0,8.0,3.0,16.0,4.0,0.0,0.0,0.0,0.0,0.0,5.0,14.0,2.0,0.0,0.0,0.0,0.0,2.0,16.0,15.0,7.0,0.0,0.0,0.0,0.0,0.0,0.0,3.0,15.0,2.0,0.0,0.0,4.0,6.0,0.0,0.0,13.0,7.0,0.0,0.0,6.0,13.0,1.0,5.0,16.0,3.0,0.0,0.0,0.0,10.0,16.0,15.0,5.0,0.0,0.0,3
0.0,0.0,0.0,2.0,14.0,5.0,0.0,0.0,0.0,0.0,0.0,13.0,15.0,0.0,0.0,0.0,0.0,0.0,3.0,16.0,3.0,9.0,12.0,0.0,0.0,1.0,14.0,8.0,0.0,15.0,13.0,0.0,0.0,11.0,16.0,10.0,8.0,16.0,10.0,0.0,3.0,16.0,16.0,16.0,16.0,15.0,3.0,0.0,0.0,0.0,0.0,2.0,16.0,12.0,0.0,0.0,0.0,0.0,0.0,4.0,16.0,7.0,0.0,0.0,4
0.0,1.0,12.0,13.0,13.0,0.0,0.0,0.0,0.0,4.0,11.0,6.0,3.0,0.0,0.0,0.0,0.0,7.0,11.0,8.0,6.0,1.0,0.0,0.0,0.0,5.0,15.0,12.0,13.0,12.0,0.0,0.0,0.0,0.0,0.0,0.0,0.0,13.0,4.0,0.0,0.0,0.0,0.0,0.0,0.0,8.0,8.0,0.0,0.0,2.0,10.0,8.0,7.0,15.0,3.0,0.0,0.0,1.0,13.0,16.0,12.0,5.0,0.0,0.0,5
0.0,0.0,1.0,13.0,0.0,0.0,0.0,0.0,0.0,0.0,7.0,10.0,0.0,0.0,0.0,0.0,0.0,1.0,16.0,2.0,0.0,0.0,0.0,0.0,0.0,4.0,13.0,0.0,0.0,0.0,0.0,0.0,0.0,7.0,12.0,4.0,11.0,9.0,1.0,0.0,0.0,4.0,16.0,15.0,8.0,12.0,7.0,0.0,0.0,2.0,14.0,10.0,3.0,13.0,7.0,0.0,0.0,0.0,2.0,13.0,16.0,8.0,1.0,0.0,6
0.0,0.0,6.0,16.0,16.0,12.0,3.0,0.0,0.0,0.0,13.0,12.0,10.0,16.0,2.0,0.0,0.0,1.0,16.0,3.0,10.0,11.0,0.0,0.0,0.0,1.0,7.0,1.0,16.0,3.0,0.0,0.0,0.0,0.0,0.0,7.0,15.0,4.0,1.0,0.0,0.0,0.0,10.0,16.0,16.0,16.0,4.0,0.0,0.0,0.0,2.0,16.0,8.0,3.0,0.0,0.0,0.0,0.0,6.0,16.0,3.0,0.0,0.0,0.0,7
0.0,0.0,7.0,13.0,11.0,1.0,0.0,0.0,0.0,6.0,14.0,12.0,14.0,9.0,0.0,0.0,0.0,5.0,14.0,3.0,10.0,9.0,0.0,0.0,0.0,0.0,8.0,15.0,14.0,2.0,0.0,0.0,0.0,0.0,1.0,14.0,16.0,6.0,0.0,0.0,0.0,0.0,9.0,9.0,3.0,15.0,4.0,0.0,0.0,0.0,12.0,5.0,1.0,11.0,8.0,0.0,0.0,0.0,7.0,16.0,16.0,9.0,1.0,0.0,8
0.0,0.0,7.0,14.0,10.0,0.0,0.0,0.0,0.0,7.0,15.0,4.0,9.0,11.0,0.0,0.0,0.0,9.0,13.0,0.0,7.0,16.0,0.0,0.0,0.0,3.0,15.0,16.0,16.0,16.0,3.0,0.0,0.0,0.0,0.0,4.0,4.0,12.0,8.0,0.0,0.0,0.0,0.0,0.0,0.0,4.0,12.0,0.0,0.0,0.0,11.0,5.0,0.0,7.0,13.0,0.0,0.0,0.0,5.0,13.0,16.0,14.0,6.0,0.0,9
0.0,0.0,6.0,14.0,13.0,3.0,0.0,0.0,0.0,0.0,14.0,10.0,7.0,13.0,0.0,0.0,0.0,4.0,13.0,0.0,0.0,12.0,3.0,0.0,0.0,5.0,11.0,0.0,0.0,7.0,6.0,0.0,0.0,4.0,11.0,0.0,0.0,4.0,8.0,0.0,0.0,2.0,12.0,0.0,0.0,6.0,6.0,0.0,0.0,0.0,12.0,8.0,2.0,14.0,2.0,0.0,0.0,0.0,4.0,15.0,16.0,9.0,0.0,0.0,0
0.0,0.0,11.0,12.0,0.0,0.0,0.0,0.0,0.0,0.0,13.0,16.0,0.0,0.0,0.0,0.0,0.0,3.0,15.0,16.0,4.0,0.0,0.0,0.0,0.0,13.0,15.0,16.0,6.0,0.0,0.0,0.0,0.0,3.0,3.0,15.0,10.0,0.0,0.0,0.0,0.0,0.0,0.0,11.0,16.0,0.0,0.0,0.0,0.0,0.0,2.0,10.0,16.0,6.0,3.0,0.0,0.0,0.0,7.0,16.0,16.0,16.0,16.0,5.0,1
0.0,2.0,13.0,16.0,10.0,0.0,0.0,0.0,0.0,12.0,15.0,9.0,16.0,2.0,0.0,0.0,0.0,10.0,8.0,1.0,16.0,6.0,0.0,0.0,0.0,1.0,1.0,2.0,16.0,6.0,0.0,0.0,0.0,0.0,0.0,10.0,15.0,2.0,0.0,0.0,0.0,0.0,2.0,15.0,9.0,0.0,0.0,0.0,0.0,2.0,15.0,16.0,9.0,8.0,6.0,0.0,0.0,1.0,13.0,16.0,16.0,16.0,16.0,3.0,2
0.0,2.0,13.0,16.0,15.0,1.0,0.0,0.0,0.0,7.0,13.0,10.0,16.0,4.0,0.0,0.0,0.0,0.0,0.0,8.0,16.0,2.0,0.0,0.0,0.0,0.0,8.0,16.0,16.0,10.0,0.0,0.0,0.0,0.0,1.0,4.0,10.0,16.0,8.0,0.0,0.0,0.0,0.0,0.0,0.0,16.0,9.0,0.0,0.0,2.0,12.0,6.0,6.0,16.0,6.0,0.0,0.0,1.0,15.0,16.0,16.0,9.0,1.0,0.0,3
0.0,0.0,0.0,2.0,15.0,7.0,0.0,0.0,0.0,0.0,0.0,11.0,15.0,2.0,5.0,0.0,0.0,0.0,5.0,16.0,6.0,6.0,16.0,0.0,0.0,2.0,16.0,10.0,4.0,13.0,13.0,0.0,0.0,13.0,16.0,16.0,16.0,16.0,10.0,0.0,0.0,6.0,4.0,4.0,11.0,16.0,4.0,0.0,0.0,0.0,0.0,0.0,14.0,14.0,0.0,0.0,0.0,0.0,0.0,3.0,16.0,7.0,0.0,0.0,4
0.0,0.0,9.0,12.0,14.0,2.0,0.0,0.0,0.0,0.0,12.0,6.0,4.0,0.0,0.0,0.0,0.0,0.0,12.0,1.0,3.0,0.0,0.0,0.0,0.0,0.0,9.0,16.0,16.0,12.0,0.0,0.0,0.0,0.0,4.0,4.0,0.0,12.0,6.0,0.0,0.0,0.0,0.0,0.0,0.0,4.0,12.0,0.0,0.0,0.0,9.0,7.0,4.0,10.0,11.0,0.0,0.0,0.0,9.0,14.0,16.0,14.0,5.0,0.0,5
0.0,0.0,3.0,15.0,1.0,0.0,0.0,0.0,0.0,0.0,12.0,8.0,0.0,0.0,0.0,0.0,0.0,3.0,13.0,0.0,0.0,0.0,0.0,0.0,0.0,4.0,12.0,0.0,0.0,0.0,0.0,0.0,0.0,5.0,10.0,11.0,16.0,14.0,1.0,0.0,0.0,2.0,16.0,10.0,4.0,7.0,10.0,0.0,0.0,0.0,15.0,8.0,2.0,12.0,8.0,0.0,0.0,0.0,3.0,12.0,16.0,8.0,0.0,0.0,6
0.0,0.0,3.0,14.0,13.0,12.0,14.0,0.0,0.0,0.0,11.0,14.0,12.0,15.0,9.0,0.0,0.0,0.0,16.0,5.0,3.0,16.0,2.0,0.0,0.0,1.0,9.0,1.0,10.0,12.0,0.0,0.0,0.0,0.0,0.0,7.0,16.0,14.0,6.0,0.0,0.0,0.0,4.0,16.0,16.0,11.0,1.0,0.0,0.0,0.0,0.0,15.0,5.0,0.0,0.0,0.0,0.0,0.0,6.0,13.0,0.0,0.0,0.0,0.0,7
0.0,0.0,10.0,14.0,10.0,1.0,0.0,0.0,0.0,4.0,14.0,6.0,13.0,7.0,0.0,0.0,0.0,6.0,12.0,0.0,7.0,7.0,0.0,0.0,0.0,1.0,16.0,10.0,15.0,1.0,0.0,0.0,0.0,0.0,5.0,16.0,15.0,3.0,0.0,0.0,0.0,0.0,13.0,6.0,6.0,15.0,5.0,0.0,0.0,3.0,15.0,0.0,4.0,12.0,7.0,0.0,0.0,0.0,12.0,16.0,15.0,8.0,0.0,0.0,8
0.0,1.0,10.0,15.0,15.0,3.0,0.0,0.0,0.0,6.0,13.0,4.0,10.0,12.0,0.0,0.0,0.0,4.0,11.0,0.0,7.0,15.0,0.0,0.0,0.0,2.0,14.0,16.0,16.0,14.0,2.0,0.0,0.0,0.0,1.0,4.0,3.0,10.0,6.0,0.0,0.0,0.0,0.0,0.0,0.0,2.0,12.0,0.0,0.0,0.0,3.0,3.0,0.0,2.0,13.0,0.0,0.0,0.0,10.0,16.0,16.0,16.0,11.0,0.0,9
0.0,0.0,3.0,15.0,9.0,0.0,0.0,0.0,0.0,0.0,14.0,8.0,11.0,5.0,0.0,0.0,0.0,3.0,16.0,3.0,1.0,14.0,2.0,0.0,0.0,5.0,12.0,0.0,0.0,12.0,4.0,0.0,0.0,2.0,12.0,0.0,0.0,6.0,8.0,0.0,0.0,2.0,14.0,0.0,0.0,12.0,5.0,0.0,0.0,0.0,12.0,8.0,5.0,15.0,0.0,0.0,0.0,0.0,1.0,13.0,14.0,5.0,0.0,0.0,0
0.0,0.0,9.0,15.0,14.0,8.0,0.0,0.0,0.0,6.0,16.0,4.0,2.0,16.0,3.0,0.0,0.0,5.0,16.0,5.0,5.0,16.0,4.0,0.0,0.0,0.0,9.0,16.0,16.0,16.0,4.0,0.0,0.0,0.0,0.0,0.0,0.0,9.0,8.0,0.0,0.0,0.0,0.0,0.0,0.0,8.0,8.0,0.0,0.0,2.0,10.0,2.0,1.0,12.0,6.0,0.0,0.0,1.0,13.0,14.0,14.0,11.0,1.0,0.0,9
0.0,1.0,10.0,12.0,12.0,11.0,0.0,0.0,0.0,7.0,14.0,8.0,8.0,6.0,0.0,0.0,0.0,7.0,11.0,7.0,3.0,0.0,0.0,0.0,0.0,8.0,16.0,13.0,13.0,8.0,0.0,0.0,0.0,1.0,3.0,0.0,1.0,14.0,5.0,0.0,0.0,0.0,0.0,0.0,0.0,4.0,12.0,0.0,0.0,0.0,11.0,3.0,0.0,10.0,12.0,0.0,0.0,0.0,10.0,16.0,16.0,14.0,4.0,0.0,5
0.0,0.0,10.0,12.0,12.0,15.0,4.0,0.0,0.0,0.0,16.0,8.0,8.0,5.0,3.0,0.0,0.0,4.0,15.0,8.0,6.0,0.0,0.0,0.0,0.0,6.0,15.0,12.0,14.0,8.0,0.0,0.0,0.0,0.0,1.0,0.0,2.0,16.0,0.0,0.0,0.0,0.0,0.0,0.0,0.0,14.0,3.0,0.0,0.0,0.0,11.0,4.0,8.0,15.0,3.0,0.0,0.0,0.0,10.0,16.0,15.0,5.0,0.0,0.0,5
0.0,0.0,1.0,11.0,15.0,0.0,0.0,0.0,0.0,0.0,11.0,15.0,5.0,0.0,0.0,0.0,0.0,3.0,15.0,1.0,0.0,0.0,0.0,0.0,0.0,5.0,12.0,0.0,0.0,0.0,0.0,0.0,0.0,8.0,15.0,15.0,16.0,14.0,3.0,0.0,0.0,2.0,16.0,11.0,2.0,7.0,12.0,0.0,0.0,0.0,14.0,11.0,4.0,9.0,13.0,0.0,0.0,0.0,2.0,11.0,16.0,15.0,6.0,0.0,6
0.0,3.0,12.0,12.0,14.0,4.0,0.0,0.0,0.0,1.0,13.0,4.0,4.0,0.0,0.0,0.0,0.0,4.0,14.0,4.0,3.0,0.0,0.0,0.0,0.0,5.0,13.0,12.0,14.0,10.0,0.0,0.0,0.0,0.0,0.0,0.0,0.0,11.0,6.0,0.0,0.0,0.0,0.0,0.0,0.0,4.0,8.0,0.0,0.0,0.0,6.0,2.0,0.0,8.0,8.0,0.0,0.0,2.0,13.0,16.0,16.0,16.0,2.0,0.0,5
0.0,0.0,6.0,14.0,11.0,1.0,0.0,0.0,0.0,0.0,15.0,5.0,6.0,15.0,0.0,0.0,0.0,4.0,16.0,0.0,0.0,9.0,3.0,0.0,0.0,8.0,9.0,0.0,0.0,4.0,8.0,0.0,0.0,7.0,8.0,0.0,0.0,4.0,8.0,0.0,0.0,4.0,8.0,0.0,0.0,9.0,4.0,0.0,0.0,1.0,13.0,2.0,3.0,14.0,0.0,0.0,0.0,0.0,5.0,14.0,15.0,4.0,0.0,0.0,0
0.0,0.0,6.0,14.0,15.0,7.0,0.0,0.0,0.0,3.0,15.0,6.0,2.0,14.0,3.0,0.0,0.0,4.0,13.0,0.0,1.0,16.0,4.0,0.0,0.0,0.0,10.0,11.0,9.0,16.0,6.0,0.0,0.0,0.0,1.0,8.0,10.0,14.0,5.0,0.0,0.0,0.0,0.0,0.0,0.0,8.0,11.0,0.0,0.0,1.0,12.0,5.0,0.0,10.0,11.0,0.0,0.0,0.0,7.0,13.0,16.0,16.0,4.0,0.0,9
0.0,0.0,7.0,14.0,15.0,4.0,0.0,0.0,0.0,7.0,15.0,4.0,9.0,12.0,0.0,0.0,0.0,6.0,15.0,1.0,4.0,14.0,0.0,0.0,0.0,0.0,9.0,13.0,14.0,7.0,0.0,0.0,0.0,0.0,2.0,16.0,16.0,4.0,0.0,0.0,0.0,0.0,14.0,7.0,3.0,15.0,4.0,0.0,0.0,0.0,16.0,3.0,0.0,13.0,8.0,0.0,0.0,0.0,7.0,16.0,16.0,10.0,1.0,0.0,8
0.0,0.0,7.0,13.0,10.0,1.0,0.0,0.0,0.0,1.0,15.0,3.0,9.0,10.0,0.0,0.0,0.0,3.0,16.0,4.0,13.0,11.0,0.0,0.0,0.0,0.0,6.0,12.0,12.0,16.0,0.0,0.0,0.0,0.0,0.0,0.0,0.0,12.0,5.0,0.0,0.0,0.0,0.0,0.0,0.0,5.0,11.0,0.0,0.0,1.0,11.0,2.0,0.0,7.0,11.0,0.0,0.0,0.0,7.0,13.0,16.0,15.0,4.0,0.0,9
0.0,0.0,1.0,11.0,15.0,6.0,0.0,0.0,0.0,2.0,15.0,10.0,16.0,15.0,0.0,0.0,0.0,1.0,14.0,5.0,6.0,11.0,0.0,0.0,0.0,0.0,5.0,14.0,14.0,3.0,0.0,0.0,0.0,0.0,1.0,14.0,16.0,6.0,0.0,0.0,0.0,0.0,10.0,8.0,6.0,15.0,1.0,0.0,0.0,0.0,9.0,9.0,4.0,16.0,3.0,0.0,0.0,0.0,1.0,15.0,15.0,6.0,0.0,0.0,8
0.0,0.0,0.0,7.0,8.0,0.0,0.0,0.0,0.0,0.0,0.0,15.0,2.0,0.0,3.0,1.0,0.0,0.0,8.0,10.0,0.0,2.0,16.0,2.0,0.0,1.0,15.0,4.0,3.0,9.0,12.0,0.0,0.0,8.0,16.0,16.0,16.0,16.0,6.0,0.0,0.0,1.0,4.0,3.0,9.0,14.0,0.0,0.0,0.0,0.0,0.0,0.0,15.0,3.0,0.0,0.0,0.0,0.0,0.0,9.0,10.0,0.0,0.0,0.0,4
0.0,0.0,3.0,15.0,4.0,0.0,0.0,0.0,0.0,0.0,0.0,15.0,11.0,0.0,0.0,0.0,0.0,0.0,0.0,15.0,16.0,2.0,0.0,0.0,0.0,0.0,0.0,14.0,16.0,8.0,0.0,0.0,0.0,0.0,0.0,7.0,13.0,14.0,0.0,0.0,0.0,0.0,0.0,0.0,4.0,16.0,4.0,0.0,0.0,0.0,3.0,9.0,13.0,16.0,12.0,5.0,0.0,0.0,3.0,15.0,16.0,16.0,16.0,16.0,1
0.0,0.0,7.0,16.0,14.0,13.0,10.0,0.0,0.0,0.0,10.0,12.0,10.0,16.0,4.0,0.0,0.0,0.0,15.0,5.0,8.0,13.0,0.0,0.0,0.0,1.0,7.0,1.0,16.0,3.0,0.0,0.0,0.0,2.0,11.0,13.0,16.0,12.0,6.0,0.0,0.0,4.0,12.0,15.0,14.0,11.0,2.0,0.0,0.0,0.0,3.0,16.0,3.0,0.0,0.0,0.0,0.0,0.0,9.0,13.0,0.0,0.0,0.0,0.0,7
0.0,0.0,0.0,15.0,16.0,16.0,12.0,4.0,0.0,0.0,4.0,14.0,0.0,10.0,12.0,0.0,0.0,0.0,8.0,7.0,1.0,15.0,4.0,0.0,0.0,0.0,0.0,0.0,8.0,12.0,0.0,0.0,0.0,0.0,1.0,8.0,14.0,12.0,3.0,0.0,0.0,0.0,6.0,13.0,16.0,13.0,2.0,0.0,0.0,0.0,0.0,10.0,10.0,0.0,0.0,0.0,0.0,0.0,2.0,16.0,2.0,0.0,0.0,0.0,7
0.0,1.0,10.0,16.0,15.0,1.0,0.0,0.0,0.0,3.0,15.0,10.0,16.0,4.0,0.0,0.0,0.0,0.0,1.0,11.0,15.0,0.0,0.0,0.0,0.0,0.0,12.0,16.0,15.0,3.0,0.0,0.0,0.0,0.0,0.0,1.0,11.0,15.0,1.0,0.0,0.0,8.0,3.0,0.0,3.0,16.0,7.0,0.0,0.0,13.0,15.0,6.0,8.0,16.0,6.0,0.0,0.0,0.0,12.0,16.0,16.0,7.0,0.0,0.0,3
0.0,3.0,16.0,16.0,16.0,2.0,0.0,0.0,0.0,4.0,14.0,10.0,5.0,0.0,0.0,0.0,0.0,6.0,16.0,16.0,10.0,3.0,0.0,0.0,0.0,4.0,15.0,12.0,14.0,13.0,0.0,0.0,0.0,0.0,2.0,0.0,1.0,15.0,8.0,0.0,0.0,0.0,0.0,0.0,0.0,8.0,13.0,0.0,0.0,3.0,16.0,10.0,7.0,9.0,16.0,0.0,0.0,3.0,13.0,15.0,16.0,16.0,8.0,0.0,5
0.0,0.0,10.0,9.0,0.0,0.0,0.0,0.0,0.0,0.0,8.0,16.0,2.0,0.0,0.0,0.0,0.0,0.0,8.0,16.0,6.0,0.0,0.0,0.0,0.0,0.0,5.0,16.0,13.0,1.0,0.0,0.0,0.0,0.0,1.0,5.0,14.0,6.0,0.0,0.0,0.0,0.0,0.0,0.0,8.0,11.0,0.0,0.0,0.0,0.0,8.0,12.0,9.0,16.0,6.0,4.0,0.0,0.0,7.0,16.0,16.0,16.0,16.0,14.0,1
0.0,3.0,15.0,16.0,7.0,0.0,0.0,0.0,0.0,12.0,13.0,11.0,16.0,0.0,0.0,0.0,0.0,12.0,5.0,4.0,16.0,0.0,0.0,0.0,0.0,0.0,0.0,3.0,16.0,4.0,0.0,0.0,0.0,0.0,0.0,6.0,16.0,3.0,0.0,0.0,0.0,0.0,0.0,11.0,16.0,0.0,0.0,0.0,0.0,1.0,12.0,16.0,14.0,8.0,5.0,0.0,0.0,2.0,13.0,16.0,16.0,16.0,16.0,2.0,2
0.0,0.0,7.0,16.0,16.0,16.0,8.0,0.0,0.0,0.0,10.0,12.0,10.0,16.0,2.0,0.0,0.0,0.0,13.0,6.0,7.0,13.0,0.0,0.0,0.0,0.0,10.0,1.0,13.0,5.0,0.0,0.0,0.0,0.0,9.0,10.0,16.0,8.0,3.0,0.0,0.0,1.0,12.0,15.0,16.0,16.0,5.0,0.0,0.0,0.0,1.0,16.0,2.0,3.0,0.0,0.0,0.0,0.0,9.0,14.0,0.0,0.0,0.0,0.0,7
0.0,0.0,7.0,14.0,12.0,1.0,0.0,0.0,0.0,7.0,14.0,5.0,8.0,10.0,0.0,0.0,0.0,8.0,11.0,1.0,7.0,10.0,0.0,0.0,0.0,1.0,9.0,16.0,15.0,4.0,0.0,0.0,0.0,0.0,1.0,14.0,14.0,12.0,0.0,0.0,0.0,0.0,7.0,11.0,0.0,12.0,7.0,0.0,0.0,0.0,11.0,5.0,0.0,11.0,8.0,0.0,0.0,0.0,4.0,14.0,16.0,12.0,1.0,0.0,8
0.0,1.0,13.0,16.0,7.0,0.0,0.0,0.0,0.0,5.0,16.0,12.0,15.0,3.0,0.0,0.0,0.0,0.0,9.0,6.0,15.0,9.0,0.0,0.0,0.0,0.0,0.0,0.0,14.0,10.0,0.0,0.0,0.0,0.0,0.0,0.0,14.0,11.0,0.0,0.0,0.0,0.0,0.0,8.0,16.0,4.0,1.0,0.0,0.0,0.0,9.0,16.0,16.0,6.0,16.0,5.0,0.0,0.0,8.0,12.0,13.0,16.0,16.0,11.0,2
0.0,0.0,3.0,12.0,9.0,0.0,0.0,0.0,0.0,0.0,12.0,12.0,11.0,13.0,0.0,0.0,0.0,2.0,15.0,2.0,0.0,12.0,5.0,0.0,0.0,4.0,8.0,0.0,0.0,6.0,8.0,0.0,0.0,8.0,7.0,0.0,0.0,4.0,8.0,0.0,0.0,7.0,7.0,0.0,0.0,9.0,7.0,0.0,0.0,3.0,13.0,4.0,7.0,16.0,2.0,0.0,0.0,0.0,6.0,16.0,15.0,5.0,0.0,0.0,0
0.0,0.0,8.0,6.0,0.0,0.0,0.0,0.0,0.0,0.0,6.0,14.0,0.0,0.0,0.0,0.0,0.0,0.0,6.0,16.0,3.0,0.0,0.0,0.0,0.0,0.0,10.0,16.0,9.0,0.0,0.0,0.0,0.0,0.0,1.0,6.0,16.0,2.0,0.0,0.0,0.0,0.0,0.0,0.0,13.0,7.0,0.0,0.0,0.0,0.0,4.0,8.0,14.0,14.0,8.0,4.0,0.0,0.0,9.0,16.0,16.0,16.0,16.0,13.0,1
0.0,0.0,11.0,16.0,7.0,0.0,0.0,0.0,0.0,1.0,16.0,11.0,15.0,0.0,0.0,0.0,0.0,2.0,16.0,5.0,16.0,4.0,0.0,0.0,0.0,0.0,2.0,2.0,16.0,3.0,0.0,0.0,0.0,0.0,0.0,5.0,16.0,0.0,0.0,0.0,0.0,0.0,0.0,9.0,14.0,0.0,0.0,0.0,0.0,0.0,9.0,16.0,14.0,7.0,6.0,0.0,0.0,0.0,13.0,14.0,14.0,16.0,16.0,6.0,2
0.0,0.0,2.0,12.0,9.0,0.0,0.0,0.0,0.0,0.0,12.0,10.0,1.0,0.0,0.0,0.0,0.0,4.0,14.0,0.0,0.0,0.0,0.0,0.0,0.0,8.0,9.0,0.0,0.0,0.0,0.0,0.0,0.0,8.0,9.0,5.0,11.0,8.0,0.0,0.0,0.0,4.0,16.0,14.0,6.0,12.0,5.0,0.0,0.0,0.0,13.0,7.0,0.0,10.0,8.0,0.0,0.0,0.0,3.0,14.0,16.0,16.0,5.0,0.0,6
0.0,0.0,8.0,15.0,11.0,1.0,0.0,0.0,0.0,0.0,10.0,4.0,10.0,6.0,0.0,0.0,0.0,0.0,0.0,1.0,13.0,6.0,0.0,0.0,0.0,0.0,0.0,15.0,16.0,2.0,0.0,0.0,0.0,0.0,0.0,4.0,8.0,15.0,1.0,0.0,0.0,1.0,1.0,0.0,0.0,9.0,7.0,0.0,0.0,4.0,13.0,5.0,3.0,10.0,8.0,0.0,0.0,0.0,7.0,14.0,16.0,15.0,2.0,0.0,3
0.0,0.0,8.0,12.0,13.0,5.0,0.0,0.0,0.0,4.0,13.0,4.0,9.0,11.0,0.0,0.0,0.0,0.0,0.0,6.0,13.0,4.0,0.0,0.0,0.0,0.0,0.0,10.0,15.0,4.0,0.0,0.0,0.0,0.0,0.0,0.0,4.0,15.0,2.0,0.0,0.0,7.0,8.0,0.0,0.0,12.0,7.0,0.0,0.0,8.0,9.0,1.0,3.0,16.0,3.0,0.0,0.0,0.0,10.0,16.0,16.0,6.0,0.0,0.0,3
0.0,0.0,4.0,15.0,16.0,16.0,16.0,1.0,0.0,0.0,10.0,13.0,8.0,15.0,8.0,0.0,0.0,0.0,14.0,5.0,3.0,16.0,2.0,0.0,0.0,0.0,1.0,0.0,12.0,11.0,0.0,0.0,0.0,0.0,2.0,5.0,16.0,9.0,1.0,0.0,0.0,0.0,15.0,16.0,16.0,14.0,3.0,0.0,0.0,0.0,1.0,15.0,9.0,0.0,0.0,0.0,0.0,0.0,7.0,14.0,2.0,0.0,0.0,0.0,7
0.0,0.0,1.0,14.0,16.0,8.0,0.0,0.0,0.0,0.0,2.0,10.0,5.0,14.0,0.0,0.0,0.0,0.0,0.0,2.0,7.0,15.0,0.0,0.0,0.0,0.0,0.0,6.0,16.0,10.0,0.0,0.0,0.0,0.0,0.0,0.0,3.0,14.0,4.0,0.0,0.0,0.0,13.0,0.0,0.0,4.0,12.0,0.0,0.0,0.0,13.0,6.0,4.0,8.0,13.0,0.0,0.0,0.0,0.0,12.0,16.0,15.0,6.0,0.0,3
0.0,0.0,7.0,16.0,12.0,1.0,0.0,0.0,0.0,0.0,16.0,11.0,16.0,8.0,0.0,0.0,0.0,0.0,3.0,9.0,16.0,6.0,0.0,0.0,0.0,0.0,0.0,13.0,16.0,15.0,1.0,0.0,0.0,0.0,1.0,2.0,5.0,14.0,8.0,0.0,0.0,5.0,14.0,0.0,0.0,9.0,15.0,0.0,0.0,4.0,16.0,7.0,6.0,13.0,14.0,0.0,0.0,0.0,7.0,16.0,16.0,16.0,4.0,0.0,3
0.0,0.0,0.0,0.0,10.0,0.0,0.0,0.0,0.0,0.0,0.0,10.0,8.0,0.0,8.0,0.0,0.0,0.0,4.0,13.0,2.0,2.0,14.0,0.0,0.0,2.0,14.0,12.0,7.0,8.0,10.0,0.0,0.0,9.0,16.0,16.0,16.0,16.0,7.0,0.0,0.0,0.0,0.0,0.0,5.0,15.0,1.0,0.0,0.0,0.0,0.0,0.0,8.0,12.0,0.0,0.0,0.0,0.0,0.0,0.0,16.0,8.0,0.0,0.0,4
0.0,0.0,1.0,9.0,13.0,1.0,0.0,0.0,0.0,1.0,12.0,14.0,5.0,0.0,0.0,0.0,0.0,2.0,16.0,5.0,0.0,0.0,0.0,0.0,0.0,5.0,15.0,0.0,3.0,0.0,0.0,0.0,0.0,3.0,16.0,16.0,16.0,15.0,3.0,0.0,0.0,2.0,16.0,11.0,1.0,9.0,11.0,0.0,0.0,0.0,11.0,13.0,6.0,12.0,11.0,0.0,0.0,0.0,0.0,6.0,16.0,15.0,2.0,0.0,6
0.0,0.0,2.0,14.0,10.0,0.0,0.0,0.0,0.0,0.0,12.0,10.0,0.0,0.0,0.0,0.0,0.0,2.0,15.0,2.0,0.0,0.0,0.0,0.0,0.0,7.0,12.0,1.0,4.0,6.0,0.0,0.0,0.0,7.0,16.0,16.0,15.0,15.0,8.0,0.0,0.0,0.0,16.0,13.0,0.0,4.0,12.0,0.0,0.0,0.0,10.0,12.0,4.0,8.0,15.0,0.0,0.0,0.0,2.0,11.0,16.0,15.0,5.0,0.0,6
0.0,0.0,1.0,11.0,10.0,0.0,0.0,0.0,0.0,0.0,13.0,10.0,0.0,0.0,0.0,0.0,0.0,3.0,13.0,0.0,0.0,0.0,0.0,0.0,0.0,5.0,11.0,0.0,0.0,0.0,0.0,0.0,0.0,5.0,14.0,12.0,12.0,7.0,0.0,0.0,0.0,0.0,16.0,12.0,5.0,11.0,10.0,0.0,0.0,0.0,10.0,11.0,4.0,10.0,12.0,0.0,0.0,0.0,1.0,12.0,16.0,12.0,3.0,0.0,6
0.0,0.0,0.0,3.0,16.0,2.0,0.0,0.0,0.0,0.0,0.0,10.0,13.0,3.0,8.0,0.0,0.0,0.0,1.0,16.0,5.0,9.0,16.0,0.0,0.0,2.0,12.0,14.0,5.0,15.0,9.0,0.0,0.0,12.0,16.0,16.0,16.0,16.0,7.0,0.0,0.0,5.0,5.0,6.0,14.0,16.0,0.0,0.0,0.0,0.0,0.0,1.0,13.0,12.0,0.0,0.0,0.0,0.0,0.0,3.0,16.0,4.0,0.0,0.0,4
0.0,0.0,5.0,15.0,14.0,3.0,0.0,0.0,0.0,2.0,14.0,7.0,4.0,13.0,0.0,0.0,0.0,2.0,15.0,5.0,5.0,16.0,1.0,0.0,0.0,0.0,7.0,15.0,16.0,16.0,3.0,0.0,0.0,0.0,0.0,1.0,3.0,7.0,10.0,0.0,0.0,0.0,0.0,0.0,0.0,2.0,14.0,0.0,0.0,0.0,8.0,9.0,4.0,2.0,16.0,1.0,0.0,0.0,4.0,11.0,13.0,16.0,11.0,0.0,9
0.0,0.0,5.0,15.0,2.0,0.0,0.0,0.0,0.0,0.0,1.0,16.0,8.0,0.0,0.0,0.0,0.0,0.0,0.0,14.0,12.0,0.0,0.0,0.0,0.0,0.0,2.0,16.0,16.0,3.0,0.0,0.0,0.0,0.0,2.0,9.0,14.0,6.0,0.0,0.0,0.0,0.0,0.0,0.0,6.0,13.0,0.0,0.0,0.0,0.0,2.0,10.0,12.0,16.0,4.0,4.0,0.0,0.0,4.0,15.0,16.0,16.0,16.0,16.0,1
0.0,0.0,12.0,12.0,14.0,15.0,1.0,0.0,0.0,1.0,15.0,11.0,6.0,5.0,0.0,0.0,0.0,6.0,15.0,12.0,4.0,0.0,0.0,0.0,0.0,6.0,11.0,8.0,13.0,6.0,0.0,0.0,0.0,0.0,0.0,0.0,1.0,13.0,0.0,0.0,0.0,0.0,0.0,0.0,0.0,9.0,3.0,0.0,0.0,2.0,6.0,1.0,6.0,14.0,3.0,0.0,0.0,1.0,11.0,16.0,13.0,8.0,0.0,0.0,5
0.0,0.0,8.0,14.0,11.0,2.0,0.0,0.0,0.0,6.0,16.0,7.0,6.0,13.0,1.0,0.0,0.0,8.0,11.0,0.0,0.0,10.0,4.0,0.0,0.0,7.0,8.0,0.0,0.0,5.0,7.0,0.0,0.0,8.0,4.0,0.0,0.0,7.0,8.0,0.0,0.0,2.0,10.0,0.0,0.0,7.0,10.0,0.0,0.0,0.0,14.0,3.0,4.0,15.0,3.0,0.0,0.0,0.0,5.0,16.0,16.0,7.0,0.0,0.0,0
0.0,0.0,8.0,16.0,11.0,1.0,0.0,0.0,0.0,0.0,14.0,2.0,5.0,9.0,0.0,0.0,0.0,0.0,14.0,1.0,5.0,12.0,0.0,0.0,0.0,0.0,6.0,16.0,16.0,14.0,1.0,0.0,0.0,0.0,0.0,3.0,7.0,10.0,7.0,0.0,0.0,0.0,0.0,0.0,0.0,4.0,12.0,0.0,0.0,0.0,6.0,1.0,0.0,2.0,14.0,0.0,0.0,0.0,9.0,16.0,16.0,16.0,12.0,0.0,9
0.0,0.0,12.0,9.0,9.0,8.0,1.0,0.0,0.0,2.0,15.0,8.0,8.0,8.0,2.0,0.0,0.0,8.0,12.0,8.0,5.0,0.0,0.0,0.0,0.0,8.0,15.0,9.0,14.0,9.0,0.0,0.0,0.0,2.0,1.0,0.0,1.0,14.0,3.0,0.0,0.0,0.0,0.0,0.0,0.0,6.0,11.0,0.0,0.0,1.0,8.0,4.0,5.0,14.0,9.0,0.0,0.0,1.0,11.0,16.0,12.0,7.0,0.0,0.0,5
0.0,1.0,14.0,16.0,12.0,0.0,0.0,0.0,0.0,5.0,16.0,9.0,16.0,6.0,0.0,0.0,0.0,3.0,11.0,0.0,14.0,9.0,0.0,0.0,0.0,0.0,0.0,0.0,10.0,10.0,0.0,0.0,0.0,0.0,0.0,0.0,14.0,10.0,0.0,0.0,0.0,0.0,0.0,10.0,16.0,5.0,0.0,0.0,0.0,2.0,15.0,16.0,14.0,8.0,12.0,2.0,0.0,0.0,11.0,16.0,16.0,16.0,15.0,5.0,2
0.0,0.0,5.0,12.0,16.0,15.0,2.0,0.0,0.0,6.0,15.0,9.0,10.0,15.0,4.0,0.0,0.0,3.0,14.0,3.0,1.0,14.0,4.0,0.0,0.0,0.0,10.0,16.0,15.0,13.0,1.0,0.0,0.0,0.0,6.0,15.0,15.0,10.0,0.0,0.0,0.0,0.0,15.0,3.0,2.0,15.0,3.0,0.0,0.0,0.0,16.0,8.0,1.0,14.0,4.0,0.0,0.0,0.0,4.0,15.0,16.0,11.0,2.0,0.0,8
0.0,0.0,13.0,16.0,11.0,0.0,0.0,0.0,0.0,2.0,16.0,11.0,16.0,4.0,0.0,0.0,0.0,0.0,14.0,9.0,15.0,9.0,0.0,0.0,0.0,0.0,0.0,2.0,16.0,8.0,0.0,0.0,0.0,0.0,0.0,4.0,16.0,4.0,0.0,0.0,0.0,0.0,0.0,9.0,16.0,1.0,0.0,0.0,0.0,0.0,9.0,16.0,15.0,8.0,11.0,5.0,0.0,0.0,9.0,12.0,13.0,16.0,16.0,11.0,2
0.0,0.0,10.0,10.0,12.0,7.0,0.0,0.0,0.0,0.0,15.0,13.0,5.0,12.0,5.0,0.0,0.0,4.0,13.0,4.0,0.0,2.0,8.0,0.0,0.0,8.0,4.0,0.0,0.0,3.0,8.0,0.0,0.0,8.0,4.0,0.0,0.0,7.0,5.0,0.0,0.0,6.0,6.0,0.0,0.0,11.0,2.0,0.0,0.0,1.0,13.0,3.0,3.0,12.0,0.0,0.0,0.0,0.0,7.0,15.0,16.0,7.0,0.0,0.0,0
0.0,0.0,10.0,7.0,3.0,0.0,0.0,0.0,0.0,1.0,15.0,12.0,14.0,6.0,0.0,0.0,0.0,5.0,12.0,0.0,2.0,13.0,0.0,0.0,0.0,4.0,12.0,0.0,0.0,4.0,7.0,0.0,0.0,8.0,5.0,0.0,0.0,4.0,8.0,0.0,0.0,5.0,8.0,0.0,0.0,5.0,10.0,0.0,0.0,0.0,14.0,3.0,4.0,14.0,6.0,0.0,0.0,0.0,7.0,16.0,16.0,10.0,0.0,0.0,0
0.0,0.0,8.0,11.0,0.0,0.0,0.0,0.0,0.0,0.0,7.0,16.0,3.0,0.0,0.0,0.0,0.0,0.0,6.0,16.0,10.0,0.0,0.0,0.0,0.0,0.0,10.0,16.0,15.0,1.0,0.0,0.0,0.0,0.0,0.0,2.0,16.0,2.0,0.0,0.0,0.0,0.0,0.0,0.0,15.0,9.0,0.0,0.0,0.0,0.0,6.0,12.0,16.0,15.0,8.0,5.0,0.0,0.0,4.0,15.0,16.0,16.0,16.0,16.0,1
0.0,0.0,3.0,16.0,12.0,12.0,7.0,0.0,0.0,0.0,12.0,13.0,13.0,16.0,6.0,0.0,0.0,0.0,2.0,0.0,6.0,14.0,0.0,0.0,0.0,0.0,1.0,4.0,13.0,10.0,1.0,0.0,0.0,0.0,9.0,16.0,16.0,16.0,8.0,0.0,0.0,0.0,4.0,12.0,12.0,7.0,1.0,0.0,0.0,0.0,0.0,14.0,6.0,0.0,0.0,0.0,0.0,0.0,4.0,16.0,2.0,0.0,0.0,0.0,7
0.0,0.0,1.0,12.0,9.0,0.0,0.0,0.0,0.0,0.0,11.0,10.0,2.0,0.0,0.0,0.0,0.0,4.0,14.0,0.0,0.0,0.0,0.0,0.0,0.0,5.0,9.0,0.0,0.0,0.0,0.0,0.0,0.0,8.0,10.0,11.0,16.0,14.0,1.0,0.0,0.0,2.0,16.0,10.0,3.0,7.0,11.0,0.0,0.0,0.0,13.0,8.0,1.0,8.0,12.0,0.0,0.0,0.0,2.0,12.0,16.0,15.0,5.0,0.0,6
0.0,0.0,3.0,15.0,16.0,12.0,0.0,0.0,0.0,0.0,6.0,16.0,6.0,14.0,6.0,0.0,0.0,0.0,0.0,3.0,1.0,15.0,6.0,0.0,0.0,0.0,0.0,1.0,14.0,16.0,3.0,0.0,0.0,5.0,8.0,2.0,13.0,16.0,3.0,0.0,0.0,5.0,16.0,0.0,0.0,9.0,13.0,0.0,0.0,1.0,15.0,11.0,8.0,12.0,16.0,1.0,0.0,0.0,3.0,14.0,16.0,16.0,9.0,0.0,3
0.0,3.0,15.0,15.0,3.0,0.0,0.0,0.0,0.0,8.0,14.0,12.0,10.0,0.0,0.0,0.0,0.0,5.0,11.0,6.0,14.0,0.0,0.0,0.0,0.0,0.0,0.0,7.0,14.0,0.0,0.0,0.0,0.0,0.0,0.0,10.0,12.0,0.0,0.0,0.0,0.0,0.0,0.0,15.0,9.0,0.0,0.0,0.0,0.0,1.0,11.0,16.0,12.0,8.0,5.0,0.0,0.0,5.0,16.0,16.0,16.0,16.0,16.0,0.0,2
0.0,0.0,11.0,10.0,0.0,0.0,0.0,0.0,0.0,0.0,13.0,15.0,0.0,0.0,0.0,0.0,0.0,0.0,12.0,16.0,5.0,0.0,0.0,0.0,0.0,1.0,15.0,16.0,5.0,0.0,0.0,0.0,0.0,0.0,3.0,13.0,10.0,0.0,0.0,0.0,0.0,0.0,0.0,10.0,14.0,0.0,0.0,0.0,0.0,0.0,5.0,11.0,16.0,9.0,5.0,1.0,0.0,0.0,12.0,16.0,16.0,16.0,16.0,12.0,1
0.0,0.0,0.0,4.0,15.0,2.0,0.0,0.0,0.0,0.0,0.0,13.0,13.0,0.0,0.0,0.0,0.0,0.0,3.0,16.0,6.0,0.0,10.0,1.0,0.0,0.0,12.0,12.0,1.0,7.0,15.0,1.0,0.0,5.0,16.0,3.0,0.0,14.0,10.0,0.0,2.0,16.0,13.0,8.0,8.0,16.0,3.0,0.0,8.0,16.0,16.0,16.0,16.0,13.0,0.0,0.0,0.0,0.0,0.0,7.0,16.0,6.0,0.0,0.0,4
0.0,0.0,0.0,6.0,14.0,3.0,0.0,0.0,0.0,0.0,5.0,15.0,7.0,1.0,0.0,0.0,0.0,0.0,10.0,10.0,0.0,0.0,0.0,0.0,0.0,0.0,12.0,5.0,0.0,0.0,0.0,0.0,0.0,0.0,14.0,16.0,16.0,11.0,2.0,0.0,0.0,2.0,16.0,13.0,3.0,8.0,12.0,0.0,0.0,0.0,8.0,15.0,5.0,4.0,16.0,2.0,0.0,0.0,0.0,4.0,14.0,16.0,13.0,0.0,6
0.0,0.0,6.0,14.0,13.0,3.0,0.0,0.0,0.0,0.0,12.0,2.0,3.0,14.0,0.0,0.0,0.0,0.0,0.0,0.0,8.0,13.0,0.0,0.0,0.0,0.0,0.0,12.0,16.0,3.0,0.0,0.0,0.0,0.0,0.0,0.0,8.0,13.0,1.0,0.0,0.0,1.0,7.0,0.0,0.0,7.0,11.0,0.0,0.0,3.0,13.0,2.0,0.0,7.0,13.0,0.0,0.0,0.0,5.0,14.0,14.0,15.0,6.0,0.0,3
0.0,0.0,10.0,13.0,1.0,0.0,0.0,0.0,0.0,0.0,7.0,16.0,5.0,0.0,0.0,0.0,0.0,0.0,6.0,16.0,6.0,0.0,0.0,0.0,0.0,0.0,6.0,16.0,13.0,0.0,0.0,0.0,0.0,0.0,0.0,6.0,16.0,2.0,0.0,0.0,0.0,0.0,0.0,3.0,16.0,8.0,0.0,0.0,0.0,0.0,7.0,11.0,16.0,14.0,9.0,4.0,0.0,0.0,6.0,15.0,13.0,14.0,16.0,15.0,1
0.0,0.0,2.0,15.0,16.0,9.0,0.0,0.0,0.0,0.0,3.0,13.0,11.0,16.0,0.0,0.0,0.0,0.0,0.0,2.0,13.0,12.0,0.0,0.0,0.0,0.0,0.0,9.0,16.0,11.0,0.0,0.0,0.0,3.0,3.0,1.0,6.0,15.0,8.0,0.0,0.0,11.0,13.0,0.0,0.0,10.0,12.0,0.0,0.0,3.0,16.0,12.0,7.0,16.0,8.0,0.0,0.0,0.0,3.0,15.0,16.0,10.0,0.0,0.0,3
0.0,0.0,3.0,13.0,13.0,3.0,0.0,0.0,0.0,0.0,12.0,7.0,3.0,13.0,0.0,0.0,0.0,0.0,16.0,0.0,5.0,12.0,0.0,0.0,0.0,0.0,10.0,13.0,14.0,16.0,2.0,0.0,0.0,0.0,1.0,7.0,6.0,13.0,4.0,0.0,0.0,1.0,4.0,0.0,0.0,5.0,11.0,0.0,0.0,2.0,14.0,6.0,2.0,9.0,11.0,0.0,0.0,0.0,4.0,10.0,16.0,16.0,4.0,0.0,9
0.0,0.0,2.0,13.0,1.0,0.0,0.0,0.0,0.0,0.0,0.0,15.0,6.0,0.0,0.0,0.0,0.0,0.0,0.0,15.0,10.0,0.0,0.0,0.0,0.0,0.0,0.0,13.0,16.0,1.0,0.0,0.0,0.0,0.0,0.0,6.0,15.0,6.0,0.0,0.0,0.0,0.0,0.0,0.0,12.0,9.0,0.0,0.0,0.0,0.0,5.0,12.0,14.0,16.0,9.0,2.0,0.0,0.0,2.0,12.0,12.0,12.0,13.0,8.0,1
0.0,0.0,4.0,15.0,14.0,12.0,11.0,0.0,0.0,0.0,7.0,15.0,13.0,16.0,10.0,0.0,0.0,0.0,10.0,7.0,6.0,16.0,2.0,0.0,0.0,0.0,7.0,1.0,12.0,12.0,0.0,0.0,0.0,0.0,5.0,8.0,16.0,12.0,1.0,0.0,0.0,4.0,16.0,16.0,16.0,14.0,2.0,0.0,0.0,0.0,0.0,15.0,9.0,1.0,0.0,0.0,0.0,0.0,5.0,15.0,2.0,0.0,0.0,0.0,7
0.0,0.0,0.0,5.0,12.0,12.0,0.0,0.0,0.0,0.0,5.0,16.0,6.0,1.0,0.0,0.0,0.0,0.0,15.0,5.0,0.0,0.0,0.0,0.0,0.0,5.0,13.0,2.0,7.0,4.0,0.0,0.0,0.0,7.0,15.0,16.0,13.0,15.0,3.0,0.0,0.0,3.0,16.0,9.0,0.0,1.0,12.0,0.0,0.0,0.0,10.0,12.0,2.0,6.0,13.0,0.0,0.0,0.0,0.0,8.0,15.0,16.0,5.0,0.0,6
0.0,0.0,3.0,11.0,16.0,15.0,0.0,0.0,0.0,0.0,15.0,16.0,5.0,13.0,0.0,0.0,0.0,2.0,16.0,9.0,0.0,12.0,0.0,0.0,0.0,1.0,9.0,15.0,10.0,10.0,0.0,0.0,0.0,0.0,0.0,6.0,16.0,12.0,1.0,0.0,0.0,0.0,2.0,14.0,2.0,16.0,5.0,0.0,0.0,0.0,8.0,10.0,1.0,14.0,4.0,0.0,0.0,0.0,3.0,15.0,16.0,9.0,0.0,0.0,8
0.0,0.0,0.0,1.0,15.0,3.0,0.0,0.0,0.0,0.0,0.0,8.0,13.0,0.0,9.0,7.0,0.0,0.0,2.0,15.0,4.0,0.0,15.0,5.0,0.0,2.0,13.0,14.0,11.0,10.0,15.0,0.0,0.0,11.0,15.0,13.0,16.0,16.0,10.0,0.0,0.0,0.0,0.0,0.0,3.0,16.0,5.0,0.0,0.0,0.0,0.0,0.0,9.0,14.0,0.0,0.0,0.0,0.0,0.0,2.0,16.0,6.0,0.0,0.0,4
0.0,0.0,9.0,15.0,14.0,2.0,0.0,0.0,0.0,0.0,9.0,3.0,9.0,8.0,0.0,0.0,0.0,0.0,0.0,0.0,6.0,10.0,0.0,0.0,0.0,0.0,0.0,10.0,15.0,2.0,0.0,0.0,0.0,0.0,2.0,10.0,11.0,15.0,2.0,0.0,0.0,3.0,1.0,0.0,0.0,14.0,4.0,0.0,0.0,10.0,13.0,7.0,2.0,12.0,4.0,0.0,0.0,0.0,7.0,14.0,16.0,10.0,0.0,0.0,3
0.0,0.0,1.0,14.0,2.0,0.0,0.0,0.0,0.0,0.0,0.0,16.0,5.0,0.0,0.0,0.0,0.0,0.0,0.0,14.0,10.0,0.0,0.0,0.0,0.0,0.0,0.0,11.0,16.0,1.0,0.0,0.0,0.0,0.0,0.0,3.0,14.0,6.0,0.0,0.0,0.0,0.0,0.0,0.0,8.0,12.0,0.0,0.0,0.0,0.0,10.0,14.0,13.0,16.0,8.0,3.0,0.0,0.0,2.0,11.0,12.0,15.0,16.0,15.0,1
0.0,0.0,0.0,1.0,15.0,2.0,0.0,0.0,0.0,0.0,0.0,5.0,15.0,0.0,4.0,0.0,0.0,0.0,0.0,13.0,8.0,1.0,16.0,3.0,0.0,0.0,5.0,15.0,2.0,5.0,15.0,0.0,0.0,5.0,15.0,16.0,16.0,16.0,8.0,0.0,0.0,14.0,12.0,12.0,14.0,16.0,2.0,0.0,0.0,0.0,0.0,0.0,12.0,12.0,0.0,0.0,0.0,0.0,0.0,2.0,16.0,5.0,0.0,0.0,4
0.0,0.0,6.0,16.0,12.0,1.0,0.0,0.0,0.0,3.0,16.0,5.0,9.0,13.0,0.0,0.0,0.0,5.0,12.0,0.0,0.0,12.0,6.0,0.0,0.0,8.0,14.0,2.0,0.0,7.0,8.0,0.0,0.0,7.0,12.0,2.0,0.0,4.0,8.0,0.0,0.0,4.0,12.0,0.0,0.0,9.0,7.0,0.0,0.0,3.0,16.0,5.0,7.0,14.0,2.0,0.0,0.0,0.0,7.0,16.0,13.0,3.0,0.0,0.0,0
0.0,3.0,10.0,11.0,12.0,12.0,6.0,0.0,0.0,8.0,14.0,11.0,8.0,8.0,4.0,0.0,0.0,8.0,10.0,7.0,3.0,0.0,0.0,0.0,0.0,8.0,16.0,14.0,15.0,4.0,0.0,0.0,0.0,2.0,2.0,0.0,6.0,9.0,0.0,0.0,0.0,0.0,0.0,0.0,4.0,12.0,0.0,0.0,0.0,1.0,8.0,4.0,10.0,10.0,0.0,0.0,0.0,2.0,15.0,16.0,13.0,2.0,0.0,0.0,5
0.0,0.0,14.0,16.0,15.0,3.0,0.0,0.0,0.0,0.0,6.0,5.0,13.0,8.0,0.0,0.0,0.0,0.0,0.0,8.0,16.0,5.0,0.0,0.0,0.0,0.0,0.0,11.0,16.0,10.0,0.0,0.0,0.0,1.0,3.0,0.0,4.0,15.0,8.0,0.0,0.0,6.0,15.0,0.0,0.0,9.0,15.0,0.0,0.0,5.0,16.0,5.0,6.0,14.0,14.0,0.0,0.0,1.0,11.0,16.0,16.0,14.0,2.0,0.0,3
0.0,0.0,2.0,14.0,5.0,0.0,0.0,0.0,0.0,0.0,9.0,12.0,0.0,0.0,0.0,0.0,0.0,1.0,15.0,1.0,0.0,0.0,0.0,0.0,0.0,3.0,15.0,0.0,0.0,0.0,0.0,0.0,0.0,6.0,16.0,16.0,16.0,13.0,1.0,0.0,0.0,2.0,16.0,8.0,4.0,7.0,11.0,0.0,0.0,0.0,12.0,11.0,1.0,8.0,11.0,0.0,0.0,0.0,3.0,12.0,16.0,15.0,4.0,0.0,6
0.0,1.0,12.0,16.0,10.0,1.0,0.0,0.0,0.0,8.0,12.0,3.0,11.0,8.0,0.0,0.0,0.0,12.0,13.0,6.0,12.0,8.0,0.0,0.0,0.0,3.0,15.0,16.0,16.0,16.0,1.0,0.0,0.0,0.0,0.0,0.0,0.0,13.0,6.0,0.0,0.0,0.0,0.0,0.0,0.0,6.0,11.0,0.0,0.0,0.0,13.0,0.0,0.0,5.0,12.0,0.0,0.0,0.0,12.0,16.0,16.0,16.0,8.0,0.0,9
0.0,0.0,0.0,12.0,4.0,0.0,0.0,0.0,0.0,0.0,6.0,14.0,1.0,0.0,0.0,0.0,0.0,0.0,14.0,2.0,0.0,0.0,0.0,0.0,0.0,2.0,14.0,1.0,4.0,2.0,0.0,0.0,0.0,4.0,16.0,15.0,12.0,15.0,5.0,0.0,0.0,3.0,16.0,6.0,0.0,5.0,11.0,0.0,0.0,0.0,9.0,11.0,4.0,13.0,5.0,0.0,0.0,0.0,1.0,11.0,16.0,9.0,0.0,0.0,6
0.0,0.0,11.0,10.0,0.0,0.0,0.0,0.0,0.0,0.0,11.0,15.0,0.0,0.0,0.0,0.0,0.0,0.0,11.0,16.0,5.0,0.0,0.0,0.0,0.0,0.0,13.0,16.0,11.0,0.0,0.0,0.0,0.0,0.0,2.0,7.0,16.0,2.0,0.0,0.0,0.0,0.0,0.0,2.0,14.0,6.0,0.0,0.0,0.0,0.0,6.0,10.0,15.0,13.0,8.0,3.0,0.0,0.0,8.0,16.0,16.0,16.0,16.0,12.0,1
0.0,0.0,4.0,15.0,16.0,13.0,13.0,10.0,0.0,0.0,12.0,13.0,10.0,15.0,14.0,2.0,0.0,2.0,16.0,6.0,2.0,14.0,6.0,0.0,0.0,1.0,5.0,0.0,9.0,11.0,0.0,0.0,0.0,0.0,7.0,12.0,16.0,14.0,6.0,0.0,0.0,0.0,8.0,15.0,15.0,11.0,2.0,0.0,0.0,0.0,2.0,16.0,8.0,0.0,0.0,0.0,0.0,0.0,7.0,15.0,4.0,0.0,0.0,0.0,7
0.0,0.0,9.0,12.0,12.0,12.0,6.0,0.0,0.0,1.0,14.0,6.0,4.0,4.0,2.0,0.0,0.0,4.0,15.0,12.0,9.0,1.0,0.0,0.0,0.0,4.0,15.0,8.0,11.0,11.0,0.0,0.0,0.0,0.0,1.0,0.0,0.0,14.0,4.0,0.0,0.0,0.0,0.0,0.0,0.0,10.0,8.0,0.0,0.0,0.0,10.0,1.0,0.0,8.0,8.0,0.0,0.0,0.0,9.0,16.0,16.0,15.0,4.0,0.0,5
0.0,0.0,0.0,6.0,16.0,0.0,0.0,0.0,0.0,0.0,0.0,12.0,13.0,0.0,0.0,0.0,0.0,0.0,5.0,15.0,3.0,6.0,15.0,0.0,0.0,1.0,14.0,11.0,0.0,13.0,13.0,0.0,0.0,10.0,16.0,13.0,12.0,16.0,5.0,0.0,0.0,11.0,12.0,12.0,16.0,14.0,2.0,0.0,0.0,0.0,0.0,3.0,16.0,9.0,0.0,0.0,0.0,0.0,0.0,8.0,16.0,3.0,0.0,0.0,4
0.0,0.0,0.0,9.0,13.0,0.0,0.0,0.0,0.0,0.0,2.0,16.0,8.0,0.0,7.0,1.0,0.0,0.0,10.0,13.0,1.0,6.0,16.0,5.0,0.0,6.0,16.0,11.0,8.0,14.0,15.0,0.0,0.0,13.0,16.0,16.0,16.0,16.0,9.0,0.0,0.0,2.0,2.0,0.0,11.0,16.0,1.0,0.0,0.0,0.0,0.0,4.0,16.0,7.0,0.0,0.0,0.0,0.0,0.0,9.0,15.0,2.0,0.0,0.0,4
0.0,0.0,6.0,16.0,16.0,16.0,12.0,0.0,0.0,0.0,13.0,10.0,8.0,16.0,5.0,0.0,0.0,1.0,15.0,1.0,9.0,12.0,0.0,0.0,0.0,0.0,4.0,0.0,13.0,7.0,0.0,0.0,0.0,0.0,10.0,16.0,16.0,16.0,9.0,0.0,0.0,0.0,7.0,14.0,12.0,8.0,3.0,0.0,0.0,0.0,3.0,15.0,5.0,0.0,0.0,0.0,0.0,0.0,8.0,15.0,0.0,0.0,0.0,0.0,7
0.0,0.0,8.0,12.0,5.0,0.0,0.0,0.0,0.0,3.0,16.0,8.0,12.0,1.0,0.0,0.0,0.0,0.0,14.0,0.0,12.0,3.0,0.0,0.0,0.0,0.0,3.0,0.0,12.0,3.0,0.0,0.0,0.0,0.0,0.0,3.0,14.0,0.0,0.0,0.0,0.0,0.0,0.0,5.0,12.0,0.0,0.0,0.0,0.0,0.0,5.0,16.0,6.0,4.0,4.0,0.0,0.0,0.0,14.0,16.0,16.0,16.0,14.0,0.0,2
0.0,0.0,10.0,16.0,8.0,0.0,0.0,0.0,0.0,7.0,13.0,4.0,14.0,7.0,0.0,0.0,0.0,7.0,13.0,2.0,7.0,8.0,0.0,0.0,0.0,0.0,7.0,16.0,16.0,5.0,0.0,0.0,0.0,1.0,12.0,13.0,15.0,6.0,0.0,0.0,0.0,3.0,16.0,2.0,4.0,13.0,6.0,0.0,0.0,4.0,16.0,4.0,1.0,11.0,12.0,0.0,0.0,0.0,7.0,15.0,16.0,14.0,2.0,0.0,8
0.0,0.0,9.0,16.0,7.0,0.0,0.0,0.0,0.0,0.0,14.0,13.0,16.0,2.0,0.0,0.0,0.0,0.0,7.0,9.0,15.0,8.0,0.0,0.0,0.0,0.0,0.0,1.0,13.0,9.0,0.0,0.0,0.0,0.0,0.0,0.0,14.0,7.0,0.0,0.0,0.0,0.0,0.0,4.0,16.0,5.0,0.0,0.0,0.0,0.0,7.0,16.0,16.0,8.0,6.0,0.0,0.0,0.0,9.0,15.0,12.0,16.0,16.0,9.0,2
0.0,3.0,15.0,16.0,8.0,0.0,0.0,0.0,0.0,9.0,16.0,11.0,15.0,2.0,0.0,0.0,0.0,11.0,10.0,4.0,16.0,2.0,0.0,0.0,0.0,2.0,4.0,6.0,16.0,1.0,0.0,0.0,0.0,0.0,0.0,10.0,13.0,0.0,0.0,0.0,0.0,0.0,2.0,14.0,13.0,0.0,0.0,0.0,0.0,3.0,16.0,16.0,16.0,16.0,13.0,1.0,0.0,3.0,16.0,12.0,8.0,12.0,11.0,1.0,2
0.0,0.0,7.0,12.0,13.0,4.0,0.0,0.0,0.0,0.0,16.0,6.0,6.0,2.0,0.0,0.0,0.0,4.0,13.0,7.0,8.0,2.0,0.0,0.0,0.0,7.0,16.0,10.0,10.0,14.0,1.0,0.0,0.0,2.0,2.0,0.0,0.0,10.0,6.0,0.0,0.0,0.0,0.0,0.0,0.0,8.0,8.0,0.0,0.0,0.0,11.0,1.0,0.0,10.0,8.0,0.0,0.0,0.0,8.0,15.0,15.0,15.0,2.0,0.0,5
0.0,0.0,4.0,16.0,8.0,11.0,7.0,0.0,0.0,0.0,10.0,16.0,15.0,16.0,6.0,0.0,0.0,3.0,16.0,4.0,6.0,15.0,0.0,0.0,0.0,3.0,8.0,0.0,13.0,8.0,0.0,0.0,0.0,0.0,6.0,16.0,16.0,13.0,6.0,0.0,0.0,0.0,3.0,14.0,13.0,9.0,3.0,0.0,0.0,0.0,0.0,14.0,6.0,0.0,0.0,0.0,0.0,0.0,4.0,15.0,2.0,0.0,0.0,0.0,7
0.0,0.0,6.0,12.0,13.0,2.0,0.0,0.0,0.0,3.0,16.0,6.0,1.0,15.0,0.0,0.0,0.0,5.0,16.0,13.0,12.0,16.0,2.0,0.0,0.0,2.0,13.0,16.0,12.0,15.0,4.0,0.0,0.0,0.0,0.0,0.0,0.0,8.0,8.0,0.0,0.0,0.0,1.0,0.0,0.0,8.0,8.0,0.0,0.0,3.0,16.0,2.0,0.0,10.0,7.0,0.0,0.0,0.0,5.0,11.0,16.0,13.0,1.0,0.0,9
0.0,2.0,16.0,16.0,16.0,16.0,4.0,0.0,0.0,4.0,16.0,6.0,8.0,7.0,1.0,0.0,0.0,4.0,16.0,7.0,2.0,0.0,0.0,0.0,0.0,4.0,16.0,16.0,16.0,6.0,0.0,0.0,0.0,0.0,5.0,4.0,10.0,15.0,0.0,0.0,0.0,0.0,0.0,0.0,1.0,14.0,6.0,0.0,0.0,2.0,14.0,4.0,4.0,16.0,8.0,0.0,0.0,3.0,13.0,16.0,16.0,15.0,1.0,0.0,5
0.0,0.0,0.0,9.0,13.0,0.0,6.0,8.0,0.0,0.0,3.0,15.0,3.0,0.0,15.0,9.0,0.0,1.0,13.0,12.0,4.0,7.0,15.0,3.0,0.0,7.0,16.0,16.0,16.0,16.0,10.0,0.0,0.0,6.0,12.0,10.0,14.0,14.0,2.0,0.0,0.0,0.0,0.0,0.0,13.0,10.0,0.0,0.0,0.0,0.0,0.0,6.0,16.0,2.0,0.0,0.0,0.0,0.0,0.0,12.0,11.0,0.0,0.0,0.0,4
0.0,0.0,0.0,10.0,9.0,0.0,0.0,0.0,0.0,0.0,5.0,15.0,0.0,0.0,9.0,5.0,0.0,0.0,14.0,10.0,0.0,7.0,16.0,4.0,0.0,5.0,16.0,7.0,5.0,16.0,6.0,0.0,0.0,11.0,16.0,16.0,16.0,14.0,0.0,0.0,0.0,3.0,4.0,11.0,16.0,8.0,0.0,0.0,0.0,0.0,0.0,7.0,16.0,2.0,0.0,0.0,0.0,0.0,0.0,12.0,12.0,0.0,0.0,0.0,4
0.0,0.0,11.0,14.0,5.0,0.0,0.0,0.0,0.0,6.0,12.0,4.0,13.0,4.0,0.0,0.0,0.0,10.0,10.0,0.0,4.0,14.0,0.0,0.0,0.0,7.0,13.0,5.0,13.0,16.0,2.0,0.0,0.0,1.0,10.0,12.0,12.0,14.0,8.0,0.0,0.0,0.0,0.0,0.0,0.0,7.0,12.0,0.0,0.0,0.0,1.0,0.0,0.0,1.0,15.0,0.0,0.0,0.0,11.0,8.0,4.0,5.0,16.0,1.0,9
0.0,0.0,9.0,13.0,16.0,5.0,0.0,0.0,0.0,3.0,16.0,8.0,4.0,13.0,0.0,0.0,0.0,6.0,10.0,1.0,0.0,9.0,2.0,0.0,0.0,5.0,4.0,0.0,0.0,4.0,8.0,0.0,0.0,8.0,4.0,0.0,0.0,4.0,8.0,0.0,0.0,6.0,6.0,0.0,0.0,4.0,9.0,0.0,0.0,0.0,13.0,2.0,0.0,7.0,8.0,0.0,0.0,0.0,8.0,12.0,13.0,15.0,2.0,0.0,0
0.0,0.0,2.0,11.0,14.0,8.0,1.0,0.0,0.0,3.0,14.0,9.0,8.0,13.0,4.0,0.0,0.0,6.0,11.0,1.0,4.0,14.0,1.0,0.0,0.0,0.0,9.0,14.0,15.0,6.0,0.0,0.0,0.0,0.0,0.0,12.0,14.0,10.0,0.0,0.0,0.0,0.0,4.0,12.0,2.0,13.0,5.0,0.0,0.0,0.0,4.0,11.0,1.0,11.0,8.0,0.0,0.0,0.0,1.0,9.0,16.0,14.0,2.0,0.0,8
0.0,1.0,11.0,13.0,10.0,1.0,0.0,0.0,0.0,8.0,12.0,3.0,13.0,10.0,0.0,0.0,0.0,8.0,11.0,2.0,11.0,16.0,1.0,0.0,0.0,1.0,15.0,16.0,16.0,16.0,2.0,0.0,0.0,0.0,2.0,8.0,3.0,9.0,6.0,0.0,0.0,0.0,0.0,0.0,0.0,7.0,9.0,0.0,0.0,2.0,12.0,3.0,0.0,9.0,12.0,0.0,0.0,1.0,9.0,15.0,16.0,13.0,3.0,0.0,9
0.0,0.0,8.0,16.0,15.0,6.0,0.0,0.0,0.0,5.0,14.0,4.0,4.0,15.0,0.0,0.0,0.0,6.0,13.0,0.0,1.0,15.0,2.0,0.0,0.0,1.0,11.0,11.0,13.0,10.0,0.0,0.0,0.0,0.0,1.0,16.0,16.0,3.0,0.0,0.0,0.0,0.0,12.0,9.0,5.0,13.0,2.0,0.0,0.0,0.0,16.0,2.0,1.0,13.0,8.0,0.0,0.0,0.0,8.0,15.0,16.0,14.0,1.0,0.0,8
0.0,0.0,3.0,12.0,12.0,2.0,0.0,0.0,0.0,0.0,11.0,10.0,7.0,14.0,2.0,0.0,0.0,0.0,11.0,1.0,0.0,8.0,4.0,0.0,0.0,2.0,14.0,2.0,0.0,5.0,7.0,0.0,0.0,8.0,9.0,0.0,0.0,6.0,8.0,0.0,0.0,3.0,13.0,0.0,0.0,12.0,7.0,0.0,0.0,0.0,15.0,6.0,11.0,12.0,0.0,0.0,0.0,0.0,4.0,15.0,11.0,1.0,0.0,0.0,0
0.0,0.0,5.0,12.0,12.0,9.0,3.0,0.0,0.0,0.0,8.0,16.0,16.0,16.0,4.0,0.0,0.0,0.0,9.0,16.0,16.0,14.0,1.0,0.0,0.0,0.0,11.0,16.0,16.0,12.0,0.0,0.0,0.0,0.0,12.0,16.0,16.0,12.0,0.0,0.0,0.0,0.0,11.0,16.0,16.0,12.0,0.0,0.0,0.0,0.0,4.0,16.0,16.0,12.0,0.0,0.0,0.0,0.0,6.0,12.0,12.0,6.0,0.0,0.0,1
0.0,1.0,15.0,16.0,4.0,0.0,0.0,0.0,0.0,9.0,16.0,11.0,14.0,0.0,0.0,0.0,0.0,12.0,10.0,5.0,16.0,0.0,0.0,0.0,0.0,4.0,7.0,8.0,13.0,0.0,0.0,0.0,0.0,0.0,1.0,15.0,6.0,0.0,0.0,0.0,0.0,0.0,5.0,16.0,2.0,0.0,0.0,0.0,0.0,4.0,15.0,14.0,10.0,11.0,12.0,1.0,0.0,0.0,13.0,16.0,16.0,15.0,11.0,1.0,2
0.0,0.0,6.0,12.0,13.0,9.0,0.0,0.0,0.0,7.0,14.0,6.0,7.0,16.0,3.0,0.0,0.0,4.0,6.0,5.0,14.0,6.0,0.0,0.0,0.0,0.0,0.0,12.0,14.0,4.0,0.0,0.0,0.0,0.0,0.0,0.0,3.0,14.0,2.0,0.0,0.0,0.0,0.0,0.0,0.0,9.0,7.0,0.0,0.0,0.0,3.0,1.0,0.0,9.0,8.0,0.0,0.0,0.0,5.0,14.0,12.0,13.0,2.0,0.0,3
0.0,0.0,0.0,8.0,14.0,0.0,0.0,0.0,0.0,0.0,5.0,16.0,7.0,1.0,9.0,3.0,0.0,2.0,15.0,12.0,0.0,13.0,16.0,4.0,0.0,9.0,16.0,10.0,10.0,16.0,11.0,0.0,0.0,4.0,15.0,16.0,16.0,14.0,1.0,0.0,0.0,0.0,0.0,1.0,15.0,9.0,0.0,0.0,0.0,0.0,0.0,5.0,16.0,3.0,0.0,0.0,0.0,0.0,0.0,11.0,14.0,0.0,0.0,0.0,4
0.0,1.0,8.0,15.0,16.0,16.0,9.0,0.0,0.0,8.0,16.0,12.0,8.0,8.0,5.0,0.0,0.0,8.0,14.0,7.0,0.0,0.0,0.0,0.0,0.0,9.0,16.0,16.0,12.0,0.0,0.0,0.0,0.0,8.0,13.0,8.0,16.0,3.0,0.0,0.0,0.0,0.0,0.0,1.0,16.0,4.0,0.0,0.0,0.0,0.0,0.0,8.0,15.0,1.0,0.0,0.0,0.0,0.0,12.0,15.0,5.0,0.0,0.0,0.0,5
0.0,0.0,5.0,13.0,1.0,0.0,0.0,0.0,0.0,0.0,12.0,13.0,1.0,0.0,0.0,0.0,0.0,0.0,16.0,3.0,0.0,0.0,0.0,0.0,0.0,3.0,16.0,0.0,0.0,0.0,0.0,0.0,0.0,3.0,16.0,16.0,14.0,9.0,0.0,0.0,0.0,2.0,16.0,8.0,3.0,8.0,9.0,0.0,0.0,0.0,14.0,2.0,0.0,3.0,16.0,1.0,0.0,0.0,6.0,15.0,16.0,14.0,5.0,0.0,6
0.0,0.0,6.0,12.0,10.0,14.0,8.0,0.0,0.0,0.0,15.0,14.0,13.0,16.0,3.0,0.0,0.0,1.0,12.0,0.0,9.0,11.0,0.0,0.0,0.0,0.0,0.0,4.0,16.0,8.0,2.0,0.0,0.0,0.0,9.0,16.0,16.0,16.0,9.0,0.0,0.0,0.0,2.0,15.0,6.0,0.0,0.0,0.0,0.0,0.0,3.0,15.0,1.0,0.0,0.0,0.0,0.0,0.0,8.0,11.0,0.0,0.0,0.0,0.0,7
0.0,0.0,7.0,15.0,16.0,8.0,0.0,0.0,0.0,0.0,16.0,7.0,6.0,15.0,3.0,0.0,0.0,4.0,16.0,0.0,7.0,13.0,4.0,0.0,0.0,0.0,16.0,2.0,8.0,14.0,8.0,0.0,0.0,0.0,12.0,14.0,14.0,7.0,0.0,0.0,0.0,0.0,9.0,16.0,6.0,0.0,0.0,0.0,0.0,0.0,11.0,3.0,14.0,2.0,0.0,0.0,0.0,0.0,5.0,11.0,10.0,10.0,0.0,0.0,8
0.0,1.0,11.0,16.0,11.0,1.0,0.0,0.0,0.0,6.0,11.0,16.0,16.0,7.0,0.0,0.0,0.0,1.0,2.0,9.0,16.0,11.0,0.0,0.0,0.0,2.0,14.0,12.0,16.0,12.0,0.0,0.0,0.0,0.0,3.0,8.0,4.0,13.0,4.0,0.0,0.0,0.0,0.0,0.0,0.0,10.0,8.0,0.0,0.0,0.0,4.0,12.0,16.0,14.0,6.0,0.0,0.0,0.0,14.0,8.0,4.0,0.0,0.0,0.0,9
0.0,0.0,2.0,14.0,9.0,1.0,0.0,0.0,0.0,1.0,12.0,12.0,11.0,8.0,0.0,0.0,0.0,4.0,14.0,1.0,0.0,13.0,3.0,0.0,0.0,8.0,13.0,0.0,0.0,10.0,6.0,0.0,0.0,5.0,16.0,1.0,0.0,8.0,9.0,0.0,0.0,0.0,16.0,0.0,0.0,11.0,9.0,0.0,0.0,0.0,13.0,11.0,10.0,15.0,4.0,0.0,0.0,0.0,3.0,15.0,16.0,5.0,0.0,0.0,0
0.0,0.0,6.0,10.0,8.0,3.0,0.0,0.0,0.0,0.0,6.0,16.0,16.0,9.0,0.0,0.0,0.0,0.0,9.0,16.0,16.0,6.0,0.0,0.0,0.0,0.0,7.0,16.0,16.0,10.0,0.0,0.0,0.0,0.0,11.0,16.0,16.0,8.0,0.0,0.0,0.0,0.0,7.0,16.0,16.0,9.0,0.0,0.0,0.0,0.0,10.0,16.0,16.0,6.0,0.0,0.0,0.0,0.0,4.0,9.0,12.0,11.0,2.0,0.0,1
0.0,0.0,8.0,15.0,15.0,2.0,0.0,0.0,0.0,2.0,16.0,13.0,12.0,10.0,0.0,0.0,0.0,3.0,15.0,1.0,9.0,11.0,0.0,0.0,0.0,0.0,0.0,1.0,15.0,8.0,0.0,0.0,0.0,0.0,0.0,10.0,13.0,1.0,0.0,0.0,0.0,0.0,8.0,16.0,7.0,0.0,0.0,0.0,0.0,6.0,16.0,16.0,13.0,7.0,6.0,1.0,0.0,0.0,7.0,5.0,12.0,16.0,15.0,2.0,2
0.0,0.0,7.0,13.0,16.0,5.0,0.0,0.0,0.0,6.0,15.0,7.0,6.0,14.0,0.0,0.0,0.0,9.0,5.0,1.0,10.0,9.0,0.0,0.0,0.0,0.0,0.0,8.0,16.0,5.0,0.0,0.0,0.0,0.0,0.0,1.0,6.0,15.0,1.0,0.0,0.0,0.0,0.0,0.0,0.0,1.0,12.0,0.0,0.0,0.0,4.0,5.0,2.0,5.0,13.0,0.0,0.0,0.0,6.0,12.0,16.0,14.0,5.0,0.0,3
0.0,0.0,0.0,6.0,15.0,1.0,0.0,0.0,0.0,0.0,5.0,16.0,10.0,0.0,8.0,6.0,0.0,2.0,16.0,11.0,0.0,9.0,16.0,6.0,0.0,8.0,16.0,14.0,14.0,16.0,13.0,1.0,0.0,6.0,12.0,12.0,12.0,16.0,3.0,0.0,0.0,0.0,0.0,0.0,13.0,11.0,0.0,0.0,0.0,0.0,0.0,6.0,16.0,5.0,0.0,0.0,0.0,0.0,0.0,10.0,14.0,0.0,0.0,0.0,4
0.0,1.0,7.0,15.0,16.0,16.0,14.0,0.0,0.0,10.0,16.0,11.0,6.0,3.0,1.0,0.0,0.0,7.0,16.0,16.0,12.0,0.0,0.0,0.0,0.0,8.0,16.0,12.0,16.0,4.0,0.0,0.0,0.0,1.0,4.0,0.0,13.0,8.0,0.0,0.0,0.0,0.0,0.0,0.0,15.0,8.0,0.0,0.0,0.0,0.0,0.0,7.0,16.0,2.0,0.0,0.0,0.0,0.0,13.0,15.0,5.0,0.0,0.0,0.0,5
0.0,0.0,2.0,12.0,1.0,0.0,0.0,0.0,0.0,0.0,11.0,12.0,0.0,0.0,0.0,0.0,0.0,2.0,16.0,4.0,0.0,0.0,0.0,0.0,0.0,6.0,16.0,10.0,10.0,5.0,0.0,0.0,0.0,5.0,16.0,15.0,12.0,14.0,6.0,0.0,0.0,4.0,16.0,3.0,0.0,8.0,12.0,0.0,0.0,0.0,14.0,9.0,4.0,11.0,13.0,0.0,0.0,0.0,3.0,14.0,16.0,12.0,3.0,0.0,6
0.0,0.0,3.0,15.0,16.0,16.0,12.0,0.0,0.0,0.0,12.0,12.0,7.0,16.0,6.0,0.0,0.0,4.0,12.0,0.0,9.0,13.0,0.0,0.0,0.0,0.0,1.0,1.0,13.0,7.0,0.0,0.0,0.0,0.0,8.0,13.0,16.0,16.0,6.0,0.0,0.0,0.0,12.0,15.0,12.0,6.0,1.0,0.0,0.0,0.0,0.0,15.0,5.0,0.0,0.0,0.0,0.0,0.0,3.0,16.0,2.0,0.0,0.0,0.0,7
0.0,0.0,14.0,16.0,8.0,0.0,0.0,0.0,0.0,0.0,16.0,4.0,13.0,8.0,8.0,0.0,0.0,0.0,12.0,7.0,12.0,14.0,5.0,0.0,0.0,0.0,4.0,15.0,16.0,5.0,0.0,0.0,0.0,0.0,0.0,14.0,14.0,0.0,0.0,0.0,0.0,0.0,8.0,10.0,11.0,2.0,0.0,0.0,0.0,0.0,13.0,0.0,12.0,3.0,0.0,0.0,0.0,0.0,14.0,15.0,12.0,1.0,0.0,0.0,8
0.0,0.0,12.0,15.0,13.0,2.0,0.0,0.0,0.0,1.0,16.0,5.0,5.0,13.0,0.0,0.0,0.0,1.0,7.0,13.0,0.0,8.0,4.0,0.0,0.0,6.0,11.0,13.0,13.0,15.0,4.0,0.0,0.0,1.0,9.0,12.0,12.0,13.0,1.0,0.0,0.0,0.0,0.0,0.0,0.0,11.0,6.0,0.0,0.0,0.0,0.0,0.0,0.0,5.0,14.0,0.0,0.0,0.0,10.0,13.0,12.0,15.0,6.0,0.0,9
0.0,0.0,3.0,12.0,7.0,0.0,0.0,0.0,0.0,0.0,14.0,12.0,12.0,4.0,0.0,0.0,0.0,2.0,14.0,0.0,1.0,13.0,0.0,0.0,0.0,1.0,12.0,0.0,0.0,7.0,5.0,0.0,0.0,2.0,13.0,0.0,0.0,2.0,10.0,0.0,0.0,0.0,15.0,3.0,0.0,3.0,14.0,0.0,0.0,0.0,7.0,12.0,8.0,11.0,12.0,0.0,0.0,0.0,2.0,11.0,16.0,11.0,2.0,0.0,0
0.0,0.0,3.0,13.0,10.0,1.0,0.0,0.0,0.0,0.0,3.0,16.0,16.0,4.0,0.0,0.0,0.0,0.0,1.0,16.0,16.0,2.0,0.0,0.0,0.0,0.0,6.0,16.0,16.0,1.0,0.0,0.0,0.0,0.0,4.0,16.0,16.0,1.0,0.0,0.0,0.0,0.0,4.0,16.0,16.0,3.0,0.0,0.0,0.0,0.0,7.0,16.0,16.0,0.0,0.0,0.0,0.0,0.0,2.0,14.0,16.0,5.0,0.0,0.0,1
0.0,0.0,13.0,16.0,13.0,1.0,0.0,0.0,0.0,6.0,16.0,10.0,15.0,5.0,0.0,0.0,0.0,3.0,15.0,0.0,11.0,9.0,0.0,0.0,0.0,0.0,4.0,0.0,12.0,8.0,0.0,0.0,0.0,0.0,0.0,0.0,15.0,8.0,0.0,0.0,0.0,0.0,0.0,8.0,16.0,4.0,0.0,0.0,0.0,0.0,5.0,16.0,16.0,13.0,10.0,1.0,0.0,0.0,13.0,16.0,16.0,16.0,16.0,9.0,2
0.0,0.0,6.0,14.0,16.0,11.0,0.0,0.0,0.0,6.0,14.0,7.0,4.0,16.0,4.0,0.0,0.0,7.0,7.0,0.0,5.0,16.0,2.0,0.0,0.0,0.0,0.0,14.0,16.0,5.0,0.0,0.0,0.0,0.0,0.0,4.0,13.0,11.0,0.0,0.0,0.0,0.0,0.0,0.0,0.0,11.0,8.0,0.0,0.0,0.0,0.0,2.0,4.0,10.0,12.0,0.0,0.0,0.0,9.0,16.0,16.0,11.0,3.0,0.0,3
0.0,0.0,0.0,8.0,16.0,0.0,0.0,0.0,0.0,0.0,3.0,16.0,8.0,0.0,0.0,0.0,0.0,1.0,13.0,12.0,0.0,4.0,13.0,1.0,0.0,6.0,16.0,9.0,7.0,15.0,10.0,0.0,0.0,9.0,16.0,16.0,16.0,15.0,2.0,0.0,0.0,0.0,4.0,1.0,14.0,10.0,0.0,0.0,0.0,0.0,0.0,3.0,16.0,5.0,0.0,0.0,0.0,0.0,0.0,11.0,13.0,0.0,0.0,0.0,4
0.0,0.0,5.0,10.0,14.0,16.0,11.0,0.0,0.0,2.0,15.0,15.0,5.0,4.0,1.0,0.0,0.0,2.0,16.0,9.0,4.0,1.0,0.0,0.0,0.0,2.0,16.0,16.0,16.0,11.0,0.0,0.0,0.0,2.0,9.0,1.0,0.0,14.0,4.0,0.0,0.0,0.0,0.0,0.0,1.0,14.0,3.0,0.0,0.0,0.0,0.0,2.0,13.0,7.0,0.0,0.0,0.0,0.0,7.0,14.0,7.0,0.0,0.0,0.0,5
0.0,0.0,1.0,9.0,15.0,1.0,0.0,0.0,0.0,0.0,9.0,14.0,4.0,0.0,0.0,0.0,0.0,0.0,16.0,3.0,0.0,0.0,0.0,0.0,0.0,6.0,13.0,0.0,0.0,0.0,0.0,0.0,0.0,4.0,14.0,12.0,16.0,13.0,3.0,0.0,0.0,2.0,15.0,13.0,4.0,3.0,13.0,0.0,0.0,0.0,9.0,8.0,2.0,4.0,16.0,1.0,0.0,0.0,0.0,9.0,12.0,12.0,8.0,0.0,6
0.0,0.0,5.0,12.0,16.0,12.0,4.0,0.0,0.0,1.0,12.0,7.0,5.0,16.0,5.0,0.0,0.0,2.0,9.0,0.0,8.0,9.0,0.0,0.0,0.0,0.0,2.0,3.0,12.0,1.0,0.0,0.0,0.0,4.0,12.0,14.0,15.0,12.0,4.0,0.0,0.0,5.0,4.0,16.0,1.0,0.0,0.0,0.0,0.0,0.0,1.0,12.0,0.0,0.0,0.0,0.0,0.0,0.0,3.0,12.0,0.0,0.0,0.0,0.0,7
0.0,2.0,15.0,12.0,1.0,0.0,0.0,0.0,0.0,4.0,16.0,13.0,13.0,0.0,0.0,0.0,0.0,0.0,14.0,3.0,15.0,12.0,5.0,0.0,0.0,0.0,5.0,16.0,16.0,11.0,0.0,0.0,0.0,2.0,13.0,13.0,14.0,2.0,0.0,0.0,0.0,5.0,13.0,0.0,6.0,8.0,0.0,0.0,0.0,4.0,11.0,0.0,1.0,15.0,0.0,0.0,0.0,2.0,12.0,16.0,16.0,7.0,0.0,0.0,8
0.0,0.0,9.0,13.0,6.0,0.0,0.0,0.0,0.0,0.0,14.0,7.0,11.0,3.0,0.0,0.0,0.0,4.0,7.0,8.0,5.0,8.0,0.0,0.0,0.0,8.0,10.0,15.0,14.0,9.0,0.0,0.0,0.0,0.0,4.0,7.0,9.0,13.0,1.0,0.0,0.0,0.0,0.0,0.0,0.0,5.0,11.0,0.0,0.0,0.0,2.0,0.0,2.0,12.0,6.0,0.0,0.0,0.0,10.0,14.0,14.0,7.0,0.0,0.0,9
0.0,0.0,5.0,15.0,9.0,0.0,0.0,0.0,0.0,0.0,15.0,6.0,11.0,6.0,0.0,0.0,0.0,7.0,9.0,0.0,0.0,14.0,0.0,0.0,0.0,5.0,9.0,0.0,0.0,8.0,6.0,0.0,0.0,4.0,13.0,0.0,0.0,4.0,8.0,0.0,0.0,1.0,16.0,0.0,0.0,4.0,11.0,0.0,0.0,0.0,15.0,7.0,5.0,16.0,4.0,0.0,0.0,0.0,2.0,15.0,15.0,5.0,0.0,0.0,0
0.0,0.0,12.0,14.0,6.0,0.0,0.0,0.0,0.0,2.0,16.0,7.0,13.0,10.0,0.0,0.0,0.0,0.0,16.0,2.0,1.0,13.0,4.0,0.0,0.0,0.0,9.0,13.0,8.0,16.0,2.0,0.0,0.0,0.0,6.0,16.0,16.0,13.0,0.0,0.0,0.0,0.0,0.0,2.0,3.0,16.0,0.0,0.0,0.0,0.0,1.0,6.0,13.0,10.0,0.0,0.0,0.0,0.0,13.0,9.0,8.0,2.0,0.0,0.0,9
0.0,0.0,8.0,15.0,16.0,16.0,6.0,0.0,0.0,2.0,16.0,11.0,5.0,0.0,0.0,0.0,0.0,3.0,16.0,5.0,0.0,0.0,0.0,0.0,0.0,5.0,16.0,16.0,13.0,0.0,0.0,0.0,0.0,10.0,13.0,6.0,15.0,5.0,0.0,0.0,0.0,3.0,1.0,0.0,11.0,8.0,0.0,0.0,0.0,0.0,0.0,6.0,16.0,4.0,0.0,0.0,0.0,0.0,9.0,16.0,8.0,0.0,0.0,0.0,5
0.0,0.0,6.0,11.0,16.0,16.0,3.0,0.0,0.0,5.0,16.0,15.0,5.0,0.0,0.0,0.0,0.0,11.0,16.0,15.0,2.0,0.0,0.0,0.0,0.0,12.0,15.0,12.0,12.0,0.0,0.0,0.0,0.0,2.0,1.0,4.0,16.0,0.0,0.0,0.0,0.0,0.0,0.0,0.0,16.0,4.0,0.0,0.0,0.0,0.0,0.0,2.0,16.0,3.0,0.0,0.0,0.0,0.0,5.0,16.0,13.0,0.0,0.0,0.0,5
0.0,0.0,0.0,6.0,13.0,3.0,0.0,0.0,0.0,0.0,1.0,14.0,11.0,0.0,0.0,0.0,0.0,0.0,7.0,15.0,2.0,0.0,0.0,0.0,0.0,0.0,10.0,12.0,0.0,0.0,0.0,0.0,0.0,0.0,13.0,15.0,16.0,13.0,5.0,0.0,0.0,0.0,10.0,16.0,5.0,11.0,14.0,0.0,0.0,0.0,7.0,15.0,5.0,10.0,14.0,0.0,0.0,0.0,0.0,3.0,14.0,16.0,9.0,0.0,6
0.0,0.0,7.0,16.0,16.0,16.0,6.0,0.0,0.0,0.0,12.0,13.0,5.0,1.0,0.0,0.0,0.0,0.0,15.0,7.0,1.0,0.0,0.0,0.0,0.0,3.0,16.0,16.0,13.0,0.0,0.0,0.0,0.0,11.0,15.0,5.0,16.0,4.0,0.0,0.0,0.0,5.0,3.0,1.0,16.0,3.0,0.0,0.0,0.0,0.0,0.0,11.0,12.0,0.0,0.0,0.0,0.0,0.0,7.0,15.0,1.0,0.0,0.0,0.0,5
0.0,0.0,0.0,12.0,6.0,0.0,0.0,0.0,0.0,0.0,8.0,15.0,13.0,4.0,0.0,0.0,0.0,5.0,16.0,6.0,3.0,12.0,0.0,0.0,0.0,7.0,14.0,1.0,0.0,11.0,5.0,0.0,0.0,3.0,14.0,0.0,0.0,7.0,10.0,0.0,0.0,1.0,14.0,2.0,0.0,9.0,9.0,0.0,0.0,0.0,9.0,11.0,6.0,15.0,5.0,0.0,0.0,0.0,0.0,10.0,16.0,11.0,0.0,0.0,0
0.0,0.0,10.0,13.0,9.0,1.0,0.0,0.0,0.0,2.0,16.0,7.0,10.0,8.0,0.0,0.0,0.0,0.0,12.0,12.0,7.0,11.0,0.0,0.0,0.0,3.0,16.0,16.0,16.0,7.0,0.0,0.0,0.0,0.0,5.0,8.0,12.0,10.0,1.0,0.0,0.0,0.0,0.0,0.0,0.0,11.0,7.0,0.0,0.0,0.0,0.0,0.0,0.0,3.0,15.0,0.0,0.0,0.0,11.0,16.0,16.0,16.0,8.0,0.0,9
0.0,1.0,13.0,14.0,2.0,0.0,0.0,0.0,0.0,7.0,14.0,9.0,5.0,0.0,0.0,0.0,0.0,6.0,13.0,3.0,12.0,6.0,4.0,0.0,0.0,1.0,14.0,12.0,14.0,16.0,4.0,0.0,0.0,0.0,2.0,16.0,16.0,7.0,0.0,0.0,0.0,0.0,11.0,14.0,8.0,13.0,0.0,0.0,0.0,4.0,16.0,4.0,2.0,14.0,2.0,0.0,0.0,1.0,12.0,14.0,13.0,6.0,0.0,0.0,8
0.0,0.0,5.0,15.0,14.0,3.0,0.0,0.0,0.0,0.0,12.0,7.0,2.0,12.0,0.0,0.0,0.0,0.0,16.0,3.0,0.0,12.0,1.0,0.0,0.0,0.0,12.0,11.0,10.0,15.0,0.0,0.0,0.0,0.0,2.0,10.0,15.0,13.0,1.0,0.0,0.0,0.0,0.0,0.0,0.0,14.0,4.0,0.0,0.0,0.0,0.0,6.0,12.0,15.0,2.0,0.0,0.0,0.0,7.0,13.0,4.0,0.0,0.0,0.0,9
0.0,0.0,4.0,15.0,16.0,6.0,0.0,0.0,0.0,0.0,13.0,11.0,11.0,15.0,0.0,0.0,0.0,0.0,15.0,13.0,15.0,16.0,7.0,0.0,0.0,0.0,7.0,16.0,16.0,11.0,2.0,0.0,0.0,0.0,5.0,15.0,16.0,2.0,0.0,0.0,0.0,0.0,16.0,9.0,12.0,11.0,0.0,0.0,0.0,2.0,16.0,6.0,8.0,16.0,0.0,0.0,0.0,0.0,7.0,14.0,13.0,8.0,0.0,0.0,8
0.0,0.0,0.0,3.0,16.0,5.0,0.0,0.0,0.0,0.0,3.0,14.0,10.0,0.0,9.0,11.0,0.0,1.0,13.0,11.0,0.0,2.0,15.0,8.0,0.0,7.0,16.0,9.0,11.0,16.0,15.0,1.0,0.0,6.0,15.0,13.0,12.0,16.0,9.0,0.0,0.0,0.0,0.0,0.0,8.0,15.0,2.0,0.0,0.0,0.0,0.0,1.0,15.0,7.0,0.0,0.0,0.0,0.0,0.0,5.0,15.0,2.0,0.0,0.0,4
0.0,0.0,6.0,15.0,12.0,5.0,0.0,0.0,0.0,0.0,8.0,16.0,16.0,13.0,1.0,0.0,0.0,0.0,8.0,16.0,16.0,12.0,0.0,0.0,0.0,0.0,8.0,16.0,16.0,10.0,0.0,0.0,0.0,0.0,16.0,16.0,16.0,5.0,0.0,0.0,0.0,5.0,16.0,16.0,16.0,1.0,0.0,0.0,0.0,3.0,15.0,16.0,16.0,2.0,0.0,0.0,0.0,0.0,10.0,16.0,15.0,3.0,0.0,0.0,1
0.0,0.0,5.0,10.0,11.0,13.0,12.0,0.0,0.0,2.0,14.0,8.0,8.0,13.0,10.0,0.0,0.0,1.0,6.0,0.0,4.0,13.0,0.0,0.0,0.0,0.0,0.0,1.0,15.0,2.0,0.0,0.0,0.0,0.0,0.0,11.0,15.0,8.0,1.0,0.0,0.0,2.0,15.0,15.0,8.0,7.0,0.0,0.0,0.0,1.0,9.0,12.0,0.0,0.0,0.0,0.0,0.0,0.0,7.0,11.0,0.0,0.0,0.0,0.0,7
0.0,0.0,2.0,15.0,16.0,15.0,0.0,0.0,0.0,0.0,12.0,9.0,11.0,12.0,0.0,0.0,0.0,5.0,15.0,0.0,13.0,7.0,0.0,0.0,0.0,5.0,6.0,3.0,14.0,5.0,2.0,0.0,0.0,0.0,0.0,9.0,16.0,16.0,9.0,0.0,0.0,0.0,7.0,16.0,9.0,2.0,0.0,0.0,0.0,0.0,1.0,15.0,3.0,0.0,0.0,0.0,0.0,0.0,3.0,16.0,0.0,0.0,0.0,0.0,7
0.0,0.0,7.0,14.0,15.0,7.0,0.0,0.0,0.0,6.0,16.0,8.0,7.0,16.0,4.0,0.0,0.0,11.0,6.0,1.0,10.0,14.0,1.0,0.0,0.0,1.0,0.0,4.0,16.0,6.0,0.0,0.0,0.0,0.0,0.0,2.0,11.0,13.0,1.0,0.0,0.0,0.0,0.0,0.0,0.0,11.0,7.0,0.0,0.0,0.0,3.0,4.0,8.0,14.0,3.0,0.0,0.0,0.0,10.0,13.0,12.0,4.0,0.0,0.0,3
0.0,1.0,9.0,16.0,16.0,15.0,3.0,0.0,0.0,8.0,16.0,12.0,8.0,8.0,3.0,0.0,0.0,6.0,16.0,9.0,3.0,0.0,0.0,0.0,0.0,8.0,16.0,16.0,16.0,4.0,0.0,0.0,0.0,3.0,6.0,4.0,13.0,11.0,0.0,0.0,0.0,0.0,0.0,0.0,8.0,13.0,0.0,0.0,0.0,0.0,5.0,8.0,15.0,10.0,0.0,0.0,0.0,0.0,11.0,16.0,11.0,1.0,0.0,0.0,5
0.0,0.0,2.0,16.0,10.0,0.0,0.0,0.0,0.0,0.0,4.0,16.0,16.0,5.0,0.0,0.0,0.0,0.0,8.0,16.0,16.0,3.0,0.0,0.0,0.0,0.0,9.0,16.0,16.0,3.0,0.0,0.0,0.0,0.0,8.0,16.0,16.0,3.0,0.0,0.0,0.0,0.0,8.0,16.0,16.0,1.0,0.0,0.0,0.0,0.0,5.0,16.0,14.0,0.0,0.0,0.0,0.0,0.0,1.0,12.0,16.0,3.0,0.0,0.0,1
0.0,0.0,0.0,10.0,11.0,1.0,0.0,0.0,0.0,0.0,1.0,15.0,8.0,8.0,0.0,0.0,0.0,5.0,4.0,10.0,0.0,12.0,0.0,0.0,0.0,7.0,8.0,10.0,0.0,7.0,5.0,0.0,0.0,6.0,10.0,0.0,0.0,2.0,9.0,0.0,0.0,1.0,13.0,0.0,0.0,2.0,11.0,0.0,0.0,0.0,6.0,11.0,4.0,10.0,11.0,0.0,0.0,0.0,0.0,9.0,15.0,14.0,5.0,0.0,0
0.0,2.0,0.0,8.0,9.0,0.0,0.0,0.0,0.0,13.0,5.0,14.0,8.0,7.0,0.0,0.0,0.0,12.0,5.0,2.0,0.0,9.0,0.0,0.0,0.0,7.0,5.0,0.0,0.0,3.0,5.0,0.0,0.0,3.0,10.0,0.0,0.0,2.0,10.0,0.0,0.0,1.0,13.0,0.0,0.0,1.0,12.0,0.0,0.0,0.0,5.0,13.0,5.0,9.0,13.0,0.0,0.0,0.0,0.0,9.0,16.0,16.0,7.0,0.0,0
0.0,0.0,6.0,16.0,13.0,12.0,14.0,1.0,0.0,0.0,14.0,4.0,4.0,15.0,4.0,0.0,0.0,1.0,7.0,0.0,10.0,7.0,0.0,0.0,0.0,0.0,0.0,2.0,13.0,1.0,0.0,0.0,0.0,2.0,9.0,14.0,16.0,12.0,0.0,0.0,0.0,4.0,6.0,15.0,2.0,4.0,1.0,0.0,0.0,0.0,6.0,7.0,0.0,0.0,0.0,0.0,0.0,0.0,10.0,4.0,0.0,0.0,0.0,0.0,7
0.0,0.0,9.0,16.0,6.0,0.0,0.0,0.0,0.0,3.0,16.0,1.0,16.0,10.0,8.0,0.0,0.0,0.0,15.0,6.0,16.0,8.0,0.0,0.0,0.0,0.0,3.0,16.0,11.0,0.0,0.0,0.0,0.0,0.0,1.0,14.0,12.0,0.0,0.0,0.0,0.0,0.0,6.0,9.0,11.0,2.0,0.0,0.0,0.0,0.0,12.0,1.0,13.0,0.0,0.0,0.0,0.0,0.0,12.0,14.0,3.0,0.0,0.0,0.0,8
0.0,0.0,11.0,16.0,15.0,3.0,0.0,0.0,0.0,5.0,16.0,12.0,11.0,13.0,0.0,0.0,0.0,3.0,13.0,1.0,5.0,15.0,0.0,0.0,0.0,0.0,0.0,0.0,12.0,11.0,0.0,0.0,0.0,0.0,0.0,1.0,16.0,7.0,0.0,0.0,0.0,0.0,0.0,10.0,15.0,0.0,0.0,0.0,0.0,0.0,12.0,16.0,16.0,11.0,1.0,0.0,0.0,0.0,13.0,13.0,8.0,13.0,16.0,8.0,2
0.0,0.0,6.0,16.0,15.0,5.0,0.0,0.0,0.0,1.0,16.0,14.0,8.0,15.0,1.0,0.0,0.0,9.0,13.0,1.0,0.0,12.0,6.0,0.0,0.0,5.0,9.0,0.0,0.0,9.0,10.0,0.0,0.0,6.0,9.0,0.0,0.0,9.0,11.0,0.0,0.0,7.0,16.0,1.0,0.0,11.0,11.0,0.0,0.0,3.0,16.0,11.0,13.0,16.0,8.0,0.0,0.0,0.0,8.0,16.0,16.0,12.0,1.0,0.0,0
0.0,0.0,0.0,14.0,14.0,9.0,0.0,0.0,0.0,0.0,4.0,16.0,16.0,10.0,0.0,0.0,0.0,0.0,13.0,16.0,15.0,2.0,0.0,0.0,0.0,1.0,15.0,16.0,11.0,0.0,0.0,0.0,0.0,7.0,16.0,16.0,5.0,0.0,0.0,0.0,0.0,3.0,16.0,16.0,7.0,0.0,0.0,0.0,0.0,0.0,16.0,16.0,8.0,0.0,0.0,0.0,0.0,0.0,3.0,12.0,12.0,0.0,0.0,0.0,1
0.0,0.0,9.0,16.0,14.0,0.0,0.0,0.0,0.0,0.0,16.0,8.0,13.0,7.0,0.0,0.0,0.0,0.0,12.0,0.0,8.0,8.0,0.0,0.0,0.0,0.0,0.0,0.0,12.0,8.0,0.0,0.0,0.0,0.0,0.0,0.0,16.0,5.0,0.0,0.0,0.0,0.0,0.0,9.0,13.0,0.0,0.0,0.0,0.0,0.0,10.0,16.0,15.0,10.0,9.0,1.0,0.0,0.0,12.0,14.0,13.0,16.0,16.0,5.0,2
0.0,0.0,1.0,14.0,16.0,8.0,0.0,0.0,0.0,0.0,10.0,16.0,11.0,4.0,0.0,0.0,0.0,0.0,1.0,11.0,1.0,0.0,0.0,0.0,0.0,1.0,12.0,3.0,0.0,0.0,0.0,0.0,0.0,2.0,16.0,14.0,13.0,8.0,1.0,0.0,0.0,3.0,16.0,16.0,13.0,16.0,8.0,0.0,0.0,0.0,12.0,16.0,7.0,15.0,12.0,0.0,0.0,0.0,1.0,13.0,16.0,16.0,8.0,0.0,6
0.0,0.0,11.0,16.0,16.0,10.0,0.0,0.0,1.0,14.0,16.0,9.0,11.0,16.0,1.0,0.0,1.0,14.0,3.0,0.0,12.0,14.0,0.0,0.0,0.0,0.0,0.0,6.0,16.0,7.0,0.0,0.0,0.0,0.0,0.0,0.0,8.0,16.0,5.0,0.0,0.0,0.0,0.0,0.0,0.0,12.0,10.0,0.0,0.0,0.0,2.0,4.0,5.0,14.0,13.0,0.0,0.0,0.0,11.0,16.0,16.0,16.0,4.0,0.0,3
0.0,0.0,9.0,16.0,16.0,15.0,4.0,0.0,0.0,8.0,16.0,9.0,7.0,14.0,11.0,0.0,0.0,5.0,5.0,1.0,13.0,15.0,1.0,0.0,0.0,0.0,0.0,10.0,16.0,7.0,0.0,0.0,0.0,0.0,0.0,1.0,11.0,16.0,4.0,0.0,0.0,0.0,0.0,0.0,0.0,14.0,8.0,0.0,0.0,0.0,3.0,4.0,6.0,16.0,4.0,0.0,0.0,0.0,14.0,16.0,16.0,8.0,0.0,0.0,3
0.0,0.0,10.0,16.0,13.0,12.0,15.0,5.0,0.0,4.0,16.0,8.0,12.0,16.0,6.0,0.0,0.0,6.0,12.0,2.0,16.0,7.0,0.0,0.0,0.0,1.0,5.0,9.0,14.0,1.0,0.0,0.0,0.0,1.0,7.0,16.0,12.0,2.0,0.0,0.0,0.0,8.0,16.0,16.0,12.0,5.0,0.0,0.0,0.0,1.0,11.0,10.0,0.0,0.0,0.0,0.0,0.0,0.0,14.0,6.0,0.0,0.0,0.0,0.0,7
0.0,1.0,13.0,16.0,16.0,10.0,0.0,0.0,0.0,8.0,15.0,8.0,15.0,15.0,0.0,0.0,0.0,3.0,8.0,5.0,16.0,6.0,0.0,0.0,0.0,0.0,0.0,4.0,16.0,9.0,0.0,0.0,0.0,0.0,0.0,0.0,6.0,16.0,5.0,0.0,0.0,0.0,0.0,0.0,0.0,5.0,16.0,0.0,0.0,0.0,8.0,6.0,6.0,13.0,12.0,0.0,0.0,1.0,15.0,16.0,16.0,14.0,3.0,0.0,3
0.0,1.0,12.0,16.0,16.0,9.0,0.0,0.0,0.0,11.0,15.0,9.0,7.0,16.0,3.0,0.0,0.0,13.0,3.0,1.0,10.0,15.0,1.0,0.0,0.0,0.0,0.0,11.0,16.0,8.0,0.0,0.0,0.0,0.0,0.0,5.0,15.0,16.0,5.0,0.0,0.0,0.0,0.0,0.0,0.0,10.0,13.0,0.0,0.0,0.0,7.0,4.0,8.0,15.0,9.0,0.0,0.0,0.0,13.0,16.0,16.0,12.0,1.0,0.0,3
0.0,0.0,1.0,14.0,11.0,0.0,0.0,0.0,0.0,0.0,9.0,15.0,2.0,0.0,4.0,0.0,0.0,2.0,16.0,6.0,0.0,7.0,16.0,2.0,0.0,8.0,16.0,6.0,6.0,16.0,12.0,0.0,0.0,5.0,16.0,16.0,16.0,15.0,3.0,0.0,0.0,0.0,1.0,4.0,16.0,8.0,0.0,0.0,0.0,0.0,0.0,9.0,16.0,1.0,0.0,0.0,0.0,0.0,0.0,15.0,16.0,0.0,0.0,0.0,4
0.0,0.0,1.0,14.0,6.0,0.0,0.0,0.0,0.0,0.0,7.0,15.0,1.0,0.0,0.0,0.0,0.0,0.0,13.0,7.0,0.0,0.0,0.0,0.0,0.0,0.0,13.0,5.0,0.0,0.0,0.0,0.0,0.0,0.0,14.0,7.0,5.0,4.0,1.0,0.0,0.0,0.0,10.0,16.0,13.0,14.0,14.0,0.0,0.0,0.0,9.0,14.0,1.0,4.0,16.0,3.0,0.0,0.0,1.0,12.0,13.0,16.0,9.0,1.0,6
0.0,0.0,0.0,7.0,11.0,0.0,0.0,0.0,0.0,0.0,1.0,16.0,10.0,0.0,0.0,0.0,0.0,0.0,7.0,11.0,0.0,0.0,0.0,0.0,0.0,0.0,11.0,8.0,1.0,1.0,0.0,0.0,0.0,0.0,12.0,16.0,16.0,15.0,5.0,0.0,0.0,0.0,14.0,11.0,0.0,1.0,15.0,0.0,0.0,0.0,6.0,11.0,1.0,3.0,14.0,2.0,0.0,0.0,0.0,8.0,16.0,16.0,7.0,0.0,6
0.0,0.0,0.0,13.0,13.0,0.0,0.0,0.0,0.0,0.0,7.0,16.0,3.0,0.0,0.0,0.0,0.0,0.0,12.0,11.0,0.0,0.0,0.0,0.0,0.0,0.0,14.0,6.0,0.0,0.0,0.0,0.0,0.0,1.0,16.0,12.0,16.0,11.0,3.0,0.0,0.0,2.0,16.0,15.0,9.0,9.0,15.0,2.0,0.0,0.0,11.0,12.0,1.0,3.0,16.0,6.0,0.0,0.0,1.0,13.0,16.0,16.0,15.0,1.0,6
0.0,0.0,3.0,15.0,7.0,0.0,0.0,0.0,0.0,3.0,15.0,11.0,1.0,1.0,7.0,0.0,0.0,8.0,16.0,2.0,0.0,13.0,15.0,0.0,0.0,8.0,16.0,13.0,14.0,16.0,5.0,0.0,0.0,0.0,8.0,9.0,15.0,13.0,0.0,0.0,0.0,0.0,0.0,8.0,16.0,2.0,0.0,0.0,0.0,0.0,0.0,12.0,12.0,0.0,0.0,0.0,0.0,0.0,3.0,16.0,4.0,0.0,0.0,0.0,4
0.0,0.0,7.0,12.0,11.0,1.0,0.0,0.0,0.0,0.0,12.0,10.0,5.0,14.0,0.0,0.0,0.0,6.0,13.0,13.0,3.0,15.0,0.0,0.0,0.0,8.0,9.0,11.0,16.0,8.0,0.0,0.0,0.0,1.0,11.0,10.0,9.0,11.0,1.0,0.0,0.0,0.0,0.0,0.0,0.0,13.0,6.0,0.0,0.0,0.0,0.0,0.0,0.0,10.0,12.0,0.0,0.0,0.0,8.0,12.0,16.0,13.0,2.0,0.0,9
0.0,0.0,0.0,15.0,12.0,1.0,0.0,0.0,0.0,0.0,5.0,16.0,16.0,6.0,0.0,0.0,0.0,0.0,2.0,16.0,16.0,3.0,0.0,0.0,0.0,0.0,2.0,16.0,16.0,1.0,0.0,0.0,0.0,0.0,6.0,16.0,13.0,0.0,0.0,0.0,0.0,0.0,1.0,16.0,16.0,2.0,0.0,0.0,0.0,0.0,3.0,16.0,15.0,3.0,0.0,0.0,0.0,0.0,0.0,15.0,16.0,1.0,0.0,0.0,1
0.0,0.0,0.0,8.0,16.0,16.0,7.0,0.0,0.0,0.0,15.0,16.0,10.0,8.0,1.0,0.0,0.0,3.0,16.0,12.0,5.0,0.0,0.0,0.0,0.0,8.0,16.0,16.0,16.0,3.0,0.0,0.0,0.0,8.0,11.0,2.0,13.0,9.0,0.0,0.0,0.0,0.0,0.0,0.0,11.0,13.0,0.0,0.0,0.0,0.0,0.0,0.0,12.0,11.0,0.0,0.0,0.0,0.0,0.0,11.0,14.0,2.0,0.0,0.0,5
0.0,0.0,5.0,16.0,8.0,0.0,0.0,0.0,0.0,0.0,10.0,5.0,12.0,6.0,0.0,0.0,0.0,4.0,14.0,0.0,2.0,13.0,0.0,0.0,0.0,4.0,10.0,0.0,0.0,9.0,8.0,0.0,0.0,5.0,8.0,0.0,0.0,8.0,8.0,0.0,0.0,2.0,11.0,0.0,0.0,9.0,6.0,0.0,0.0,0.0,15.0,6.0,8.0,15.0,1.0,0.0,0.0,0.0,4.0,13.0,12.0,3.0,0.0,0.0,0
0.0,1.0,12.0,15.0,10.0,2.0,0.0,0.0,0.0,4.0,14.0,1.0,6.0,12.0,2.0,0.0,0.0,7.0,15.0,0.0,1.0,14.0,4.0,0.0,0.0,3.0,15.0,12.0,15.0,10.0,0.0,0.0,0.0,0.0,3.0,15.0,1.0,0.0,0.0,0.0,0.0,0.0,0.0,3.0,13.0,1.0,0.0,0.0,0.0,0.0,0.0,0.0,10.0,6.0,0.0,0.0,0.0,0.0,11.0,12.0,13.0,4.0,0.0,0.0,9
0.0,1.0,12.0,16.0,16.0,16.0,4.0,0.0,0.0,4.0,16.0,10.0,4.0,1.0,1.0,0.0,0.0,6.0,13.0,0.0,0.0,0.0,0.0,0.0,0.0,6.0,16.0,12.0,5.0,0.0,0.0,0.0,0.0,7.0,11.0,11.0,15.0,0.0,0.0,0.0,0.0,0.0,0.0,4.0,16.0,2.0,0.0,0.0,0.0,0.0,2.0,13.0,10.0,0.0,0.0,0.0,0.0,2.0,16.0,11.0,0.0,0.0,0.0,0.0,5
0.0,0.0,10.0,16.0,8.0,0.0,0.0,0.0,0.0,4.0,16.0,13.0,16.0,3.0,0.0,0.0,0.0,0.0,12.0,1.0,11.0,6.0,0.0,0.0,0.0,0.0,0.0,0.0,12.0,8.0,0.0,0.0,0.0,0.0,0.0,0.0,14.0,5.0,0.0,0.0,0.0,0.0,0.0,7.0,16.0,6.0,4.0,0.0,0.0,0.0,5.0,16.0,16.0,16.0,16.0,4.0,0.0,0.0,11.0,15.0,9.0,8.0,6.0,0.0,2
0.0,1.0,14.0,14.0,6.0,0.0,0.0,0.0,0.0,2.0,16.0,1.0,14.0,2.0,0.0,0.0,0.0,0.0,10.0,7.0,10.0,6.0,4.0,0.0,0.0,0.0,1.0,12.0,16.0,14.0,5.0,0.0,0.0,0.0,3.0,14.0,16.0,4.0,0.0,0.0,0.0,1.0,15.0,5.0,6.0,12.0,0.0,0.0,0.0,4.0,10.0,0.0,1.0,15.0,0.0,0.0,0.0,1.0,12.0,12.0,12.0,5.0,0.0,0.0,8
0.0,1.0,11.0,16.0,16.0,10.0,0.0,0.0,0.0,8.0,16.0,11.0,7.0,16.0,1.0,0.0,0.0,7.0,11.0,0.0,5.0,16.0,2.0,0.0,0.0,0.0,2.0,0.0,7.0,14.0,0.0,0.0,0.0,0.0,0.0,0.0,11.0,12.0,0.0,0.0,0.0,0.0,0.0,3.0,16.0,6.0,0.0,0.0,0.0,0.0,5.0,15.0,16.0,11.0,6.0,0.0,0.0,0.0,14.0,16.0,13.0,13.0,16.0,5.0,2
0.0,0.0,2.0,14.0,14.0,6.0,0.0,0.0,0.0,0.0,10.0,15.0,11.0,15.0,2.0,0.0,0.0,3.0,16.0,3.0,0.0,12.0,6.0,0.0,0.0,3.0,9.0,0.0,0.0,9.0,10.0,0.0,0.0,10.0,11.0,0.0,0.0,8.0,12.0,0.0,0.0,7.0,16.0,1.0,0.0,11.0,13.0,0.0,0.0,0.0,15.0,14.0,12.0,15.0,10.0,0.0,0.0,0.0,3.0,14.0,16.0,13.0,5.0,0.0,0
0.0,0.0,5.0,15.0,13.0,2.0,0.0,0.0,0.0,1.0,15.0,11.0,8.0,13.0,0.0,0.0,0.0,5.0,14.0,0.0,0.0,14.0,5.0,0.0,0.0,9.0,16.0,1.0,0.0,7.0,9.0,0.0,0.0,9.0,13.0,0.0,0.0,5.0,14.0,0.0,0.0,6.0,16.0,2.0,0.0,5.0,15.0,0.0,0.0,2.0,14.0,11.0,5.0,14.0,12.0,0.0,0.0,0.0,5.0,15.0,16.0,15.0,3.0,0.0,0
0.0,0.0,4.0,15.0,12.0,2.0,0.0,0.0,0.0,0.0,9.0,16.0,14.0,2.0,0.0,0.0,0.0,0.0,12.0,16.0,15.0,0.0,0.0,0.0,0.0,0.0,11.0,16.0,12.0,1.0,0.0,0.0,0.0,0.0,9.0,16.0,14.0,0.0,0.0,0.0,0.0,0.0,10.0,16.0,12.0,0.0,0.0,0.0,0.0,0.0,9.0,16.0,14.0,0.0,0.0,0.0,0.0,0.0,4.0,12.0,12.0,0.0,0.0,0.0,1
0.0,0.0,10.0,15.0,8.0,13.0,6.0,0.0,0.0,0.0,13.0,14.0,14.0,15.0,2.0,0.0,0.0,1.0,15.0,0.0,13.0,7.0,0.0,0.0,0.0,2.0,7.0,9.0,16.0,13.0,13.0,0.0,0.0,0.0,10.0,16.0,11.0,7.0,2.0,0.0,0.0,0.0,4.0,16.0,2.0,0.0,0.0,0.0,0.0,0.0,7.0,13.0,0.0,0.0,0.0,0.0,0.0,0.0,12.0,4.0,0.0,0.0,0.0,0.0,7
0.0,0.0,0.0,9.0,15.0,2.0,0.0,0.0,0.0,0.0,5.0,16.0,11.0,1.0,0.0,0.0,0.0,0.0,13.0,15.0,1.0,0.0,0.0,0.0,0.0,2.0,16.0,11.0,0.0,0.0,0.0,0.0,0.0,2.0,16.0,11.0,4.0,4.0,0.0,0.0,0.0,2.0,15.0,16.0,16.0,14.0,10.0,1.0,0.0,0.0,9.0,16.0,7.0,3.0,15.0,6.0,0.0,0.0,0.0,7.0,15.0,16.0,16.0,6.0,6
0.0,1.0,10.0,14.0,13.0,4.0,0.0,0.0,0.0,12.0,11.0,5.0,8.0,14.0,0.0,0.0,0.0,8.0,3.0,2.0,12.0,8.0,0.0,0.0,0.0,0.0,3.0,15.0,15.0,4.0,0.0,0.0,0.0,0.0,1.0,4.0,7.0,14.0,5.0,0.0,0.0,0.0,0.0,0.0,0.0,7.0,12.0,0.0,0.0,0.0,0.0,0.0,1.0,11.0,11.0,0.0,0.0,0.0,12.0,16.0,16.0,9.0,1.0,0.0,3
0.0,1.0,15.0,16.0,10.0,0.0,0.0,0.0,0.0,7.0,15.0,10.0,16.0,0.0,0.0,0.0,0.0,4.0,12.0,1.0,16.0,4.0,0.0,0.0,0.0,0.0,2.0,3.0,16.0,1.0,0.0,0.0,0.0,0.0,0.0,4.0,15.0,0.0,0.0,0.0,0.0,0.0,0.0,11.0,12.0,0.0,0.0,0.0,0.0,0.0,11.0,16.0,14.0,14.0,15.0,3.0,0.0,1.0,15.0,16.0,16.0,16.0,16.0,5.0,2
0.0,0.0,3.0,15.0,12.0,2.0,0.0,0.0,0.0,0.0,1.0,16.0,16.0,6.0,0.0,0.0,0.0,0.0,4.0,16.0,16.0,2.0,0.0,0.0,0.0,0.0,3.0,16.0,16.0,6.0,0.0,0.0,0.0,0.0,4.0,16.0,16.0,0.0,0.0,0.0,0.0,0.0,1.0,15.0,16.0,6.0,0.0,0.0,0.0,0.0,4.0,16.0,16.0,4.0,0.0,0.0,0.0,0.0,4.0,16.0,16.0,6.0,0.0,0.0,1
0.0,0.0,11.0,8.0,4.0,13.0,16.0,3.0,0.0,2.0,16.0,16.0,16.0,14.0,9.0,1.0,0.0,4.0,13.0,6.0,16.0,4.0,0.0,0.0,0.0,0.0,2.0,15.0,10.0,0.0,0.0,0.0,0.0,5.0,13.0,16.0,14.0,12.0,2.0,0.0,0.0,8.0,15.0,15.0,12.0,12.0,2.0,0.0,0.0,0.0,15.0,9.0,0.0,0.0,0.0,0.0,0.0,0.0,16.0,7.0,0.0,0.0,0.0,0.0,7
0.0,0.0,0.0,9.0,12.0,0.0,0.0,0.0,0.0,0.0,4.0,16.0,5.0,0.0,1.0,0.0,0.0,2.0,14.0,9.0,0.0,5.0,15.0,1.0,0.0,8.0,16.0,9.0,12.0,16.0,9.0,0.0,0.0,5.0,16.0,13.0,13.0,13.0,0.0,0.0,0.0,0.0,0.0,1.0,15.0,7.0,0.0,0.0,0.0,0.0,0.0,4.0,16.0,1.0,0.0,0.0,0.0,0.0,0.0,12.0,12.0,0.0,0.0,0.0,4
0.0,0.0,1.0,13.0,2.0,0.0,0.0,0.0,0.0,0.0,8.0,15.0,1.0,0.0,0.0,0.0,0.0,0.0,14.0,7.0,0.0,0.0,0.0,0.0,0.0,0.0,14.0,6.0,0.0,0.0,0.0,0.0,0.0,0.0,16.0,5.0,9.0,9.0,3.0,0.0,0.0,0.0,12.0,16.0,13.0,9.0,14.0,1.0,0.0,0.0,8.0,15.0,0.0,1.0,14.0,5.0,0.0,0.0,1.0,11.0,16.0,16.0,13.0,1.0,6
0.0,1.0,10.0,15.0,16.0,11.0,0.0,0.0,0.0,8.0,11.0,4.0,7.0,14.0,0.0,0.0,0.0,7.0,1.0,2.0,13.0,7.0,0.0,0.0,0.0,0.0,0.0,10.0,16.0,6.0,0.0,0.0,0.0,0.0,0.0,0.0,1.0,14.0,5.0,0.0,0.0,0.0,0.0,0.0,0.0,7.0,9.0,0.0,0.0,0.0,2.0,0.0,3.0,11.0,7.0,0.0,0.0,0.0,15.0,16.0,16.0,7.0,0.0,0.0,3
0.0,0.0,13.0,14.0,10.0,2.0,0.0,0.0,0.0,0.0,6.0,16.0,16.0,16.0,0.0,0.0,0.0,0.0,0.0,16.0,16.0,16.0,4.0,0.0,0.0,0.0,4.0,16.0,16.0,14.0,2.0,0.0,0.0,0.0,8.0,16.0,16.0,7.0,0.0,0.0,0.0,3.0,15.0,16.0,16.0,4.0,0.0,0.0,0.0,1.0,16.0,16.0,14.0,1.0,0.0,0.0,0.0,0.0,14.0,16.0,13.0,3.0,0.0,0.0,1
0.0,0.0,3.0,11.0,14.0,12.0,3.0,0.0,0.0,2.0,13.0,10.0,4.0,10.0,12.0,0.0,0.0,2.0,11.0,2.0,0.0,9.0,9.0,0.0,0.0,0.0,0.0,3.0,10.0,10.0,1.0,0.0,0.0,0.0,7.0,16.0,16.0,2.0,0.0,0.0,0.0,0.0,3.0,0.0,14.0,3.0,0.0,0.0,0.0,0.0,0.0,1.0,13.0,2.0,0.0,0.0,0.0,3.0,7.0,14.0,5.0,0.0,0.0,0.0,3
0.0,0.0,11.0,12.0,2.0,0.0,0.0,0.0,0.0,0.0,15.0,8.0,13.0,2.0,0.0,0.0,0.0,0.0,7.0,11.0,9.0,9.0,0.0,0.0,0.0,4.0,12.0,12.0,16.0,7.0,0.0,0.0,0.0,2.0,10.0,12.0,9.0,12.0,1.0,0.0,0.0,0.0,0.0,0.0,0.0,7.0,11.0,0.0,0.0,0.0,0.0,0.0,0.0,0.0,16.0,2.0,0.0,0.0,6.0,12.0,12.0,13.0,11.0,0.0,9
0.0,0.0,1.0,11.0,14.0,5.0,0.0,0.0,0.0,0.0,0.0,15.0,16.0,11.0,0.0,0.0,0.0,0.0,5.0,16.0,16.0,8.0,0.0,0.0,0.0,0.0,5.0,16.0,16.0,5.0,0.0,0.0,0.0,0.0,4.0,16.0,16.0,3.0,0.0,0.0,0.0,0.0,9.0,16.0,16.0,2.0,0.0,0.0,0.0,0.0,8.0,16.0,14.0,0.0,0.0,0.0,0.0,0.0,2.0,13.0,16.0,9.0,0.0,0.0,1
0.0,0.0,4.0,13.0,16.0,16.0,7.0,0.0,0.0,0.0,15.0,10.0,7.0,16.0,1.0,0.0,0.0,7.0,12.0,0.0,12.0,7.0,0.0,0.0,0.0,9.0,5.0,3.0,16.0,2.0,0.0,0.0,0.0,2.0,11.0,16.0,16.0,12.0,7.0,0.0,0.0,5.0,10.0,16.0,12.0,8.0,3.0,0.0,0.0,0.0,3.0,15.0,2.0,0.0,0.0,0.0,0.0,0.0,6.0,14.0,0.0,0.0,0.0,0.0,7
0.0,0.0,0.0,13.0,6.0,0.0,0.0,0.0,0.0,0.0,5.0,16.0,8.0,0.0,0.0,0.0,0.0,0.0,11.0,8.0,0.0,0.0,0.0,0.0,0.0,0.0,13.0,4.0,0.0,0.0,0.0,0.0,0.0,0.0,14.0,15.0,16.0,14.0,5.0,0.0,0.0,0.0,13.0,7.0,0.0,0.0,13.0,1.0,0.0,0.0,10.0,6.0,0.0,5.0,14.0,0.0,0.0,0.0,2.0,13.0,12.0,15.0,4.0,0.0,6
0.0,0.0,10.0,15.0,8.0,0.0,0.0,0.0,0.0,0.0,16.0,4.0,11.0,3.0,5.0,0.0,0.0,0.0,14.0,5.0,7.0,10.0,7.0,0.0,0.0,0.0,4.0,13.0,12.0,11.0,0.0,0.0,0.0,0.0,2.0,14.0,12.0,0.0,0.0,0.0,0.0,1.0,14.0,7.0,12.0,4.0,0.0,0.0,0.0,7.0,10.0,0.0,3.0,12.0,0.0,0.0,0.0,1.0,10.0,11.0,12.0,10.0,0.0,0.0,8
0.0,0.0,0.0,8.0,12.0,0.0,0.0,0.0,0.0,0.0,5.0,16.0,3.0,0.0,2.0,0.0,0.0,1.0,16.0,5.0,1.0,10.0,15.0,1.0,0.0,9.0,16.0,4.0,9.0,16.0,7.0,0.0,0.0,7.0,16.0,16.0,16.0,7.0,0.0,0.0,0.0,0.0,2.0,8.0,16.0,2.0,0.0,0.0,0.0,0.0,0.0,10.0,13.0,0.0,0.0,0.0,0.0,0.0,0.0,12.0,10.0,0.0,0.0,0.0,4
0.0,1.0,12.0,16.0,13.0,7.0,0.0,0.0,0.0,12.0,11.0,4.0,4.0,15.0,0.0,0.0,0.0,8.0,3.0,0.0,6.0,14.0,2.0,0.0,0.0,0.0,0.0,9.0,16.0,8.0,0.0,0.0,0.0,0.0,0.0,1.0,5.0,13.0,3.0,0.0,0.0,0.0,0.0,0.0,0.0,7.0,8.0,0.0,0.0,0.0,0.0,0.0,0.0,9.0,10.0,0.0,0.0,0.0,10.0,10.0,13.0,14.0,1.0,0.0,3
0.0,0.0,1.0,12.0,11.0,1.0,0.0,0.0,0.0,0.0,1.0,16.0,16.0,4.0,0.0,0.0,0.0,0.0,3.0,16.0,15.0,2.0,0.0,0.0,0.0,0.0,9.0,16.0,12.0,0.0,0.0,0.0,0.0,0.0,12.0,16.0,5.0,0.0,0.0,0.0,0.0,0.0,14.0,16.0,6.0,0.0,0.0,0.0,0.0,0.0,9.0,16.0,8.0,0.0,0.0,0.0,0.0,0.0,2.0,11.0,13.0,1.0,0.0,0.0,1
0.0,0.0,0.0,9.0,11.0,0.0,0.0,0.0,0.0,0.0,5.0,15.0,1.0,0.0,0.0,0.0,0.0,2.0,16.0,4.0,0.0,3.0,9.0,0.0,0.0,7.0,14.0,0.0,1.0,14.0,12.0,0.0,0.0,9.0,16.0,12.0,14.0,15.0,1.0,0.0,0.0,0.0,6.0,8.0,15.0,6.0,0.0,0.0,0.0,0.0,0.0,4.0,16.0,1.0,0.0,0.0,0.0,0.0,0.0,9.0,13.0,0.0,0.0,0.0,4
0.0,0.0,5.0,15.0,12.0,1.0,0.0,0.0,0.0,0.0,8.0,8.0,6.0,12.0,0.0,0.0,0.0,2.0,5.0,0.0,0.0,12.0,2.0,0.0,0.0,4.0,14.0,0.0,0.0,8.0,6.0,0.0,0.0,7.0,11.0,0.0,0.0,9.0,7.0,0.0,0.0,3.0,13.0,0.0,0.0,12.0,3.0,0.0,0.0,0.0,16.0,5.0,9.0,14.0,1.0,0.0,0.0,0.0,5.0,15.0,11.0,4.0,0.0,0.0,0
0.0,1.0,13.0,16.0,16.0,11.0,0.0,0.0,0.0,10.0,16.0,7.0,0.0,0.0,0.0,0.0,0.0,5.0,15.0,4.0,0.0,0.0,0.0,0.0,0.0,2.0,16.0,14.0,5.0,0.0,0.0,0.0,0.0,3.0,15.0,16.0,16.0,3.0,0.0,0.0,0.0,0.0,1.0,0.0,11.0,11.0,0.0,0.0,0.0,0.0,1.0,5.0,15.0,9.0,0.0,0.0,0.0,0.0,13.0,16.0,13.0,1.0,0.0,0.0,5
0.0,1.0,13.0,16.0,16.0,12.0,1.0,0.0,0.0,12.0,15.0,6.0,12.0,16.0,3.0,0.0,0.0,13.0,10.0,10.0,16.0,9.0,0.0,0.0,0.0,0.0,5.0,16.0,15.0,4.0,0.0,0.0,0.0,0.0,0.0,2.0,10.0,14.0,1.0,0.0,0.0,0.0,0.0,0.0,1.0,16.0,7.0,0.0,0.0,0.0,3.0,1.0,5.0,16.0,9.0,0.0,0.0,1.0,14.0,16.0,16.0,11.0,1.0,0.0,3
0.0,0.0,2.0,14.0,15.0,3.0,0.0,0.0,0.0,0.0,7.0,16.0,11.0,0.0,0.0,0.0,0.0,0.0,13.0,15.0,1.0,0.0,0.0,0.0,0.0,1.0,16.0,11.0,0.0,0.0,0.0,0.0,0.0,2.0,16.0,9.0,0.0,0.0,0.0,0.0,0.0,2.0,16.0,16.0,16.0,9.0,0.0,0.0,0.0,0.0,13.0,16.0,10.0,16.0,7.0,0.0,0.0,0.0,3.0,15.0,16.0,16.0,4.0,0.0,6
0.0,0.0,12.0,16.0,15.0,6.0,0.0,0.0,0.0,0.0,15.0,12.0,7.0,15.0,1.0,0.0,0.0,1.0,15.0,15.0,7.0,16.0,4.0,0.0,0.0,1.0,12.0,16.0,16.0,14.0,1.0,0.0,0.0,0.0,0.0,4.0,10.0,13.0,0.0,0.0,0.0,0.0,0.0,0.0,1.0,15.0,3.0,0.0,0.0,0.0,3.0,0.0,2.0,16.0,6.0,0.0,0.0,0.0,13.0,16.0,16.0,15.0,1.0,0.0,9
0.0,0.0,1.0,10.0,7.0,0.0,0.0,0.0,0.0,0.0,6.0,13.0,0.0,0.0,0.0,0.0,0.0,0.0,13.0,5.0,0.0,0.0,0.0,0.0,0.0,2.0,16.0,1.0,5.0,2.0,0.0,0.0,0.0,3.0,16.0,15.0,11.0,9.0,5.0,0.0,0.0,2.0,16.0,6.0,0.0,2.0,14.0,0.0,0.0,0.0,10.0,10.0,1.0,5.0,15.0,0.0,0.0,0.0,1.0,12.0,15.0,14.0,6.0,0.0,6
0.0,0.0,3.0,16.0,12.0,2.0,0.0,0.0,0.0,0.0,6.0,16.0,16.0,3.0,0.0,0.0,0.0,0.0,9.0,16.0,16.0,0.0,0.0,0.0,0.0,0.0,9.0,16.0,16.0,1.0,0.0,0.0,0.0,0.0,9.0,16.0,16.0,0.0,0.0,0.0,0.0,0.0,9.0,16.0,13.0,0.0,0.0,0.0,0.0,0.0,7.0,16.0,13.0,0.0,0.0,0.0,0.0,0.0,3.0,14.0,16.0,3.0,0.0,0.0,1
0.0,0.0,11.0,16.0,12.0,12.0,16.0,7.0,0.0,3.0,16.0,9.0,8.0,16.0,10.0,0.0,0.0,1.0,10.0,0.0,6.0,14.0,2.0,0.0,0.0,0.0,1.0,8.0,15.0,15.0,11.0,0.0,0.0,0.0,12.0,16.0,15.0,7.0,2.0,0.0,0.0,0.0,4.0,13.0,7.0,0.0,0.0,0.0,0.0,0.0,4.0,16.0,3.0,0.0,0.0,0.0,0.0,0.0,12.0,12.0,0.0,0.0,0.0,0.0,7
0.0,0.0,2.0,10.0,16.0,12.0,0.0,0.0,0.0,2.0,15.0,14.0,8.0,1.0,0.0,0.0,0.0,2.0,16.0,4.0,0.0,0.0,0.0,0.0,0.0,6.0,16.0,14.0,13.0,3.0,0.0,0.0,0.0,10.0,16.0,7.0,11.0,12.0,0.0,0.0,0.0,0.0,1.0,0.0,4.0,16.0,0.0,0.0,0.0,0.0,0.0,0.0,7.0,16.0,2.0,0.0,0.0,0.0,2.0,14.0,16.0,8.0,0.0,0.0,5
0.0,0.0,0.0,5.0,14.0,0.0,0.0,0.0,0.0,0.0,1.0,15.0,5.0,0.0,0.0,0.0,0.0,0.0,11.0,9.0,0.0,0.0,3.0,0.0,0.0,4.0,14.0,1.0,0.0,8.0,15.0,0.0,0.0,10.0,14.0,12.0,13.0,16.0,6.0,0.0,0.0,5.0,12.0,9.0,11.0,15.0,0.0,0.0,0.0,0.0,0.0,0.0,11.0,9.0,0.0,0.0,0.0,0.0,0.0,4.0,14.0,1.0,0.0,0.0,4
0.0,0.0,0.0,11.0,8.0,0.0,0.0,0.0,0.0,0.0,8.0,15.0,2.0,0.0,2.0,1.0,0.0,2.0,16.0,5.0,0.0,4.0,16.0,3.0,0.0,5.0,16.0,8.0,11.0,16.0,9.0,0.0,0.0,4.0,15.0,14.0,13.0,16.0,2.0,0.0,0.0,0.0,0.0,0.0,10.0,10.0,0.0,0.0,0.0,0.0,0.0,3.0,16.0,3.0,0.0,0.0,0.0,0.0,0.0,9.0,11.0,0.0,0.0,0.0,4
0.0,0.0,8.0,16.0,14.0,15.0,0.0,0.0,0.0,0.0,13.0,11.0,15.0,11.0,0.0,0.0,0.0,4.0,14.0,1.0,13.0,5.0,0.0,0.0,0.0,3.0,7.0,8.0,16.0,4.0,3.0,0.0,0.0,0.0,14.0,16.0,16.0,13.0,7.0,0.0,0.0,0.0,5.0,13.0,2.0,0.0,0.0,0.0,0.0,0.0,6.0,10.0,0.0,0.0,0.0,0.0,0.0,0.0,10.0,6.0,0.0,0.0,0.0,0.0,7
0.0,2.0,15.0,15.0,3.0,0.0,0.0,0.0,0.0,11.0,15.0,11.0,12.0,0.0,0.0,0.0,0.0,8.0,10.0,0.0,16.0,0.0,0.0,0.0,0.0,1.0,3.0,2.0,16.0,0.0,0.0,0.0,0.0,0.0,0.0,4.0,12.0,0.0,0.0,0.0,0.0,0.0,1.0,12.0,9.0,0.0,0.0,0.0,0.0,0.0,14.0,16.0,13.0,13.0,15.0,3.0,0.0,2.0,13.0,14.0,12.0,12.0,8.0,1.0,2
0.0,0.0,9.0,14.0,14.0,3.0,0.0,0.0,0.0,4.0,13.0,1.0,4.0,11.0,0.0,0.0,0.0,1.0,14.0,1.0,11.0,7.0,6.0,0.0,0.0,0.0,15.0,13.0,9.0,12.0,3.0,0.0,0.0,0.0,1.0,14.0,14.0,0.0,0.0,0.0,0.0,0.0,5.0,14.0,12.0,0.0,0.0,0.0,0.0,0.0,12.0,1.0,9.0,5.0,0.0,0.0,0.0,0.0,11.0,12.0,13.0,3.0,0.0,0.0,8
0.0,0.0,5.0,16.0,15.0,3.0,0.0,0.0,0.0,0.0,13.0,15.0,14.0,7.0,0.0,0.0,0.0,0.0,13.0,4.0,13.0,8.0,0.0,0.0,0.0,0.0,0.0,0.0,16.0,5.0,0.0,0.0,0.0,0.0,0.0,7.0,16.0,0.0,0.0,0.0,0.0,0.0,6.0,15.0,9.0,0.0,0.0,0.0,0.0,2.0,16.0,16.0,16.0,9.0,13.0,3.0,0.0,0.0,5.0,2.0,9.0,16.0,14.0,3.0,2
0.0,0.0,7.0,16.0,13.0,2.0,0.0,0.0,0.0,0.0,14.0,15.0,13.0,9.0,0.0,0.0,0.0,0.0,14.0,8.0,9.0,10.0,0.0,0.0,0.0,0.0,1.0,2.0,9.0,12.0,0.0,0.0,0.0,0.0,0.0,0.0,13.0,8.0,0.0,0.0,0.0,0.0,0.0,5.0,16.0,4.0,0.0,0.0,0.0,0.0,6.0,15.0,16.0,5.0,5.0,5.0,0.0,0.0,6.0,16.0,16.0,16.0,16.0,13.0,2
0.0,0.0,10.0,16.0,15.0,8.0,2.0,0.0,0.0,9.0,16.0,12.0,8.0,9.0,3.0,0.0,0.0,13.0,16.0,9.0,0.0,0.0,0.0,0.0,0.0,7.0,16.0,16.0,10.0,0.0,0.0,0.0,0.0,7.0,13.0,8.0,16.0,4.0,0.0,0.0,0.0,0.0,0.0,1.0,16.0,5.0,0.0,0.0,0.0,0.0,2.0,12.0,15.0,1.0,0.0,0.0,0.0,0.0,13.0,16.0,6.0,0.0,0.0,0.0,5
0.0,0.0,8.0,11.0,8.0,10.0,14.0,8.0,0.0,3.0,15.0,11.0,12.0,16.0,5.0,1.0,0.0,1.0,16.0,0.0,11.0,8.0,0.0,0.0,0.0,0.0,1.0,5.0,16.0,5.0,0.0,0.0,0.0,0.0,3.0,15.0,16.0,14.0,0.0,0.0,0.0,0.0,7.0,16.0,3.0,0.0,0.0,0.0,0.0,0.0,6.0,13.0,0.0,0.0,0.0,0.0,0.0,0.0,11.0,7.0,0.0,0.0,0.0,0.0,7
0.0,0.0,8.0,15.0,9.0,0.0,0.0,0.0,0.0,1.0,16.0,10.0,16.0,9.0,0.0,0.0,0.0,2.0,6.0,2.0,16.0,16.0,1.0,0.0,0.0,3.0,9.0,9.0,16.0,14.0,0.0,0.0,0.0,0.0,7.0,5.0,12.0,5.0,0.0,0.0,0.0,0.0,0.0,0.0,7.0,12.0,1.0,0.0,0.0,0.0,0.0,0.0,2.0,16.0,4.0,0.0,0.0,0.0,9.0,13.0,12.0,10.0,1.0,0.0,9
0.0,0.0,1.0,10.0,16.0,13.0,0.0,0.0,0.0,2.0,15.0,15.0,9.0,6.0,0.0,0.0,0.0,5.0,16.0,1.0,0.0,0.0,0.0,0.0,0.0,8.0,16.0,14.0,5.0,0.0,0.0,0.0,0.0,11.0,16.0,13.0,15.0,3.0,0.0,0.0,0.0,1.0,3.0,0.0,11.0,12.0,0.0,0.0,0.0,0.0,0.0,2.0,13.0,10.0,0.0,0.0,0.0,0.0,1.0,14.0,15.0,3.0,0.0,0.0,5
0.0,0.0,0.0,9.0,16.0,3.0,0.0,0.0,0.0,0.0,7.0,16.0,7.0,0.0,0.0,0.0,0.0,2.0,15.0,8.0,0.0,1.0,7.0,0.0,0.0,9.0,14.0,0.0,2.0,13.0,14.0,0.0,0.0,8.0,16.0,14.0,15.0,16.0,6.0,0.0,0.0,1.0,7.0,8.0,16.0,12.0,0.0,0.0,0.0,0.0,0.0,7.0,16.0,5.0,0.0,0.0,0.0,0.0,0.0,12.0,12.0,0.0,0.0,0.0,4
0.0,0.0,15.0,12.0,3.0,0.0,0.0,0.0,0.0,0.0,15.0,9.0,14.0,1.0,0.0,0.0,0.0,0.0,12.0,10.0,15.0,1.0,0.0,0.0,0.0,0.0,5.0,16.0,4.0,10.0,7.0,0.0,0.0,0.0,0.0,11.0,14.0,11.0,0.0,0.0,0.0,0.0,1.0,12.0,13.0,11.0,0.0,0.0,0.0,0.0,12.0,6.0,0.0,9.0,4.0,0.0,0.0,0.0,15.0,4.0,5.0,13.0,6.0,0.0,8
0.0,1.0,14.0,16.0,16.0,11.0,2.0,0.0,0.0,0.0,14.0,9.0,2.0,10.0,11.0,0.0,0.0,0.0,5.0,16.0,5.0,14.0,5.0,0.0,0.0,0.0,0.0,12.0,16.0,16.0,5.0,0.0,0.0,0.0,7.0,14.0,14.0,8.0,0.0,0.0,0.0,1.0,14.0,3.0,6.0,11.0,0.0,0.0,0.0,4.0,8.0,0.0,8.0,11.0,0.0,0.0,0.0,2.0,13.0,12.0,15.0,2.0,0.0,0.0,8
0.0,0.0,1.0,10.0,15.0,2.0,0.0,0.0,0.0,0.0,7.0,16.0,7.0,3.0,5.0,0.0,0.0,3.0,16.0,7.0,3.0,16.0,11.0,0.0,0.0,9.0,14.0,1.0,10.0,14.0,2.0,0.0,0.0,11.0,16.0,16.0,16.0,10.0,0.0,0.0,0.0,2.0,4.0,8.0,16.0,3.0,0.0,0.0,0.0,0.0,0.0,9.0,13.0,0.0,0.0,0.0,0.0,0.0,0.0,12.0,9.0,0.0,0.0,0.0,4
0.0,0.0,2.0,12.0,9.0,0.0,0.0,0.0,0.0,0.0,1.0,15.0,7.0,9.0,0.0,0.0,0.0,0.0,0.0,11.0,1.0,14.0,1.0,0.0,0.0,0.0,10.0,8.0,11.0,13.0,1.0,0.0,0.0,0.0,9.0,14.0,16.0,9.0,0.0,0.0,0.0,0.0,0.0,0.0,1.0,10.0,3.0,0.0,0.0,0.0,0.0,0.0,0.0,3.0,14.0,2.0,0.0,0.0,5.0,14.0,13.0,14.0,10.0,1.0,9
0.0,0.0,2.0,12.0,12.0,1.0,0.0,0.0,0.0,2.0,12.0,12.0,6.0,11.0,0.0,0.0,0.0,10.0,13.0,0.0,0.0,10.0,2.0,0.0,0.0,8.0,11.0,0.0,0.0,6.0,6.0,0.0,0.0,7.0,9.0,0.0,0.0,4.0,9.0,0.0,0.0,3.0,13.0,0.0,0.0,8.0,12.0,0.0,0.0,0.0,12.0,12.0,9.0,16.0,7.0,0.0,0.0,0.0,1.0,12.0,16.0,9.0,1.0,0.0,0
0.0,3.0,14.0,5.0,0.0,0.0,0.0,0.0,0.0,2.0,15.0,15.0,3.0,1.0,1.0,0.0,0.0,0.0,6.0,16.0,4.0,13.0,8.0,0.0,0.0,0.0,0.0,14.0,14.0,13.0,1.0,0.0,0.0,0.0,2.0,15.0,13.0,1.0,0.0,0.0,0.0,1.0,14.0,8.0,15.0,0.0,0.0,0.0,0.0,5.0,12.0,0.0,12.0,3.0,0.0,0.0,0.0,2.0,14.0,13.0,15.0,3.0,0.0,0.0,8
0.0,0.0,15.0,15.0,10.0,2.0,0.0,0.0,0.0,0.0,16.0,5.0,8.0,11.0,0.0,0.0,0.0,0.0,9.0,12.0,1.0,14.0,4.0,0.0,0.0,0.0,6.0,16.0,16.0,15.0,2.0,0.0,0.0,0.0,0.0,4.0,11.0,1.0,0.0,0.0,0.0,0.0,0.0,0.0,7.0,7.0,0.0,0.0,0.0,0.0,0.0,0.0,2.0,11.0,0.0,0.0,0.0,0.0,10.0,12.0,13.0,11.0,0.0,0.0,9
0.0,3.0,16.0,9.0,2.0,0.0,0.0,0.0,0.0,3.0,16.0,13.0,12.0,0.0,0.0,0.0,0.0,0.0,12.0,11.0,14.0,10.0,6.0,0.0,0.0,0.0,2.0,15.0,16.0,10.0,2.0,0.0,0.0,0.0,6.0,14.0,15.0,1.0,0.0,0.0,0.0,3.0,15.0,4.0,9.0,7.0,0.0,0.0,0.0,6.0,13.0,1.0,10.0,9.0,0.0,0.0,0.0,2.0,11.0,12.0,14.0,4.0,0.0,0.0,8
0.0,0.0,4.0,14.0,14.0,2.0,0.0,0.0,0.0,5.0,16.0,11.0,7.0,10.0,0.0,0.0,0.0,4.0,16.0,4.0,0.0,11.0,1.0,0.0,0.0,7.0,14.0,1.0,0.0,7.0,5.0,0.0,0.0,4.0,10.0,0.0,0.0,7.0,7.0,0.0,0.0,1.0,12.0,0.0,0.0,12.0,3.0,0.0,0.0,0.0,9.0,6.0,6.0,13.0,0.0,0.0,0.0,0.0,0.0,10.0,14.0,4.0,0.0,0.0,0
0.0,0.0,0.0,5.0,15.0,13.0,1.0,0.0,0.0,0.0,2.0,14.0,16.0,14.0,0.0,0.0,0.0,1.0,13.0,16.0,16.0,12.0,0.0,0.0,0.0,9.0,16.0,14.0,16.0,6.0,0.0,0.0,0.0,3.0,5.0,6.0,16.0,4.0,0.0,0.0,0.0,0.0,0.0,8.0,16.0,2.0,0.0,0.0,0.0,0.0,0.0,9.0,16.0,3.0,0.0,0.0,0.0,0.0,0.0,4.0,15.0,13.0,1.0,0.0,1
0.0,2.0,14.0,16.0,6.0,0.0,0.0,0.0,0.0,12.0,14.0,12.0,15.0,0.0,0.0,0.0,0.0,11.0,2.0,8.0,12.0,0.0,0.0,0.0,0.0,0.0,0.0,11.0,11.0,0.0,0.0,0.0,0.0,0.0,2.0,16.0,4.0,0.0,0.0,0.0,0.0,0.0,7.0,13.0,0.0,0.0,0.0,0.0,0.0,1.0,14.0,13.0,8.0,8.0,7.0,0.0,0.0,2.0,15.0,16.0,16.0,15.0,8.0,0.0,2
0.0,1.0,9.0,15.0,16.0,6.0,0.0,0.0,0.0,13.0,15.0,10.0,16.0,11.0,0.0,0.0,0.0,5.0,3.0,4.0,16.0,7.0,0.0,0.0,0.0,0.0,0.0,8.0,16.0,7.0,0.0,0.0,0.0,0.0,0.0,1.0,13.0,15.0,5.0,0.0,0.0,0.0,0.0,0.0,2.0,13.0,11.0,0.0,0.0,0.0,12.0,5.0,3.0,13.0,14.0,0.0,0.0,0.0,10.0,16.0,16.0,14.0,5.0,0.0,3
0.0,0.0,0.0,8.0,15.0,0.0,0.0,0.0,0.0,0.0,5.0,16.0,6.0,0.0,0.0,0.0,0.0,1.0,14.0,10.0,0.0,7.0,7.0,0.0,0.0,5.0,16.0,3.0,1.0,16.0,7.0,0.0,0.0,8.0,16.0,11.0,13.0,16.0,3.0,0.0,0.0,1.0,11.0,15.0,16.0,13.0,3.0,0.0,0.0,0.0,0.0,7.0,16.0,1.0,0.0,0.0,0.0,0.0,0.0,12.0,10.0,0.0,0.0,0.0,4
0.0,0.0,5.0,12.0,16.0,9.0,0.0,0.0,0.0,7.0,16.0,10.0,3.0,0.0,0.0,0.0,0.0,8.0,13.0,0.0,0.0,0.0,0.0,0.0,0.0,9.0,14.0,4.0,6.0,0.0,0.0,0.0,0.0,4.0,14.0,12.0,13.0,13.0,1.0,0.0,0.0,0.0,0.0,0.0,0.0,15.0,4.0,0.0,0.0,0.0,0.0,0.0,4.0,15.0,7.0,0.0,0.0,0.0,4.0,12.0,13.0,8.0,0.0,0.0,5
0.0,0.0,6.0,15.0,4.0,0.0,0.0,0.0,0.0,1.0,14.0,7.0,0.0,0.0,0.0,0.0,0.0,4.0,15.0,1.0,0.0,0.0,0.0,0.0,0.0,5.0,11.0,0.0,2.0,1.0,0.0,0.0,0.0,4.0,13.0,12.0,16.0,13.0,3.0,0.0,0.0,1.0,16.0,2.0,1.0,8.0,10.0,0.0,0.0,0.0,12.0,4.0,0.0,11.0,12.0,0.0,0.0,0.0,4.0,13.0,12.0,14.0,2.0,0.0,6
0.0,0.0,8.0,14.0,16.0,16.0,2.0,0.0,0.0,0.0,11.0,6.0,7.0,16.0,1.0,0.0,0.0,0.0,0.0,0.0,10.0,12.0,0.0,0.0,0.0,1.0,11.0,16.0,16.0,16.0,12.0,0.0,0.0,2.0,12.0,13.0,13.0,2.0,0.0,0.0,0.0,0.0,1.0,14.0,4.0,0.0,0.0,0.0,0.0,0.0,8.0,12.0,0.0,0.0,0.0,0.0,0.0,0.0,12.0,7.0,0.0,0.0,0.0,0.0,7
0.0,1.0,10.0,9.0,11.0,5.0,0.0,0.0,1.0,14.0,8.0,1.0,2.0,11.0,0.0,0.0,0.0,14.0,3.0,0.0,11.0,5.0,0.0,0.0,0.0,2.0,12.0,12.0,11.0,0.0,0.0,0.0,0.0,0.0,2.0,15.0,14.0,4.0,0.0,0.0,0.0,0.0,11.0,5.0,1.0,12.0,2.0,0.0,0.0,0.0,13.0,0.0,0.0,14.0,2.0,0.0,0.0,0.0,9.0,13.0,16.0,9.0,0.0,0.0,8
0.0,0.0,9.0,16.0,15.0,3.0,0.0,0.0,0.0,6.0,16.0,11.0,10.0,12.0,0.0,0.0,0.0,7.0,15.0,1.0,1.0,15.0,5.0,0.0,0.0,3.0,16.0,6.0,9.0,16.0,9.0,0.0,0.0,0.0,5.0,11.0,13.0,14.0,10.0,0.0,0.0,0.0,0.0,0.0,0.0,10.0,10.0,0.0,0.0,0.0,0.0,0.0,0.0,13.0,11.0,0.0,0.0,0.0,10.0,16.0,16.0,15.0,6.0,0.0,9
0.0,0.0,3.0,14.0,9.0,3.0,0.0,0.0,0.0,0.0,11.0,13.0,8.0,14.0,2.0,0.0,0.0,2.0,16.0,3.0,0.0,9.0,4.0,0.0,0.0,5.0,12.0,0.0,0.0,4.0,8.0,0.0,0.0,8.0,8.0,0.0,0.0,7.0,8.0,0.0,0.0,5.0,11.0,0.0,2.0,15.0,3.0,0.0,0.0,0.0,14.0,5.0,13.0,7.0,0.0,0.0,0.0,0.0,5.0,14.0,5.0,0.0,0.0,0.0,0
0.0,0.0,0.0,0.0,13.0,12.0,0.0,0.0,0.0,0.0,0.0,10.0,16.0,14.0,0.0,0.0,0.0,1.0,12.0,16.0,16.0,11.0,0.0,0.0,0.0,11.0,16.0,12.0,16.0,8.0,0.0,0.0,0.0,6.0,4.0,7.0,16.0,6.0,0.0,0.0,0.0,0.0,0.0,6.0,16.0,5.0,0.0,0.0,0.0,0.0,0.0,4.0,16.0,8.0,0.0,0.0,0.0,0.0,0.0,0.0,15.0,11.0,0.0,0.0,1
0.0,0.0,11.0,16.0,12.0,1.0,0.0,0.0,0.0,3.0,16.0,9.0,16.0,5.0,0.0,0.0,0.0,0.0,6.0,1.0,16.0,10.0,0.0,0.0,0.0,0.0,0.0,5.0,16.0,6.0,0.0,0.0,0.0,0.0,0.0,9.0,15.0,0.0,0.0,0.0,0.0,0.0,3.0,15.0,6.0,0.0,0.0,0.0,0.0,0.0,10.0,16.0,4.0,5.0,8.0,1.0,0.0,0.0,13.0,16.0,16.0,16.0,16.0,6.0,2
0.0,0.0,7.0,14.0,16.0,13.0,1.0,0.0,0.0,9.0,15.0,8.0,10.0,16.0,7.0,0.0,0.0,5.0,1.0,0.0,14.0,14.0,1.0,0.0,0.0,0.0,0.0,4.0,16.0,12.0,0.0,0.0,0.0,0.0,0.0,2.0,16.0,13.0,0.0,0.0,0.0,0.0,0.0,0.0,6.0,16.0,7.0,0.0,0.0,0.0,9.0,7.0,6.0,16.0,9.0,0.0,0.0,0.0,5.0,15.0,16.0,11.0,3.0,0.0,3
0.0,0.0,0.0,1.0,15.0,9.0,0.0,0.0,0.0,0.0,0.0,10.0,15.0,3.0,0.0,0.0,0.0,0.0,9.0,16.0,5.0,3.0,6.0,0.0,0.0,5.0,16.0,8.0,0.0,12.0,13.0,0.0,0.0,12.0,14.0,4.0,8.0,16.0,9.0,0.0,0.0,12.0,16.0,16.0,16.0,16.0,0.0,0.0,0.0,0.0,4.0,2.0,14.0,11.0,0.0,0.0,0.0,0.0,0.0,1.0,16.0,9.0,0.0,0.0,4
0.0,1.0,12.0,16.0,16.0,15.0,0.0,0.0,0.0,7.0,16.0,9.0,4.0,3.0,0.0,0.0,0.0,10.0,15.0,1.0,0.0,0.0,0.0,0.0,0.0,11.0,15.0,8.0,7.0,1.0,0.0,0.0,0.0,2.0,13.0,16.0,16.0,15.0,5.0,0.0,0.0,0.0,0.0,0.0,0.0,13.0,14.0,0.0,0.0,0.0,2.0,7.0,13.0,16.0,9.0,0.0,0.0,0.0,14.0,16.0,12.0,5.0,0.0,0.0,5
0.0,0.0,3.0,13.0,16.0,7.0,0.0,0.0,0.0,1.0,12.0,16.0,8.0,0.0,0.0,0.0,0.0,2.0,16.0,8.0,0.0,0.0,0.0,0.0,0.0,8.0,16.0,4.0,0.0,0.0,0.0,0.0,0.0,9.0,16.0,10.0,11.0,4.0,0.0,0.0,0.0,6.0,16.0,14.0,13.0,16.0,3.0,0.0,0.0,1.0,11.0,11.0,2.0,14.0,10.0,0.0,0.0,0.0,2.0,15.0,16.0,15.0,6.0,0.0,6
0.0,0.0,5.0,13.0,16.0,16.0,6.0,0.0,0.0,0.0,12.0,6.0,4.0,13.0,9.0,0.0,0.0,0.0,0.0,0.0,1.0,15.0,3.0,0.0,0.0,0.0,0.0,2.0,10.0,13.0,2.0,0.0,0.0,2.0,12.0,16.0,16.0,12.0,5.0,0.0,0.0,1.0,6.0,9.0,11.0,0.0,0.0,0.0,0.0,0.0,0.0,15.0,1.0,0.0,0.0,0.0,0.0,0.0,6.0,11.0,0.0,0.0,0.0,0.0,7
0.0,0.0,10.0,16.0,16.0,8.0,0.0,0.0,0.0,5.0,16.0,6.0,7.0,14.0,0.0,0.0,0.0,3.0,16.0,3.0,13.0,9.0,0.0,0.0,0.0,0.0,13.0,15.0,9.0,0.0,0.0,0.0,0.0,0.0,10.0,16.0,1.0,0.0,0.0,0.0,0.0,0.0,16.0,15.0,6.0,0.0,0.0,0.0,0.0,1.0,15.0,12.0,11.0,0.0,0.0,0.0,0.0,0.0,5.0,16.0,10.0,0.0,0.0,0.0,8
0.0,0.0,8.0,16.0,10.0,2.0,0.0,0.0,0.0,0.0,12.0,13.0,14.0,11.0,0.0,0.0,0.0,0.0,10.0,13.0,8.0,16.0,2.0,0.0,0.0,0.0,4.0,15.0,15.0,16.0,8.0,0.0,0.0,0.0,0.0,3.0,8.0,11.0,13.0,0.0,0.0,0.0,0.0,0.0,0.0,5.0,16.0,4.0,0.0,0.0,1.0,2.0,2.0,7.0,16.0,5.0,0.0,0.0,3.0,14.0,16.0,16.0,11.0,1.0,9
0.0,0.0,7.0,11.0,3.0,1.0,0.0,0.0,0.0,1.0,14.0,16.0,13.0,13.0,0.0,0.0,0.0,3.0,16.0,12.0,1.0,6.0,6.0,0.0,0.0,4.0,10.0,4.0,0.0,4.0,8.0,0.0,0.0,8.0,8.0,0.0,0.0,11.0,5.0,0.0,0.0,7.0,9.0,0.0,2.0,14.0,0.0,0.0,0.0,1.0,12.0,4.0,12.0,10.0,0.0,0.0,0.0,0.0,6.0,14.0,9.0,0.0,0.0,0.0,0
0.0,0.0,0.0,8.0,13.0,3.0,0.0,0.0,0.0,0.0,8.0,16.0,16.0,8.0,0.0,0.0,0.0,12.0,16.0,16.0,16.0,2.0,0.0,0.0,0.0,9.0,9.0,16.0,10.0,0.0,0.0,0.0,0.0,0.0,2.0,15.0,8.0,0.0,0.0,0.0,0.0,0.0,4.0,16.0,7.0,0.0,0.0,0.0,0.0,0.0,3.0,16.0,10.0,0.0,0.0,0.0,0.0,0.0,0.0,7.0,13.0,2.0,0.0,0.0,1
0.0,2.0,10.0,14.0,16.0,12.0,0.0,0.0,0.0,10.0,12.0,7.0,10.0,12.0,0.0,0.0,0.0,0.0,0.0,0.0,13.0,10.0,0.0,0.0,0.0,0.0,0.0,3.0,16.0,3.0,0.0,0.0,0.0,0.0,0.0,13.0,10.0,0.0,0.0,0.0,0.0,0.0,5.0,16.0,1.0,0.0,0.0,0.0,0.0,0.0,14.0,15.0,12.0,16.0,10.0,0.0,0.0,1.0,16.0,13.0,9.0,3.0,0.0,0.0,2
0.0,1.0,8.0,10.0,14.0,10.0,0.0,0.0,0.0,12.0,10.0,6.0,6.0,16.0,2.0,0.0,0.0,3.0,0.0,0.0,7.0,14.0,1.0,0.0,0.0,0.0,0.0,0.0,9.0,11.0,0.0,0.0,0.0,0.0,0.0,0.0,2.0,16.0,1.0,0.0,0.0,0.0,0.0,0.0,0.0,8.0,12.0,0.0,0.0,0.0,4.0,0.0,2.0,11.0,9.0,0.0,0.0,0.0,12.0,16.0,14.0,12.0,4.0,0.0,3
0.0,0.0,0.0,11.0,10.0,0.0,0.0,0.0,0.0,0.0,8.0,16.0,5.0,0.0,0.0,0.0,0.0,3.0,16.0,10.0,4.0,11.0,0.0,0.0,0.0,11.0,13.0,0.0,9.0,16.0,0.0,0.0,0.0,12.0,13.0,5.0,14.0,16.0,8.0,0.0,0.0,3.0,12.0,14.0,16.0,11.0,3.0,0.0,0.0,0.0,0.0,10.0,11.0,0.0,0.0,0.0,0.0,0.0,0.0,11.0,8.0,0.0,0.0,0.0,4
0.0,5.0,15.0,12.0,12.0,12.0,4.0,0.0,0.0,10.0,14.0,12.0,12.0,9.0,7.0,0.0,0.0,12.0,11.0,0.0,0.0,0.0,0.0,0.0,0.0,5.0,15.0,10.0,0.0,0.0,0.0,0.0,0.0,0.0,3.0,16.0,3.0,0.0,0.0,0.0,0.0,0.0,0.0,15.0,4.0,0.0,0.0,0.0,0.0,1.0,7.0,16.0,4.0,0.0,0.0,0.0,0.0,4.0,15.0,12.0,0.0,0.0,0.0,0.0,5
0.0,0.0,0.0,6.0,12.0,0.0,0.0,0.0,0.0,0.0,5.0,16.0,7.0,0.0,0.0,0.0,0.0,0.0,12.0,9.0,0.0,0.0,0.0,0.0,0.0,1.0,16.0,5.0,0.0,0.0,0.0,0.0,0.0,1.0,16.0,10.0,12.0,9.0,2.0,0.0,0.0,0.0,13.0,8.0,2.0,5.0,13.0,0.0,0.0,0.0,6.0,11.0,1.0,2.0,16.0,3.0,0.0,0.0,0.0,8.0,11.0,14.0,11.0,2.0,6
0.0,0.0,2.0,9.0,14.0,16.0,15.0,0.0,0.0,3.0,16.0,13.0,8.0,10.0,16.0,0.0,0.0,1.0,2.0,0.0,0.0,11.0,9.0,0.0,0.0,0.0,3.0,11.0,12.0,16.0,11.0,0.0,0.0,0.0,12.0,14.0,16.0,12.0,2.0,0.0,0.0,0.0,0.0,3.0,16.0,3.0,0.0,0.0,0.0,0.0,0.0,7.0,10.0,0.0,0.0,0.0,0.0,0.0,0.0,14.0,5.0,0.0,0.0,0.0,7
0.0,1.0,12.0,15.0,16.0,13.0,1.0,0.0,0.0,4.0,16.0,15.0,7.0,15.0,4.0,0.0,0.0,0.0,16.0,6.0,11.0,15.0,2.0,0.0,0.0,0.0,9.0,16.0,15.0,4.0,0.0,0.0,0.0,0.0,8.0,16.0,8.0,0.0,0.0,0.0,0.0,0.0,15.0,15.0,11.0,0.0,0.0,0.0,0.0,2.0,16.0,10.0,12.0,0.0,0.0,0.0,0.0,2.0,13.0,16.0,10.0,0.0,0.0,0.0,8
0.0,0.0,13.0,14.0,9.0,1.0,0.0,0.0,0.0,5.0,16.0,12.0,12.0,12.0,1.0,0.0,0.0,6.0,16.0,2.0,2.0,16.0,5.0,0.0,0.0,3.0,16.0,5.0,3.0,16.0,9.0,0.0,0.0,0.0,9.0,16.0,16.0,16.0,10.0,0.0,0.0,0.0,0.0,6.0,7.0,15.0,9.0,0.0,0.0,0.0,0.0,0.0,6.0,16.0,5.0,0.0,0.0,0.0,10.0,16.0,16.0,12.0,0.0,0.0,9
0.0,0.0,9.0,14.0,15.0,6.0,0.0,0.0,0.0,2.0,16.0,12.0,1.0,13.0,0.0,0.0,0.0,3.0,12.0,7.0,0.0,8.0,4.0,0.0,0.0,6.0,11.0,4.0,0.0,7.0,2.0,0.0,0.0,4.0,9.0,0.0,0.0,12.0,1.0,0.0,0.0,3.0,9.0,0.0,4.0,11.0,0.0,0.0,0.0,1.0,12.0,5.0,12.0,3.0,0.0,0.0,0.0,0.0,6.0,14.0,5.0,0.0,0.0,0.0,0
0.0,1.0,9.0,15.0,13.0,4.0,0.0,0.0,0.0,8.0,12.0,4.0,8.0,8.0,0.0,0.0,0.0,9.0,11.0,0.0,5.0,16.0,3.0,0.0,0.0,4.0,13.0,8.0,16.0,16.0,6.0,0.0,0.0,0.0,4.0,8.0,2.0,11.0,9.0,0.0,0.0,0.0,0.0,0.0,0.0,10.0,8.0,0.0,0.0,0.0,7.0,0.0,3.0,14.0,6.0,0.0,0.0,0.0,7.0,16.0,14.0,8.0,0.0,0.0,9
0.0,1.0,7.0,14.0,16.0,12.0,1.0,0.0,0.0,7.0,16.0,9.0,6.0,11.0,1.0,0.0,0.0,11.0,12.0,4.0,1.0,0.0,0.0,0.0,0.0,12.0,16.0,16.0,15.0,6.0,0.0,0.0,0.0,3.0,9.0,4.0,11.0,12.0,0.0,0.0,0.0,0.0,0.0,0.0,8.0,16.0,0.0,0.0,0.0,0.0,0.0,0.0,14.0,13.0,0.0,0.0,0.0,0.0,6.0,16.0,15.0,3.0,0.0,0.0,5
0.0,3.0,16.0,13.0,15.0,16.0,11.0,0.0,0.0,5.0,16.0,14.0,12.0,8.0,10.0,0.0,0.0,2.0,16.0,12.0,0.0,0.0,0.0,0.0,0.0,0.0,7.0,16.0,12.0,0.0,0.0,0.0,0.0,0.0,0.0,7.0,16.0,8.0,0.0,0.0,0.0,0.0,0.0,0.0,13.0,11.0,0.0,0.0,0.0,3.0,6.0,8.0,16.0,7.0,0.0,0.0,0.0,2.0,15.0,15.0,9.0,0.0,0.0,0.0,5
0.0,0.0,2.0,14.0,14.0,0.0,0.0,0.0,0.0,0.0,7.0,16.0,7.0,0.0,0.0,0.0,0.0,0.0,13.0,12.0,0.0,0.0,0.0,0.0,0.0,1.0,16.0,8.0,4.0,2.0,0.0,0.0,0.0,4.0,16.0,16.0,16.0,15.0,3.0,0.0,0.0,2.0,16.0,12.0,4.0,6.0,16.0,2.0,0.0,0.0,13.0,8.0,3.0,6.0,16.0,6.0,0.0,0.0,2.0,13.0,14.0,16.0,12.0,1.0,6
0.0,3.0,14.0,14.0,16.0,16.0,10.0,0.0,0.0,9.0,15.0,9.0,7.0,1.0,0.0,0.0,0.0,10.0,16.0,11.0,1.0,0.0,0.0,0.0,0.0,1.0,7.0,14.0,9.0,0.0,0.0,0.0,0.0,0.0,0.0,7.0,16.0,0.0,0.0,0.0,0.0,0.0,0.0,6.0,15.0,0.0,0.0,0.0,0.0,1.0,1.0,11.0,10.0,0.0,0.0,0.0,0.0,3.0,15.0,16.0,4.0,0.0,0.0,0.0,5
0.0,0.0,7.0,14.0,16.0,13.0,1.0,0.0,0.0,0.0,15.0,13.0,3.0,13.0,8.0,0.0,0.0,6.0,15.0,2.0,0.0,8.0,8.0,0.0,0.0,6.0,16.0,0.0,0.0,6.0,11.0,0.0,0.0,9.0,13.0,0.0,0.0,13.0,9.0,0.0,0.0,5.0,15.0,0.0,5.0,16.0,5.0,0.0,0.0,4.0,16.0,9.0,16.0,12.0,0.0,0.0,0.0,0.0,8.0,16.0,12.0,3.0,0.0,0.0,0
0.0,0.0,6.0,12.0,14.0,4.0,0.0,0.0,0.0,2.0,15.0,2.0,1.0,15.0,0.0,0.0,0.0,2.0,14.0,0.0,3.0,16.0,2.0,0.0,0.0,0.0,13.0,5.0,14.0,14.0,6.0,0.0,0.0,0.0,2.0,8.0,4.0,7.0,9.0,0.0,0.0,0.0,0.0,0.0,0.0,9.0,9.0,0.0,0.0,0.0,5.0,0.0,5.0,14.0,3.0,0.0,0.0,0.0,7.0,13.0,12.0,4.0,0.0,0.0,9
0.0,1.0,13.0,9.0,8.0,13.0,2.0,0.0,0.0,10.0,7.0,0.0,0.0,12.0,2.0,0.0,0.0,9.0,6.0,0.0,9.0,6.0,0.0,0.0,0.0,1.0,13.0,10.0,10.0,0.0,0.0,0.0,0.0,0.0,9.0,16.0,2.0,0.0,0.0,0.0,0.0,2.0,12.0,5.0,12.0,1.0,0.0,0.0,0.0,4.0,9.0,0.0,9.0,5.0,0.0,0.0,0.0,1.0,12.0,11.0,8.0,0.0,0.0,0.0,8
0.0,1.0,7.0,14.0,10.0,0.0,0.0,0.0,0.0,10.0,12.0,5.0,9.0,7.0,0.0,0.0,0.0,10.0,6.0,0.0,6.0,15.0,0.0,0.0,0.0,5.0,11.0,11.0,14.0,15.0,1.0,0.0,0.0,0.0,2.0,7.0,1.0,10.0,5.0,0.0,0.0,0.0,0.0,0.0,0.0,9.0,5.0,0.0,0.0,0.0,5.0,3.0,0.0,13.0,5.0,0.0,0.0,0.0,4.0,14.0,14.0,12.0,2.0,0.0,9
0.0,0.0,13.0,14.0,12.0,15.0,4.0,0.0,0.0,0.0,16.0,5.0,5.0,16.0,5.0,0.0,0.0,0.0,13.0,7.0,15.0,4.0,0.0,0.0,0.0,0.0,11.0,16.0,2.0,0.0,0.0,0.0,0.0,2.0,13.0,10.0,6.0,0.0,0.0,0.0,0.0,8.0,5.0,1.0,15.0,0.0,0.0,0.0,0.0,5.0,8.0,1.0,16.0,0.0,0.0,0.0,0.0,1.0,10.0,16.0,8.0,0.0,0.0,0.0,8
0.0,0.0,0.0,3.0,16.0,2.0,0.0,0.0,0.0,0.0,0.0,12.0,12.0,0.0,0.0,0.0,0.0,0.0,5.0,16.0,2.0,5.0,12.0,0.0,0.0,3.0,15.0,8.0,0.0,11.0,13.0,0.0,0.0,9.0,16.0,4.0,7.0,16.0,8.0,0.0,0.0,9.0,16.0,16.0,16.0,16.0,2.0,0.0,0.0,0.0,0.0,0.0,13.0,12.0,0.0,0.0,0.0,0.0,0.0,1.0,16.0,9.0,0.0,0.0,4
0.0,0.0,7.0,16.0,13.0,4.0,0.0,0.0,0.0,0.0,7.0,16.0,16.0,9.0,0.0,0.0,0.0,0.0,1.0,16.0,16.0,9.0,0.0,0.0,0.0,0.0,3.0,16.0,16.0,9.0,0.0,0.0,0.0,0.0,8.0,16.0,16.0,8.0,0.0,0.0,0.0,0.0,10.0,16.0,16.0,4.0,0.0,0.0,0.0,0.0,9.0,16.0,14.0,1.0,0.0,0.0,0.0,0.0,4.0,12.0,14.0,8.0,0.0,0.0,1
0.0,0.0,12.0,16.0,16.0,12.0,0.0,0.0,0.0,0.0,6.0,4.0,10.0,13.0,1.0,0.0,0.0,0.0,0.0,0.0,13.0,9.0,0.0,0.0,0.0,0.0,5.0,9.0,16.0,16.0,12.0,0.0,0.0,3.0,16.0,16.0,11.0,3.0,0.0,0.0,0.0,0.0,7.0,13.0,0.0,0.0,0.0,0.0,0.0,0.0,11.0,8.0,0.0,0.0,0.0,0.0,0.0,0.0,16.0,3.0,0.0,0.0,0.0,0.0,7
0.0,1.0,9.0,12.0,16.0,16.0,4.0,0.0,0.0,1.0,11.0,8.0,7.0,16.0,4.0,0.0,0.0,0.0,0.0,0.0,8.0,13.0,0.0,0.0,0.0,0.0,5.0,11.0,15.0,15.0,9.0,0.0,0.0,0.0,16.0,15.0,13.0,5.0,2.0,0.0,0.0,0.0,2.0,16.0,5.0,0.0,0.0,0.0,0.0,0.0,9.0,14.0,1.0,0.0,0.0,0.0,0.0,0.0,14.0,10.0,0.0,0.0,0.0,0.0,7
0.0,2.0,10.0,15.0,16.0,16.0,14.0,0.0,0.0,7.0,11.0,4.0,6.0,15.0,9.0,0.0,0.0,0.0,0.0,6.0,15.0,12.0,0.0,0.0,0.0,0.0,3.0,16.0,9.0,0.0,0.0,0.0,0.0,0.0,5.0,16.0,8.0,0.0,0.0,0.0,0.0,0.0,0.0,11.0,15.0,2.0,0.0,0.0,0.0,0.0,1.0,6.0,16.0,2.0,0.0,0.0,0.0,1.0,16.0,16.0,6.0,0.0,0.0,0.0,3
0.0,0.0,2.0,12.0,16.0,16.0,7.0,0.0,0.0,0.0,10.0,13.0,7.0,8.0,3.0,0.0,0.0,2.0,15.0,6.0,0.0,0.0,0.0,0.0,0.0,11.0,14.0,7.0,5.0,1.0,0.0,0.0,0.0,5.0,16.0,16.0,16.0,15.0,6.0,0.0,0.0,0.0,4.0,4.0,4.0,14.0,8.0,0.0,0.0,0.0,0.0,4.0,7.0,14.0,5.0,0.0,0.0,0.0,2.0,15.0,15.0,5.0,0.0,0.0,5
0.0,0.0,0.0,4.0,15.0,12.0,0.0,0.0,0.0,0.0,5.0,15.0,16.0,11.0,0.0,0.0,0.0,8.0,16.0,16.0,16.0,4.0,0.0,0.0,0.0,14.0,11.0,11.0,16.0,2.0,0.0,0.0,0.0,0.0,0.0,7.0,16.0,0.0,0.0,0.0,0.0,0.0,0.0,9.0,16.0,2.0,0.0,0.0,0.0,0.0,0.0,9.0,16.0,3.0,0.0,0.0,0.0,0.0,0.0,5.0,16.0,5.0,0.0,0.0,1
0.0,2.0,8.0,15.0,16.0,10.0,0.0,0.0,0.0,11.0,16.0,10.0,4.0,15.0,1.0,0.0,0.0,12.0,13.0,0.0,0.0,13.0,5.0,0.0,0.0,11.0,13.0,0.0,0.0,15.0,7.0,0.0,0.0,8.0,16.0,0.0,0.0,15.0,6.0,0.0,0.0,6.0,16.0,1.0,5.0,16.0,2.0,0.0,0.0,2.0,16.0,6.0,15.0,12.0,0.0,0.0,0.0,0.0,7.0,16.0,14.0,1.0,0.0,0.0,0
0.0,0.0,8.0,15.0,16.0,11.0,0.0,0.0,0.0,2.0,16.0,10.0,4.0,14.0,4.0,0.0,0.0,6.0,16.0,2.0,0.0,8.0,8.0,0.0,0.0,10.0,12.0,0.0,0.0,11.0,6.0,0.0,0.0,9.0,11.0,0.0,0.0,15.0,6.0,0.0,0.0,8.0,12.0,0.0,7.0,15.0,1.0,0.0,0.0,2.0,15.0,7.0,15.0,9.0,0.0,0.0,0.0,0.0,10.0,16.0,12.0,1.0,0.0,0.0,0
0.0,1.0,13.0,16.0,15.0,6.0,0.0,0.0,0.0,10.0,15.0,9.0,11.0,15.0,0.0,0.0,0.0,7.0,9.0,0.0,12.0,12.0,0.0,0.0,0.0,0.0,0.0,0.0,15.0,6.0,0.0,0.0,0.0,0.0,0.0,8.0,15.0,1.0,0.0,0.0,0.0,0.0,2.0,15.0,10.0,0.0,0.0,0.0,0.0,0.0,10.0,16.0,10.0,9.0,16.0,2.0,0.0,0.0,13.0,16.0,15.0,11.0,4.0,0.0,2
0.0,0.0,9.0,16.0,15.0,3.0,0.0,0.0,0.0,7.0,15.0,7.0,16.0,7.0,0.0,0.0,0.0,2.0,2.0,0.0,16.0,2.0,0.0,0.0,0.0,0.0,0.0,6.0,15.0,0.0,0.0,0.0,0.0,0.0,0.0,13.0,10.0,0.0,0.0,0.0,0.0,0.0,3.0,16.0,3.0,3.0,5.0,0.0,0.0,0.0,11.0,14.0,10.0,16.0,6.0,0.0,0.0,0.0,11.0,16.0,13.0,5.0,0.0,0.0,2
0.0,0.0,3.0,12.0,16.0,13.0,0.0,0.0,0.0,1.0,14.0,9.0,10.0,13.0,0.0,0.0,0.0,0.0,2.0,0.0,10.0,10.0,0.0,0.0,0.0,0.0,3.0,7.0,15.0,16.0,10.0,0.0,0.0,0.0,16.0,16.0,15.0,3.0,0.0,0.0,0.0,0.0,3.0,13.0,7.0,0.0,0.0,0.0,0.0,0.0,0.0,16.0,2.0,0.0,0.0,0.0,0.0,0.0,4.0,15.0,0.0,0.0,0.0,0.0,7
0.0,0.0,5.0,12.0,16.0,10.0,0.0,0.0,0.0,6.0,16.0,13.0,3.0,15.0,1.0,0.0,0.0,11.0,8.0,5.0,5.0,10.0,0.0,0.0,0.0,4.0,11.0,2.0,12.0,2.0,0.0,0.0,0.0,0.0,6.0,16.0,6.0,0.0,0.0,0.0,0.0,0.0,2.0,15.0,8.0,0.0,0.0,0.0,0.0,0.0,8.0,13.0,8.0,0.0,0.0,0.0,0.0,0.0,5.0,15.0,4.0,0.0,0.0,0.0,8
0.0,4.0,15.0,16.0,13.0,1.0,0.0,0.0,0.0,9.0,14.0,10.0,16.0,6.0,0.0,0.0,0.0,1.0,1.0,6.0,16.0,2.0,0.0,0.0,0.0,0.0,0.0,8.0,14.0,1.0,0.0,0.0,0.0,0.0,5.0,16.0,5.0,0.0,0.0,0.0,0.0,0.0,13.0,14.0,0.0,0.0,0.0,0.0,0.0,5.0,16.0,9.0,8.0,8.0,10.0,0.0,0.0,4.0,15.0,16.0,16.0,16.0,9.0,0.0,2
0.0,0.0,6.0,14.0,13.0,1.0,0.0,0.0,0.0,3.0,16.0,10.0,5.0,11.0,0.0,0.0,0.0,5.0,16.0,0.0,0.0,13.0,0.0,0.0,0.0,6.0,12.0,0.0,0.0,12.0,3.0,0.0,0.0,7.0,12.0,0.0,0.0,13.0,3.0,0.0,0.0,3.0,11.0,0.0,5.0,12.0,0.0,0.0,0.0,0.0,13.0,4.0,15.0,4.0,0.0,0.0,0.0,0.0,5.0,16.0,6.0,0.0,0.0,0.0,0
0.0,0.0,1.0,16.0,11.0,0.0,0.0,0.0,0.0,0.0,0.0,15.0,16.0,1.0,0.0,0.0,0.0,0.0,0.0,15.0,14.0,0.0,0.0,0.0,0.0,0.0,2.0,16.0,14.0,0.0,0.0,0.0,0.0,0.0,1.0,16.0,15.0,0.0,0.0,0.0,0.0,0.0,0.0,14.0,13.0,0.0,0.0,0.0,0.0,0.0,0.0,13.0,10.0,0.0,0.0,0.0,0.0,0.0,0.0,12.0,11.0,0.0,0.0,0.0,1
0.0,1.0,10.0,15.0,15.0,5.0,0.0,0.0,0.0,11.0,16.0,9.0,12.0,10.0,0.0,0.0,0.0,15.0,6.0,0.0,14.0,7.0,0.0,0.0,0.0,0.0,0.0,6.0,16.0,5.0,0.0,0.0,0.0,0.0,1.0,15.0,11.0,0.0,0.0,0.0,0.0,0.0,5.0,16.0,4.0,0.0,0.0,0.0,0.0,1.0,15.0,11.0,8.0,12.0,14.0,1.0,0.0,1.0,15.0,16.0,16.0,12.0,5.0,0.0,2
0.0,0.0,0.0,14.0,13.0,1.0,0.0,0.0,0.0,0.0,4.0,16.0,11.0,0.0,0.0,0.0,0.0,0.0,12.0,16.0,1.0,0.0,0.0,0.0,0.0,1.0,15.0,16.0,14.0,1.0,0.0,0.0,0.0,4.0,16.0,12.0,8.0,12.0,7.0,0.0,0.0,2.0,15.0,8.0,0.0,8.0,16.0,2.0,0.0,0.0,10.0,14.0,9.0,15.0,15.0,1.0,0.0,0.0,1.0,14.0,16.0,14.0,2.0,0.0,6
0.0,2.0,9.0,15.0,16.0,15.0,2.0,0.0,0.0,11.0,11.0,5.0,9.0,16.0,3.0,0.0,0.0,0.0,0.0,0.0,9.0,12.0,0.0,0.0,0.0,0.0,0.0,0.0,6.0,15.0,1.0,0.0,0.0,0.0,0.0,0.0,0.0,14.0,9.0,0.0,0.0,0.0,0.0,0.0,0.0,12.0,12.0,0.0,0.0,0.0,5.0,3.0,6.0,15.0,7.0,0.0,0.0,0.0,12.0,16.0,15.0,9.0,1.0,0.0,3
0.0,0.0,8.0,14.0,16.0,13.0,1.0,0.0,0.0,10.0,9.0,4.0,6.0,16.0,3.0,0.0,0.0,0.0,0.0,1.0,10.0,13.0,0.0,0.0,0.0,0.0,0.0,7.0,14.0,2.0,0.0,0.0,0.0,0.0,0.0,7.0,13.0,1.0,0.0,0.0,0.0,0.0,0.0,0.0,8.0,13.0,1.0,0.0,0.0,0.0,0.0,0.0,3.0,16.0,4.0,0.0,0.0,0.0,14.0,16.0,13.0,9.0,0.0,0.0,3
0.0,0.0,4.0,11.0,16.0,16.0,2.0,0.0,0.0,0.0,8.0,8.0,9.0,14.0,0.0,0.0,0.0,0.0,0.0,0.0,11.0,12.0,3.0,0.0,0.0,6.0,15.0,16.0,16.0,15.0,6.0,0.0,0.0,3.0,7.0,11.0,13.0,0.0,0.0,0.0,0.0,0.0,0.0,15.0,2.0,0.0,0.0,0.0,0.0,0.0,3.0,16.0,0.0,0.0,0.0,0.0,0.0,0.0,5.0,12.0,0.0,0.0,0.0,0.0,7
0.0,0.0,9.0,14.0,16.0,16.0,2.0,0.0,0.0,7.0,15.0,7.0,4.0,14.0,8.0,0.0,0.0,0.0,0.0,0.0,5.0,15.0,4.0,0.0,0.0,0.0,0.0,0.0,16.0,4.0,0.0,0.0,0.0,0.0,0.0,0.0,15.0,4.0,0.0,0.0,0.0,0.0,0.0,0.0,7.0,12.0,0.0,0.0,0.0,0.0,15.0,2.0,8.0,14.0,0.0,0.0,0.0,0.0,10.0,15.0,12.0,3.0,0.0,0.0,3
0.0,2.0,13.0,16.0,16.0,15.0,4.0,0.0,0.0,7.0,12.0,8.0,8.0,16.0,12.0,0.0,0.0,0.0,0.0,0.0,8.0,16.0,7.0,0.0,0.0,0.0,0.0,0.0,14.0,10.0,0.0,0.0,0.0,0.0,0.0,0.0,12.0,15.0,3.0,0.0,0.0,0.0,0.0,0.0,2.0,16.0,11.0,0.0,0.0,0.0,4.0,4.0,7.0,16.0,10.0,0.0,0.0,2.0,15.0,16.0,16.0,12.0,1.0,0.0,3
0.0,0.0,0.0,1.0,14.0,5.0,0.0,0.0,0.0,0.0,0.0,11.0,11.0,0.0,0.0,0.0,0.0,0.0,9.0,12.0,1.0,0.0,0.0,0.0,0.0,5.0,15.0,1.0,0.0,2.0,4.0,0.0,0.0,14.0,7.0,0.0,0.0,13.0,10.0,0.0,0.0,15.0,16.0,16.0,16.0,16.0,5.0,0.0,0.0,3.0,8.0,8.0,15.0,10.0,0.0,0.0,0.0,0.0,0.0,3.0,15.0,2.0,0.0,0.0,4
0.0,0.0,0.0,9.0,9.0,0.0,0.0,0.0,0.0,0.0,3.0,15.0,4.0,0.0,0.0,0.0,0.0,0.0,10.0,12.0,0.0,0.0,0.0,0.0,0.0,0.0,12.0,8.0,4.0,3.0,0.0,0.0,0.0,0.0,14.0,16.0,12.0,14.0,5.0,0.0,0.0,0.0,12.0,10.0,0.0,4.0,13.0,0.0,0.0,0.0,9.0,11.0,0.0,6.0,16.0,1.0,0.0,0.0,0.0,8.0,14.0,15.0,8.0,0.0,6
0.0,0.0,0.0,14.0,15.0,1.0,0.0,0.0,0.0,0.0,6.0,16.0,11.0,0.0,0.0,0.0,0.0,0.0,13.0,15.0,2.0,0.0,0.0,0.0,0.0,0.0,16.0,12.0,0.0,0.0,0.0,0.0,0.0,3.0,16.0,16.0,16.0,10.0,1.0,0.0,0.0,2.0,16.0,12.0,4.0,11.0,12.0,0.0,0.0,0.0,10.0,14.0,6.0,14.0,15.0,0.0,0.0,0.0,1.0,13.0,16.0,16.0,10.0,0.0,6
0.0,0.0,0.0,13.0,15.0,2.0,0.0,0.0,0.0,0.0,4.0,16.0,11.0,1.0,0.0,0.0,0.0,0.0,13.0,15.0,1.0,0.0,0.0,0.0,0.0,0.0,15.0,9.0,0.0,0.0,0.0,0.0,0.0,4.0,16.0,14.0,15.0,8.0,0.0,0.0,0.0,1.0,16.0,15.0,8.0,13.0,9.0,0.0,0.0,0.0,11.0,10.0,0.0,11.0,16.0,0.0,0.0,0.0,2.0,14.0,16.0,16.0,13.0,0.0,6
0.0,0.0,0.0,4.0,15.0,7.0,0.0,0.0,0.0,0.0,3.0,15.0,12.0,0.0,0.0,0.0,0.0,1.0,14.0,12.0,0.0,2.0,11.0,0.0,0.0,10.0,14.0,0.0,0.0,13.0,12.0,0.0,0.0,11.0,15.0,12.0,15.0,16.0,5.0,0.0,0.0,4.0,10.0,8.0,16.0,11.0,0.0,0.0,0.0,0.0,0.0,2.0,16.0,4.0,0.0,0.0,0.0,0.0,0.0,6.0,14.0,0.0,0.0,0.0,4
0.0,0.0,9.0,16.0,10.0,2.0,0.0,0.0,0.0,0.0,16.0,14.0,11.0,10.0,0.0,0.0,0.0,1.0,16.0,9.0,12.0,15.0,0.0,0.0,0.0,0.0,7.0,15.0,16.0,16.0,8.0,0.0,0.0,0.0,0.0,10.0,6.0,16.0,10.0,0.0,0.0,0.0,0.0,0.0,1.0,15.0,9.0,0.0,0.0,0.0,0.0,1.0,7.0,16.0,8.0,0.0,0.0,0.0,6.0,16.0,16.0,14.0,1.0,0.0,9
0.0,0.0,6.0,16.0,11.0,0.0,0.0,0.0,0.0,0.0,9.0,16.0,16.0,5.0,0.0,0.0,0.0,0.0,8.0,16.0,16.0,4.0,0.0,0.0,0.0,0.0,10.0,16.0,13.0,0.0,0.0,0.0,0.0,0.0,13.0,16.0,12.0,0.0,0.0,0.0,0.0,0.0,10.0,16.0,9.0,0.0,0.0,0.0,0.0,0.0,9.0,16.0,10.0,0.0,0.0,0.0,0.0,0.0,4.0,15.0,16.0,3.0,0.0,0.0,1
0.0,0.0,10.0,12.0,16.0,16.0,8.0,0.0,0.0,4.0,16.0,16.0,11.0,5.0,4.0,0.0,0.0,10.0,12.0,3.0,0.0,0.0,0.0,0.0,0.0,12.0,11.0,0.0,0.0,0.0,0.0,0.0,0.0,6.0,16.0,14.0,8.0,0.0,0.0,0.0,0.0,0.0,5.0,10.0,16.0,3.0,0.0,0.0,0.0,0.0,4.0,8.0,16.0,3.0,0.0,0.0,0.0,0.0,13.0,16.0,11.0,0.0,0.0,0.0,5
0.0,0.0,7.0,5.0,14.0,13.0,0.0,0.0,0.0,0.0,16.0,15.0,6.0,9.0,2.0,0.0,0.0,4.0,16.0,7.0,0.0,4.0,4.0,0.0,0.0,6.0,12.0,1.0,0.0,5.0,7.0,0.0,0.0,8.0,7.0,0.0,0.0,12.0,3.0,0.0,0.0,4.0,8.0,0.0,4.0,12.0,0.0,0.0,0.0,2.0,12.0,5.0,15.0,4.0,0.0,0.0,0.0,0.0,6.0,15.0,6.0,0.0,0.0,0.0,0
0.0,0.0,9.0,16.0,16.0,7.0,0.0,0.0,0.0,2.0,16.0,11.0,4.0,15.0,2.0,0.0,0.0,4.0,16.0,2.0,2.0,16.0,6.0,0.0,0.0,0.0,13.0,11.0,13.0,16.0,10.0,0.0,0.0,0.0,1.0,10.0,13.0,16.0,6.0,0.0,0.0,0.0,0.0,0.0,3.0,16.0,7.0,0.0,0.0,0.0,0.0,2.0,13.0,14.0,1.0,0.0,0.0,0.0,11.0,15.0,15.0,6.0,0.0,0.0,9
0.0,0.0,9.0,16.0,16.0,7.0,0.0,0.0,0.0,7.0,16.0,12.0,7.0,11.0,2.0,0.0,0.0,13.0,13.0,1.0,0.0,0.0,0.0,0.0,0.0,10.0,16.0,10.0,7.0,0.0,0.0,0.0,0.0,0.0,8.0,12.0,16.0,10.0,0.0,0.0,0.0,0.0,0.0,0.0,5.0,16.0,3.0,0.0,0.0,0.0,1.0,0.0,11.0,16.0,1.0,0.0,0.0,0.0,7.0,16.0,16.0,6.0,0.0,0.0,5
0.0,2.0,11.0,16.0,15.0,6.0,0.0,0.0,0.0,11.0,15.0,9.0,14.0,13.0,0.0,0.0,0.0,7.0,1.0,0.0,13.0,9.0,0.0,0.0,0.0,0.0,0.0,1.0,16.0,8.0,0.0,0.0,0.0,0.0,1.0,11.0,13.0,1.0,0.0,0.0,0.0,0.0,5.0,16.0,5.0,0.0,0.0,0.0,0.0,2.0,15.0,9.0,2.0,4.0,4.0,0.0,0.0,2.0,15.0,16.0,16.0,16.0,16.0,1.0,2
0.0,2.0,9.0,16.0,13.0,13.0,2.0,0.0,0.0,11.0,11.0,4.0,2.0,10.0,4.0,0.0,0.0,6.0,12.0,2.0,4.0,12.0,0.0,0.0,0.0,0.0,6.0,14.0,13.0,2.0,0.0,0.0,0.0,0.0,1.0,14.0,12.0,0.0,0.0,0.0,0.0,0.0,8.0,7.0,13.0,0.0,0.0,0.0,0.0,0.0,12.0,5.0,12.0,0.0,0.0,0.0,0.0,0.0,13.0,14.0,3.0,0.0,0.0,0.0,8
0.0,1.0,12.0,16.0,14.0,8.0,0.0,0.0,0.0,4.0,16.0,8.0,10.0,15.0,3.0,0.0,0.0,0.0,0.0,0.0,5.0,16.0,3.0,0.0,0.0,0.0,0.0,1.0,12.0,15.0,0.0,0.0,0.0,0.0,0.0,10.0,16.0,5.0,0.0,0.0,0.0,0.0,5.0,16.0,10.0,0.0,0.0,0.0,0.0,1.0,14.0,15.0,6.0,10.0,11.0,0.0,0.0,0.0,13.0,16.0,16.0,14.0,8.0,1.0,2
0.0,0.0,11.0,8.0,12.0,5.0,0.0,0.0,0.0,1.0,15.0,11.0,6.0,14.0,2.0,0.0,0.0,4.0,11.0,0.0,0.0,9.0,4.0,0.0,0.0,4.0,8.0,0.0,0.0,8.0,6.0,0.0,0.0,6.0,7.0,0.0,0.0,11.0,3.0,0.0,0.0,5.0,8.0,0.0,5.0,13.0,0.0,0.0,0.0,3.0,13.0,5.0,15.0,3.0,0.0,0.0,0.0,0.0,9.0,14.0,4.0,0.0,0.0,0.0,0
0.0,0.0,4.0,13.0,15.0,6.0,0.0,0.0,0.0,0.0,15.0,11.0,2.0,14.0,2.0,0.0,0.0,3.0,14.0,1.0,0.0,12.0,4.0,0.0,0.0,5.0,12.0,0.0,0.0,9.0,5.0,0.0,0.0,5.0,5.0,0.0,0.0,12.0,2.0,0.0,0.0,4.0,9.0,0.0,2.0,13.0,2.0,0.0,0.0,0.0,13.0,2.0,14.0,7.0,0.0,0.0,0.0,0.0,5.0,16.0,7.0,0.0,0.0,0.0,0
0.0,0.0,3.0,16.0,12.0,1.0,0.0,0.0,0.0,0.0,3.0,16.0,16.0,5.0,0.0,0.0,0.0,0.0,2.0,16.0,16.0,5.0,0.0,0.0,0.0,0.0,0.0,16.0,16.0,5.0,0.0,0.0,0.0,0.0,4.0,16.0,16.0,2.0,0.0,0.0,0.0,0.0,4.0,16.0,14.0,0.0,0.0,0.0,0.0,0.0,6.0,16.0,14.0,0.0,0.0,0.0,0.0,0.0,2.0,16.0,14.0,0.0,0.0,0.0,1
0.0,1.0,13.0,16.0,16.0,12.0,0.0,0.0,0.0,3.0,12.0,6.0,11.0,14.0,0.0,0.0,0.0,0.0,0.0,0.0,9.0,12.0,0.0,0.0,0.0,1.0,9.0,15.0,16.0,16.0,9.0,0.0,0.0,2.0,12.0,15.0,14.0,5.0,5.0,0.0,0.0,0.0,5.0,15.0,1.0,0.0,0.0,0.0,0.0,0.0,11.0,9.0,0.0,0.0,0.0,0.0,0.0,0.0,15.0,3.0,0.0,0.0,0.0,0.0,7
0.0,0.0,1.0,9.0,15.0,2.0,0.0,0.0,0.0,0.0,5.0,16.0,7.0,1.0,0.0,0.0,0.0,0.0,14.0,8.0,0.0,0.0,0.0,0.0,0.0,0.0,15.0,6.0,8.0,4.0,0.0,0.0,0.0,0.0,15.0,16.0,13.0,14.0,7.0,0.0,0.0,0.0,14.0,3.0,0.0,3.0,12.0,0.0,0.0,0.0,6.0,9.0,7.0,9.0,15.0,0.0,0.0,0.0,0.0,10.0,14.0,14.0,2.0,0.0,6
0.0,3.0,12.0,15.0,16.0,16.0,3.0,0.0,0.0,6.0,16.0,9.0,9.0,16.0,6.0,0.0,0.0,0.0,3.0,0.0,11.0,15.0,1.0,0.0,0.0,0.0,0.0,4.0,16.0,7.0,0.0,0.0,0.0,0.0,0.0,7.0,16.0,4.0,0.0,0.0,0.0,0.0,0.0,0.0,13.0,11.0,0.0,0.0,0.0,0.0,4.0,5.0,15.0,14.0,0.0,0.0,0.0,3.0,16.0,16.0,15.0,6.0,0.0,0.0,3
0.0,1.0,13.0,16.0,16.0,5.0,0.0,0.0,0.0,7.0,10.0,4.0,10.0,12.0,0.0,0.0,0.0,0.0,0.0,0.0,11.0,7.0,0.0,0.0,0.0,0.0,0.0,2.0,15.0,2.0,0.0,0.0,0.0,0.0,0.0,12.0,7.0,0.0,0.0,0.0,0.0,0.0,6.0,12.0,1.0,0.0,0.0,0.0,0.0,0.0,16.0,3.0,1.0,5.0,3.0,0.0,0.0,1.0,15.0,16.0,16.0,15.0,3.0,0.0,2
0.0,0.0,1.0,12.0,16.0,8.0,0.0,0.0,0.0,2.0,13.0,16.0,16.0,8.0,0.0,0.0,0.0,13.0,16.0,14.0,16.0,12.0,0.0,0.0,0.0,11.0,6.0,7.0,16.0,2.0,0.0,0.0,0.0,0.0,0.0,11.0,16.0,1.0,0.0,0.0,0.0,0.0,0.0,13.0,13.0,0.0,0.0,0.0,0.0,0.0,0.0,15.0,13.0,0.0,0.0,0.0,0.0,0.0,0.0,13.0,13.0,0.0,0.0,0.0,1
0.0,0.0,9.0,15.0,15.0,2.0,0.0,0.0,0.0,3.0,11.0,4.0,15.0,6.0,0.0,0.0,0.0,0.0,0.0,0.0,16.0,2.0,0.0,0.0,0.0,2.0,12.0,13.0,16.0,16.0,11.0,0.0,0.0,2.0,12.0,15.0,11.0,6.0,1.0,0.0,0.0,0.0,3.0,16.0,0.0,0.0,0.0,0.0,0.0,0.0,5.0,14.0,0.0,0.0,0.0,0.0,0.0,0.0,11.0,7.0,0.0,0.0,0.0,0.0,7
0.0,0.0,0.0,2.0,16.0,3.0,0.0,0.0,0.0,0.0,0.0,12.0,13.0,0.0,0.0,0.0,0.0,0.0,8.0,15.0,2.0,1.0,0.0,0.0,0.0,1.0,15.0,8.0,1.0,13.0,11.0,0.0,0.0,9.0,16.0,7.0,12.0,16.0,4.0,0.0,0.0,5.0,13.0,16.0,16.0,11.0,0.0,0.0,0.0,0.0,0.0,2.0,16.0,5.0,0.0,0.0,0.0,0.0,0.0,4.0,16.0,2.0,0.0,0.0,4
0.0,0.0,0.0,7.0,12.0,0.0,0.0,0.0,0.0,0.0,4.0,16.0,8.0,0.0,0.0,0.0,0.0,0.0,12.0,11.0,0.0,0.0,0.0,0.0,0.0,0.0,15.0,10.0,8.0,6.0,1.0,0.0,0.0,0.0,15.0,16.0,8.0,10.0,8.0,0.0,0.0,0.0,14.0,7.0,0.0,0.0,12.0,0.0,0.0,0.0,8.0,11.0,0.0,5.0,16.0,2.0,0.0,0.0,0.0,9.0,14.0,14.0,5.0,0.0,6
0.0,0.0,10.0,16.0,16.0,11.0,0.0,0.0,0.0,1.0,11.0,7.0,6.0,16.0,3.0,0.0,0.0,0.0,0.0,0.0,10.0,15.0,0.0,0.0,0.0,0.0,0.0,0.0,15.0,7.0,0.0,0.0,0.0,0.0,0.0,0.0,15.0,9.0,0.0,0.0,0.0,0.0,0.0,0.0,7.0,13.0,0.0,0.0,0.0,0.0,5.0,4.0,10.0,16.0,0.0,0.0,0.0,0.0,10.0,16.0,16.0,10.0,0.0,0.0,3
0.0,0.0,4.0,12.0,13.0,2.0,0.0,0.0,0.0,0.0,5.0,16.0,16.0,5.0,0.0,0.0,0.0,0.0,5.0,16.0,16.0,6.0,0.0,0.0,0.0,0.0,9.0,16.0,15.0,0.0,0.0,0.0,0.0,0.0,10.0,16.0,14.0,0.0,0.0,0.0,0.0,0.0,12.0,16.0,12.0,0.0,0.0,0.0,0.0,0.0,5.0,16.0,11.0,0.0,0.0,0.0,0.0,0.0,6.0,16.0,13.0,0.0,0.0,0.0,1
0.0,1.0,7.0,15.0,16.0,9.0,0.0,0.0,1.0,13.0,14.0,7.0,14.0,14.0,0.0,0.0,0.0,6.0,1.0,8.0,16.0,8.0,0.0,0.0,0.0,0.0,3.0,16.0,9.0,0.0,0.0,0.0,0.0,0.0,0.0,11.0,15.0,6.0,1.0,0.0,0.0,0.0,0.0,0.0,7.0,15.0,11.0,0.0,0.0,0.0,5.0,1.0,0.0,11.0,16.0,2.0,0.0,0.0,10.0,16.0,16.0,16.0,7.0,0.0,3
0.0,1.0,7.0,13.0,14.0,3.0,0.0,0.0,0.0,10.0,13.0,2.0,5.0,10.0,0.0,0.0,0.0,12.0,4.0,0.0,7.0,16.0,0.0,0.0,0.0,6.0,10.0,9.0,13.0,15.0,1.0,0.0,0.0,0.0,2.0,4.0,0.0,14.0,4.0,0.0,0.0,0.0,0.0,0.0,0.0,13.0,2.0,0.0,0.0,0.0,6.0,0.0,5.0,14.0,0.0,0.0,0.0,0.0,5.0,14.0,14.0,5.0,0.0,0.0,9
0.0,0.0,3.0,12.0,12.0,3.0,0.0,0.0,0.0,0.0,4.0,16.0,16.0,4.0,0.0,0.0,0.0,0.0,5.0,16.0,16.0,5.0,0.0,0.0,0.0,0.0,11.0,16.0,15.0,0.0,0.0,0.0,0.0,0.0,12.0,16.0,14.0,0.0,0.0,0.0,0.0,0.0,13.0,16.0,9.0,0.0,0.0,0.0,0.0,0.0,7.0,16.0,10.0,1.0,0.0,0.0,0.0,0.0,5.0,13.0,14.0,4.0,0.0,0.0,1
0.0,0.0,5.0,14.0,15.0,2.0,0.0,0.0,0.0,6.0,16.0,10.0,15.0,8.0,0.0,0.0,0.0,1.0,4.0,0.0,8.0,8.0,0.0,0.0,0.0,0.0,1.0,7.0,16.0,16.0,8.0,0.0,0.0,0.0,13.0,16.0,16.0,4.0,0.0,0.0,0.0,0.0,6.0,10.0,9.0,0.0,0.0,0.0,0.0,0.0,0.0,13.0,4.0,0.0,0.0,0.0,0.0,0.0,5.0,15.0,2.0,0.0,0.0,0.0,7
0.0,0.0,0.0,9.0,13.0,0.0,0.0,0.0,0.0,0.0,3.0,15.0,4.0,0.0,0.0,0.0,0.0,0.0,12.0,11.0,0.0,0.0,0.0,0.0,0.0,0.0,16.0,11.0,8.0,4.0,0.0,0.0,0.0,0.0,15.0,16.0,8.0,12.0,5.0,0.0,0.0,0.0,14.0,13.0,0.0,1.0,15.0,1.0,0.0,0.0,8.0,12.0,0.0,4.0,16.0,2.0,0.0,0.0,0.0,8.0,12.0,13.0,10.0,1.0,6
0.0,0.0,11.0,16.0,9.0,8.0,0.0,0.0,0.0,0.0,14.0,13.0,6.0,15.0,2.0,0.0,0.0,0.0,9.0,6.0,6.0,10.0,0.0,0.0,0.0,0.0,1.0,14.0,13.0,0.0,0.0,0.0,0.0,0.0,1.0,13.0,8.0,0.0,0.0,0.0,0.0,0.0,5.0,7.0,12.0,0.0,0.0,0.0,0.0,0.0,13.0,0.0,10.0,0.0,0.0,0.0,0.0,0.0,13.0,14.0,8.0,0.0,0.0,0.0,8
0.0,0.0,0.0,6.0,16.0,6.0,0.0,0.0,0.0,0.0,5.0,16.0,10.0,0.0,0.0,0.0,0.0,2.0,15.0,14.0,0.0,7.0,1.0,0.0,0.0,6.0,16.0,3.0,3.0,16.0,9.0,0.0,0.0,11.0,16.0,8.0,11.0,16.0,6.0,0.0,0.0,3.0,15.0,16.0,16.0,15.0,1.0,0.0,0.0,0.0,0.0,3.0,16.0,7.0,0.0,0.0,0.0,0.0,0.0,5.0,16.0,3.0,0.0,0.0,4
0.0,0.0,5.0,12.0,16.0,10.0,0.0,0.0,0.0,8.0,15.0,5.0,12.0,13.0,0.0,0.0,0.0,0.0,0.0,3.0,16.0,4.0,0.0,0.0,0.0,0.0,0.0,5.0,16.0,3.0,0.0,0.0,0.0,0.0,0.0,2.0,15.0,8.0,0.0,0.0,0.0,0.0,0.0,0.0,2.0,14.0,7.0,0.0,0.0,0.0,0.0,0.0,0.0,13.0,11.0,0.0,0.0,0.0,5.0,16.0,16.0,11.0,3.0,0.0,3
0.0,0.0,3.0,16.0,12.0,1.0,0.0,0.0,0.0,0.0,10.0,16.0,16.0,0.0,0.0,0.0,0.0,0.0,12.0,16.0,12.0,0.0,0.0,0.0,0.0,0.0,13.0,16.0,10.0,0.0,0.0,0.0,0.0,0.0,16.0,16.0,1.0,0.0,0.0,0.0,0.0,0.0,16.0,16.0,0.0,0.0,0.0,0.0,0.0,0.0,10.0,16.0,1.0,0.0,0.0,0.0,0.0,0.0,2.0,13.0,9.0,0.0,0.0,0.0,1
0.0,0.0,0.0,8.0,14.0,0.0,0.0,0.0,0.0,0.0,2.0,16.0,10.0,0.0,0.0,0.0,0.0,0.0,12.0,16.0,1.0,3.0,5.0,0.0,0.0,5.0,16.0,6.0,2.0,16.0,9.0,0.0,0.0,11.0,16.0,0.0,8.0,16.0,7.0,0.0,0.0,10.0,16.0,16.0,16.0,11.0,1.0,0.0,0.0,1.0,7.0,9.0,16.0,4.0,0.0,0.0,0.0,0.0,0.0,10.0,11.0,0.0,0.0,0.0,4
0.0,0.0,5.0,12.0,0.0,0.0,0.0,0.0,0.0,0.0,14.0,10.0,14.0,12.0,0.0,0.0,0.0,2.0,16.0,16.0,8.0,11.0,2.0,0.0,0.0,3.0,16.0,11.0,0.0,9.0,3.0,0.0,0.0,5.0,12.0,2.0,0.0,12.0,4.0,0.0,0.0,1.0,12.0,0.0,0.0,13.0,3.0,0.0,0.0,0.0,13.0,6.0,8.0,13.0,0.0,0.0,0.0,0.0,3.0,14.0,12.0,3.0,0.0,0.0,0
0.0,7.0,16.0,16.0,16.0,16.0,11.0,0.0,0.0,8.0,16.0,9.0,6.0,0.0,1.0,0.0,0.0,3.0,16.0,3.0,0.0,0.0,0.0,0.0,0.0,0.0,11.0,12.0,0.0,0.0,0.0,0.0,0.0,0.0,4.0,16.0,1.0,0.0,0.0,0.0,0.0,4.0,0.0,14.0,4.0,0.0,0.0,0.0,0.0,9.0,9.0,16.0,3.0,0.0,0.0,0.0,0.0,5.0,15.0,13.0,0.0,0.0,0.0,0.0,5
0.0,4.0,13.0,16.0,16.0,15.0,3.0,0.0,0.0,10.0,12.0,7.0,8.0,16.0,8.0,0.0,0.0,0.0,0.0,1.0,12.0,15.0,2.0,0.0,0.0,0.0,0.0,4.0,16.0,10.0,0.0,0.0,0.0,0.0,0.0,8.0,16.0,4.0,0.0,0.0,0.0,0.0,0.0,1.0,16.0,10.0,0.0,0.0,0.0,5.0,7.0,4.0,15.0,13.0,0.0,0.0,0.0,5.0,16.0,16.0,16.0,7.0,0.0,0.0,3
0.0,0.0,0.0,12.0,15.0,4.0,0.0,0.0,0.0,0.0,7.0,16.0,9.0,2.0,0.0,0.0,0.0,0.0,12.0,14.0,0.0,0.0,0.0,0.0,0.0,0.0,16.0,11.0,3.0,0.0,0.0,0.0,0.0,3.0,16.0,14.0,15.0,8.0,0.0,0.0,0.0,1.0,16.0,6.0,0.0,12.0,8.0,0.0,0.0,0.0,12.0,12.0,4.0,13.0,12.0,0.0,0.0,0.0,1.0,11.0,16.0,16.0,4.0,0.0,6
0.0,2.0,14.0,16.0,16.0,7.0,0.0,0.0,0.0,6.0,15.0,5.0,6.0,13.0,0.0,0.0,0.0,4.0,15.0,0.0,9.0,16.0,6.0,0.0,0.0,2.0,13.0,16.0,16.0,15.0,9.0,0.0,0.0,0.0,1.0,4.0,2.0,15.0,8.0,0.0,0.0,0.0,0.0,0.0,1.0,16.0,6.0,0.0,0.0,0.0,0.0,1.0,12.0,15.0,2.0,0.0,0.0,1.0,14.0,16.0,16.0,6.0,0.0,0.0,9
0.0,0.0,0.0,12.0,16.0,1.0,0.0,0.0,0.0,0.0,4.0,16.0,11.0,0.0,0.0,0.0,0.0,0.0,12.0,15.0,1.0,0.0,0.0,0.0,0.0,0.0,15.0,13.0,8.0,4.0,0.0,0.0,0.0,3.0,16.0,15.0,11.0,15.0,7.0,0.0,0.0,2.0,15.0,10.0,0.0,4.0,15.0,3.0,0.0,0.0,8.0,12.0,4.0,6.0,16.0,5.0,0.0,0.0,1.0,11.0,16.0,16.0,13.0,0.0,6
0.0,0.0,0.0,14.0,10.0,0.0,0.0,0.0,0.0,3.0,14.0,16.0,13.0,0.0,0.0,0.0,2.0,16.0,16.0,16.0,5.0,0.0,0.0,0.0,1.0,11.0,14.0,15.0,1.0,0.0,0.0,0.0,0.0,0.0,8.0,16.0,1.0,0.0,0.0,0.0,0.0,0.0,7.0,16.0,1.0,0.0,0.0,0.0,0.0,0.0,1.0,15.0,5.0,0.0,0.0,0.0,0.0,0.0,0.0,13.0,13.0,0.0,0.0,0.0,1
0.0,1.0,8.0,12.0,16.0,16.0,3.0,0.0,0.0,5.0,14.0,8.0,10.0,15.0,0.0,0.0,0.0,0.0,2.0,5.0,14.0,12.0,2.0,0.0,0.0,3.0,15.0,16.0,15.0,12.0,8.0,0.0,0.0,3.0,6.0,14.0,7.0,0.0,0.0,0.0,0.0,0.0,2.0,15.0,1.0,0.0,0.0,0.0,0.0,0.0,10.0,8.0,0.0,0.0,0.0,0.0,0.0,0.0,14.0,4.0,0.0,0.0,0.0,0.0,7
0.0,0.0,15.0,13.0,12.0,12.0,2.0,0.0,0.0,4.0,16.0,16.0,12.0,6.0,0.0,0.0,0.0,0.0,16.0,4.0,0.0,0.0,0.0,0.0,0.0,0.0,11.0,7.0,0.0,0.0,0.0,0.0,0.0,0.0,7.0,14.0,0.0,0.0,0.0,0.0,0.0,0.0,0.0,14.0,6.0,0.0,0.0,0.0,0.0,4.0,5.0,14.0,8.0,0.0,0.0,0.0,0.0,1.0,15.0,16.0,4.0,0.0,0.0,0.0,5
0.0,0.0,0.0,3.0,15.0,7.0,0.0,0.0,0.0,0.0,0.0,13.0,14.0,3.0,0.0,0.0,0.0,0.0,6.0,15.0,2.0,6.0,6.0,0.0,0.0,2.0,15.0,4.0,0.0,15.0,8.0,0.0,0.0,8.0,12.0,0.0,4.0,16.0,1.0,0.0,0.0,11.0,14.0,12.0,16.0,10.0,0.0,0.0,0.0,2.0,8.0,7.0,15.0,4.0,0.0,0.0,0.0,0.0,0.0,3.0,16.0,2.0,0.0,0.0,4
0.0,0.0,0.0,7.0,14.0,0.0,0.0,0.0,0.0,0.0,4.0,16.0,5.0,0.0,0.0,0.0,0.0,0.0,14.0,9.0,0.0,0.0,10.0,3.0,0.0,7.0,15.0,0.0,0.0,9.0,15.0,0.0,0.0,12.0,15.0,8.0,10.0,15.0,10.0,0.0,0.0,8.0,15.0,12.0,16.0,12.0,1.0,0.0,0.0,0.0,0.0,5.0,15.0,3.0,0.0,0.0,0.0,0.0,0.0,9.0,13.0,0.0,0.0,0.0,4
0.0,0.0,5.0,12.0,16.0,16.0,7.0,0.0,0.0,0.0,10.0,9.0,4.0,11.0,12.0,0.0,0.0,0.0,0.0,0.0,0.0,13.0,7.0,0.0,0.0,0.0,2.0,10.0,15.0,16.0,13.0,0.0,0.0,0.0,14.0,13.0,16.0,10.0,1.0,0.0,0.0,0.0,3.0,4.0,16.0,2.0,0.0,0.0,0.0,0.0,0.0,13.0,9.0,0.0,0.0,0.0,0.0,0.0,6.0,13.0,0.0,0.0,0.0,0.0,7
0.0,2.0,13.0,16.0,10.0,0.0,0.0,0.0,0.0,6.0,13.0,10.0,16.0,0.0,0.0,0.0,0.0,0.0,0.0,8.0,14.0,0.0,0.0,0.0,0.0,0.0,1.0,14.0,9.0,0.0,0.0,0.0,0.0,0.0,9.0,14.0,1.0,0.0,0.0,0.0,0.0,1.0,14.0,7.0,0.0,0.0,1.0,0.0,0.0,4.0,16.0,5.0,7.0,12.0,14.0,0.0,0.0,3.0,15.0,16.0,16.0,10.0,1.0,0.0,2
0.0,1.0,3.0,15.0,15.0,2.0,0.0,0.0,2.0,16.0,16.0,12.0,16.0,6.0,0.0,0.0,1.0,15.0,7.0,6.0,14.0,0.0,0.0,0.0,0.0,5.0,14.0,14.0,10.0,0.0,0.0,0.0,0.0,0.0,7.0,16.0,7.0,0.0,0.0,0.0,0.0,0.0,6.0,15.0,13.0,8.0,0.0,0.0,0.0,0.0,8.0,12.0,7.0,16.0,0.0,0.0,0.0,0.0,4.0,15.0,16.0,14.0,0.0,0.0,8
0.0,2.0,15.0,16.0,15.0,1.0,0.0,0.0,0.0,3.0,11.0,5.0,16.0,4.0,0.0,0.0,0.0,0.0,0.0,0.0,15.0,5.0,0.0,0.0,0.0,0.0,0.0,4.0,15.0,1.0,0.0,0.0,0.0,0.0,2.0,14.0,5.0,0.0,0.0,0.0,0.0,0.0,15.0,10.0,0.0,0.0,0.0,0.0,0.0,5.0,16.0,3.0,3.0,4.0,3.0,0.0,0.0,4.0,16.0,16.0,16.0,16.0,11.0,0.0,2
0.0,2.0,13.0,16.0,16.0,10.0,0.0,0.0,2.0,15.0,12.0,7.0,10.0,16.0,0.0,0.0,0.0,3.0,1.0,0.0,12.0,13.0,0.0,0.0,0.0,0.0,0.0,3.0,16.0,4.0,0.0,0.0,0.0,0.0,0.0,13.0,9.0,0.0,0.0,0.0,0.0,0.0,6.0,15.0,3.0,0.0,0.0,0.0,0.0,0.0,16.0,10.0,6.0,8.0,8.0,1.0,0.0,2.0,15.0,16.0,16.0,12.0,12.0,1.0,2
0.0,4.0,7.0,13.0,16.0,16.0,4.0,0.0,0.0,11.0,16.0,14.0,9.0,2.0,0.0,0.0,0.0,14.0,5.0,0.0,0.0,0.0,0.0,0.0,0.0,12.0,8.0,0.0,0.0,0.0,0.0,0.0,0.0,9.0,12.0,0.0,0.0,0.0,0.0,0.0,0.0,2.0,13.0,16.0,9.0,0.0,0.0,0.0,0.0,1.0,3.0,14.0,16.0,3.0,0.0,0.0,0.0,4.0,14.0,16.0,13.0,0.0,0.0,0.0,5
0.0,0.0,12.0,16.0,16.0,16.0,15.0,0.0,0.0,0.0,3.0,4.0,2.0,8.0,15.0,0.0,0.0,0.0,0.0,2.0,4.0,11.0,11.0,0.0,0.0,0.0,6.0,15.0,16.0,16.0,12.0,0.0,0.0,0.0,5.0,6.0,15.0,7.0,2.0,0.0,0.0,0.0,0.0,10.0,13.0,0.0,0.0,0.0,0.0,0.0,4.0,16.0,2.0,0.0,0.0,0.0,0.0,0.0,14.0,11.0,0.0,0.0,0.0,0.0,7
0.0,1.0,14.0,16.0,15.0,4.0,0.0,0.0,0.0,4.0,16.0,9.0,11.0,15.0,3.0,0.0,0.0,6.0,16.0,1.0,8.0,16.0,2.0,0.0,0.0,2.0,14.0,10.0,15.0,16.0,6.0,0.0,0.0,0.0,3.0,11.0,8.0,15.0,5.0,0.0,0.0,0.0,0.0,0.0,1.0,16.0,5.0,0.0,0.0,0.0,3.0,3.0,11.0,15.0,1.0,0.0,0.0,0.0,13.0,16.0,14.0,4.0,0.0,0.0,9
0.0,8.0,16.0,12.0,15.0,16.0,7.0,0.0,0.0,13.0,16.0,14.0,6.0,4.0,1.0,0.0,0.0,12.0,10.0,0.0,0.0,0.0,0.0,0.0,0.0,3.0,16.0,10.0,0.0,0.0,0.0,0.0,0.0,0.0,6.0,15.0,9.0,0.0,0.0,0.0,0.0,0.0,0.0,4.0,16.0,2.0,0.0,0.0,0.0,1.0,4.0,6.0,16.0,5.0,0.0,0.0,0.0,7.0,16.0,16.0,10.0,0.0,0.0,0.0,5
0.0,0.0,0.0,3.0,14.0,6.0,0.0,0.0,0.0,0.0,3.0,14.0,10.0,1.0,0.0,0.0,0.0,1.0,13.0,10.0,0.0,0.0,0.0,0.0,0.0,9.0,14.0,1.0,0.0,7.0,5.0,0.0,0.0,11.0,15.0,8.0,9.0,16.0,10.0,0.0,0.0,7.0,16.0,16.0,15.0,15.0,2.0,0.0,0.0,0.0,0.0,0.0,12.0,11.0,0.0,0.0,0.0,0.0,0.0,3.0,16.0,2.0,0.0,0.0,4
0.0,0.0,11.0,16.0,16.0,14.0,0.0,0.0,0.0,1.0,16.0,15.0,13.0,15.0,1.0,0.0,0.0,0.0,14.0,15.0,16.0,6.0,0.0,0.0,0.0,0.0,8.0,16.0,7.0,0.0,0.0,0.0,0.0,0.0,8.0,16.0,7.0,0.0,0.0,0.0,0.0,0.0,13.0,14.0,13.0,0.0,0.0,0.0,0.0,0.0,16.0,11.0,15.0,0.0,0.0,0.0,0.0,0.0,12.0,16.0,10.0,0.0,0.0,0.0,8
0.0,0.0,13.0,16.0,16.0,15.0,2.0,0.0,0.0,0.0,14.0,13.0,11.0,16.0,2.0,0.0,0.0,0.0,11.0,13.0,15.0,6.0,0.0,0.0,0.0,0.0,5.0,16.0,10.0,0.0,0.0,0.0,0.0,0.0,10.0,14.0,15.0,0.0,0.0,0.0,0.0,1.0,14.0,3.0,15.0,7.0,0.0,0.0,0.0,6.0,11.0,0.0,15.0,6.0,0.0,0.0,0.0,1.0,13.0,16.0,15.0,3.0,0.0,0.0,8
0.0,0.0,2.0,14.0,13.0,0.0,0.0,0.0,0.0,0.0,14.0,15.0,3.0,0.0,0.0,0.0,0.0,6.0,16.0,2.0,1.0,5.0,0.0,0.0,0.0,10.0,13.0,0.0,5.0,16.0,2.0,0.0,0.0,7.0,16.0,9.0,12.0,16.0,11.0,0.0,0.0,0.0,5.0,12.0,16.0,10.0,2.0,0.0,0.0,0.0,0.0,12.0,12.0,1.0,0.0,0.0,0.0,0.0,0.0,16.0,5.0,0.0,0.0,0.0,4
0.0,0.0,9.0,16.0,16.0,10.0,0.0,0.0,0.0,2.0,16.0,9.0,11.0,11.0,0.0,0.0,0.0,0.0,15.0,7.0,12.0,16.0,3.0,0.0,0.0,0.0,7.0,16.0,15.0,15.0,7.0,0.0,0.0,0.0,0.0,0.0,0.0,10.0,10.0,0.0,0.0,0.0,0.0,0.0,0.0,11.0,10.0,0.0,0.0,0.0,11.0,2.0,6.0,16.0,6.0,0.0,0.0,0.0,9.0,16.0,16.0,11.0,1.0,0.0,9
0.0,0.0,10.0,13.0,14.0,8.0,0.0,0.0,0.0,0.0,13.0,9.0,5.0,12.0,5.0,0.0,0.0,4.0,13.0,0.0,0.0,4.0,8.0,0.0,0.0,4.0,8.0,0.0,0.0,4.0,8.0,0.0,0.0,8.0,4.0,0.0,0.0,13.0,2.0,0.0,0.0,8.0,4.0,0.0,9.0,10.0,0.0,0.0,0.0,4.0,12.0,12.0,13.0,1.0,0.0,0.0,0.0,1.0,11.0,11.0,1.0,0.0,0.0,0.0,0
0.0,0.0,14.0,16.0,13.0,9.0,1.0,0.0,0.0,0.0,12.0,10.0,9.0,16.0,3.0,0.0,0.0,0.0,9.0,14.0,13.0,13.0,1.0,0.0,0.0,0.0,3.0,13.0,16.0,6.0,0.0,0.0,0.0,0.0,5.0,16.0,12.0,9.0,0.0,0.0,0.0,0.0,13.0,8.0,14.0,6.0,0.0,0.0,0.0,1.0,16.0,11.0,15.0,1.0,0.0,0.0,0.0,1.0,13.0,16.0,6.0,0.0,0.0,0.0,8
0.0,0.0,9.0,15.0,13.0,3.0,0.0,0.0,0.0,2.0,14.0,2.0,6.0,5.0,0.0,0.0,0.0,4.0,9.0,0.0,0.0,15.0,4.0,0.0,0.0,1.0,13.0,5.0,7.0,16.0,6.0,0.0,0.0,0.0,2.0,7.0,7.0,14.0,3.0,0.0,0.0,0.0,0.0,0.0,1.0,14.0,1.0,0.0,0.0,0.0,3.0,1.0,10.0,9.0,0.0,0.0,0.0,0.0,11.0,15.0,9.0,1.0,0.0,0.0,9
0.0,0.0,13.0,16.0,9.0,4.0,0.0,0.0,0.0,0.0,15.0,9.0,9.0,15.0,1.0,0.0,0.0,0.0,11.0,9.0,13.0,11.0,0.0,0.0,0.0,0.0,5.0,16.0,14.0,1.0,0.0,0.0,0.0,0.0,7.0,16.0,10.0,0.0,0.0,0.0,0.0,0.0,14.0,10.0,16.0,2.0,0.0,0.0,0.0,0.0,16.0,4.0,15.0,7.0,0.0,0.0,0.0,0.0,11.0,16.0,16.0,3.0,0.0,0.0,8
0.0,0.0,0.0,12.0,11.0,0.0,0.0,0.0,0.0,0.0,12.0,12.0,9.0,10.0,0.0,0.0,0.0,2.0,16.0,2.0,1.0,11.0,1.0,0.0,0.0,1.0,15.0,0.0,0.0,5.0,8.0,0.0,0.0,2.0,14.0,0.0,0.0,5.0,10.0,0.0,0.0,0.0,13.0,2.0,0.0,2.0,13.0,0.0,0.0,0.0,7.0,9.0,0.0,7.0,11.0,0.0,0.0,0.0,0.0,11.0,13.0,16.0,2.0,0.0,0
0.0,0.0,0.0,1.0,13.0,13.0,0.0,0.0,0.0,0.0,4.0,15.0,15.0,16.0,0.0,0.0,0.0,8.0,16.0,10.0,6.0,14.0,0.0,0.0,0.0,10.0,6.0,0.0,8.0,13.0,0.0,0.0,0.0,0.0,0.0,0.0,10.0,13.0,0.0,0.0,0.0,0.0,0.0,0.0,13.0,9.0,0.0,0.0,0.0,0.0,0.0,0.0,14.0,7.0,0.0,0.0,0.0,0.0,0.0,0.0,16.0,7.0,0.0,0.0,1
0.0,0.0,2.0,12.0,16.0,10.0,0.0,0.0,0.0,2.0,15.0,10.0,6.0,15.0,0.0,0.0,0.0,2.0,7.0,1.0,4.0,14.0,0.0,0.0,0.0,0.0,0.0,0.0,9.0,10.0,0.0,0.0,0.0,0.0,0.0,0.0,12.0,3.0,0.0,0.0,0.0,0.0,0.0,8.0,14.0,0.0,0.0,0.0,0.0,0.0,15.0,16.0,15.0,10.0,5.0,0.0,0.0,0.0,1.0,8.0,8.0,11.0,16.0,6.0,2
0.0,4.0,14.0,16.0,16.0,15.0,2.0,0.0,0.0,12.0,11.0,2.0,4.0,16.0,5.0,0.0,0.0,2.0,0.0,1.0,11.0,12.0,0.0,0.0,0.0,0.0,0.0,15.0,16.0,3.0,0.0,0.0,0.0,0.0,0.0,4.0,15.0,10.0,0.0,0.0,0.0,0.0,0.0,0.0,1.0,14.0,10.0,0.0,0.0,1.0,7.0,0.0,3.0,14.0,8.0,0.0,0.0,4.0,15.0,16.0,16.0,11.0,0.0,0.0,3
0.0,0.0,0.0,2.0,15.0,2.0,0.0,0.0,0.0,0.0,0.0,12.0,12.0,0.0,0.0,0.0,0.0,0.0,5.0,16.0,2.0,0.0,0.0,0.0,0.0,0.0,11.0,10.0,0.0,3.0,8.0,0.0,0.0,5.0,16.0,1.0,2.0,15.0,5.0,0.0,0.0,9.0,13.0,7.0,14.0,16.0,2.0,0.0,0.0,5.0,15.0,14.0,16.0,10.0,0.0,0.0,0.0,0.0,0.0,2.0,16.0,5.0,0.0,0.0,4
0.0,0.0,12.0,16.0,16.0,16.0,7.0,0.0,0.0,1.0,14.0,15.0,6.0,4.0,1.0,0.0,0.0,8.0,16.0,2.0,0.0,0.0,0.0,0.0,0.0,9.0,16.0,12.0,12.0,9.0,1.0,0.0,0.0,1.0,8.0,8.0,8.0,15.0,10.0,0.0,0.0,0.0,0.0,0.0,0.0,13.0,12.0,0.0,0.0,0.0,8.0,2.0,6.0,16.0,5.0,0.0,0.0,1.0,11.0,16.0,16.0,8.0,0.0,0.0,5
0.0,0.0,0.0,11.0,13.0,0.0,0.0,0.0,0.0,0.0,1.0,16.0,12.0,0.0,0.0,0.0,0.0,0.0,4.0,16.0,6.0,0.0,0.0,0.0,0.0,0.0,7.0,16.0,16.0,7.0,0.0,0.0,0.0,0.0,8.0,16.0,16.0,14.0,11.0,0.0,0.0,0.0,9.0,16.0,3.0,5.0,16.0,4.0,0.0,0.0,6.0,15.0,5.0,14.0,16.0,2.0,0.0,0.0,1.0,11.0,16.0,15.0,4.0,0.0,6
0.0,3.0,15.0,16.0,15.0,3.0,0.0,0.0,0.0,3.0,10.0,8.0,15.0,12.0,0.0,0.0,0.0,0.0,0.0,0.0,14.0,8.0,0.0,0.0,0.0,0.0,11.0,13.0,16.0,16.0,8.0,0.0,0.0,1.0,15.0,16.0,15.0,7.0,2.0,0.0,0.0,0.0,5.0,16.0,5.0,0.0,0.0,0.0,0.0,2.0,16.0,11.0,0.0,0.0,0.0,0.0,0.0,3.0,16.0,5.0,0.0,0.0,0.0,0.0,7
0.0,0.0,4.0,15.0,13.0,3.0,0.0,0.0,0.0,4.0,13.0,14.0,10.0,13.0,0.0,0.0,0.0,8.0,16.0,8.0,8.0,13.0,0.0,0.0,0.0,0.0,15.0,12.0,15.0,11.0,0.0,0.0,0.0,0.0,6.0,16.0,13.0,1.0,0.0,0.0,0.0,0.0,11.0,15.0,15.0,2.0,0.0,0.0,0.0,0.0,12.0,8.0,15.0,8.0,0.0,0.0,0.0,0.0,5.0,15.0,16.0,5.0,0.0,0.0,8
0.0,0.0,13.0,13.0,1.0,0.0,0.0,0.0,0.0,7.0,16.0,13.0,12.0,13.0,0.0,0.0,0.0,8.0,13.0,1.0,15.0,16.0,4.0,0.0,0.0,4.0,15.0,13.0,15.0,15.0,10.0,0.0,0.0,0.0,6.0,11.0,3.0,9.0,13.0,0.0,0.0,0.0,0.0,0.0,0.0,5.0,16.0,0.0,0.0,1.0,7.0,0.0,1.0,9.0,15.0,1.0,0.0,1.0,13.0,16.0,16.0,16.0,6.0,0.0,9
0.0,0.0,0.0,14.0,12.0,1.0,0.0,0.0,0.0,0.0,4.0,15.0,7.0,10.0,0.0,0.0,0.0,2.0,16.0,15.0,5.0,12.0,2.0,0.0,0.0,7.0,16.0,0.0,0.0,11.0,5.0,0.0,0.0,5.0,12.0,0.0,0.0,12.0,4.0,0.0,0.0,1.0,15.0,0.0,0.0,14.0,2.0,0.0,0.0,0.0,9.0,6.0,7.0,15.0,0.0,0.0,0.0,0.0,1.0,13.0,16.0,8.0,0.0,0.0,0
0.0,0.0,0.0,11.0,16.0,3.0,0.0,0.0,0.0,0.0,5.0,16.0,16.0,5.0,0.0,0.0,0.0,6.0,16.0,15.0,16.0,3.0,0.0,0.0,0.0,11.0,11.0,10.0,16.0,1.0,0.0,0.0,0.0,0.0,0.0,10.0,15.0,0.0,0.0,0.0,0.0,0.0,0.0,11.0,13.0,0.0,0.0,0.0,0.0,0.0,0.0,10.0,16.0,2.0,0.0,0.0,0.0,0.0,0.0,7.0,16.0,2.0,0.0,0.0,1
0.0,0.0,6.0,16.0,8.0,0.0,0.0,0.0,0.0,0.0,8.0,13.0,16.0,3.0,0.0,0.0,0.0,0.0,2.0,12.0,10.0,8.0,0.0,0.0,0.0,0.0,0.0,0.0,7.0,11.0,0.0,0.0,0.0,0.0,0.0,0.0,9.0,10.0,0.0,0.0,0.0,0.0,0.0,0.0,13.0,7.0,0.0,0.0,0.0,0.0,1.0,10.0,16.0,10.0,8.0,3.0,0.0,0.0,4.0,16.0,16.0,15.0,16.0,16.0,2
0.0,0.0,9.0,16.0,16.0,12.0,2.0,0.0,0.0,3.0,13.0,5.0,4.0,14.0,5.0,0.0,0.0,0.0,0.0,0.0,7.0,15.0,2.0,0.0,0.0,0.0,0.0,5.0,16.0,11.0,0.0,0.0,0.0,0.0,0.0,0.0,8.0,16.0,7.0,0.0,0.0,0.0,0.0,0.0,0.0,13.0,8.0,0.0,0.0,0.0,4.0,5.0,5.0,15.0,4.0,0.0,0.0,0.0,12.0,16.0,15.0,5.0,0.0,0.0,3
0.0,0.0,0.0,2.0,14.0,1.0,0.0,0.0,0.0,0.0,0.0,14.0,8.0,0.0,0.0,0.0,0.0,0.0,8.0,15.0,1.0,0.0,0.0,0.0,0.0,0.0,13.0,6.0,0.0,5.0,11.0,0.0,0.0,3.0,15.0,0.0,0.0,10.0,9.0,0.0,0.0,9.0,13.0,4.0,7.0,16.0,3.0,0.0,0.0,7.0,16.0,16.0,16.0,13.0,0.0,0.0,0.0,0.0,3.0,2.0,16.0,6.0,0.0,0.0,4
0.0,5.0,16.0,16.0,16.0,16.0,10.0,0.0,0.0,4.0,10.0,4.0,4.0,4.0,0.0,0.0,0.0,10.0,10.0,0.0,0.0,0.0,0.0,0.0,0.0,4.0,16.0,13.0,7.0,1.0,0.0,0.0,0.0,0.0,2.0,8.0,14.0,14.0,2.0,0.0,0.0,0.0,0.0,0.0,1.0,16.0,7.0,0.0,0.0,3.0,3.0,2.0,11.0,15.0,0.0,0.0,0.0,5.0,16.0,16.0,12.0,1.0,0.0,0.0,5
0.0,0.0,0.0,12.0,13.0,0.0,0.0,0.0,0.0,0.0,2.0,16.0,12.0,0.0,0.0,0.0,0.0,0.0,4.0,16.0,6.0,0.0,0.0,0.0,0.0,0.0,10.0,16.0,8.0,0.0,0.0,0.0,0.0,0.0,8.0,16.0,16.0,15.0,5.0,0.0,0.0,0.0,8.0,16.0,0.0,6.0,15.0,1.0,0.0,0.0,7.0,16.0,4.0,10.0,16.0,3.0,0.0,0.0,1.0,11.0,16.0,16.0,12.0,0.0,6
0.0,0.0,5.0,13.0,16.0,14.0,0.0,0.0,0.0,1.0,14.0,8.0,5.0,16.0,2.0,0.0,0.0,0.0,1.0,0.0,2.0,15.0,2.0,0.0,0.0,0.0,0.0,2.0,8.0,15.0,3.0,0.0,0.0,0.0,0.0,15.0,16.0,13.0,8.0,0.0,0.0,0.0,0.0,6.0,14.0,0.0,0.0,0.0,0.0,0.0,0.0,13.0,7.0,0.0,0.0,0.0,0.0,0.0,7.0,14.0,0.0,0.0,0.0,0.0,7
0.0,0.0,4.0,16.0,14.0,3.0,0.0,0.0,2.0,14.0,16.0,12.0,10.0,11.0,0.0,0.0,0.0,13.0,12.0,9.0,15.0,10.0,0.0,0.0,0.0,3.0,14.0,14.0,16.0,4.0,0.0,0.0,0.0,0.0,9.0,16.0,8.0,0.0,0.0,0.0,0.0,0.0,12.0,15.0,14.0,1.0,0.0,0.0,0.0,0.0,12.0,12.0,16.0,4.0,0.0,0.0,0.0,0.0,4.0,15.0,16.0,3.0,0.0,0.0,8
0.0,0.0,8.0,16.0,4.0,0.0,0.0,0.0,0.0,6.0,12.0,2.0,14.0,13.0,0.0,0.0,0.0,9.0,6.0,1.0,14.0,14.0,0.0,0.0,0.0,2.0,11.0,12.0,8.0,16.0,2.0,0.0,0.0,0.0,0.0,0.0,0.0,11.0,8.0,0.0,0.0,0.0,0.0,0.0,0.0,7.0,9.0,0.0,0.0,0.0,2.0,0.0,1.0,12.0,6.0,0.0,0.0,0.0,8.0,9.0,13.0,7.0,0.0,0.0,9
0.0,0.0,0.0,16.0,11.0,1.0,0.0,0.0,0.0,0.0,13.0,16.0,10.0,9.0,0.0,0.0,0.0,2.0,16.0,11.0,1.0,14.0,2.0,0.0,0.0,3.0,16.0,1.0,0.0,8.0,7.0,0.0,0.0,4.0,13.0,0.0,0.0,8.0,9.0,0.0,0.0,3.0,16.0,1.0,0.0,10.0,9.0,0.0,0.0,0.0,10.0,8.0,3.0,16.0,4.0,0.0,0.0,0.0,1.0,11.0,16.0,13.0,1.0,0.0,0
0.0,0.0,0.0,0.0,5.0,15.0,1.0,0.0,0.0,0.0,0.0,0.0,11.0,16.0,1.0,0.0,0.0,0.0,0.0,8.0,15.0,16.0,3.0,0.0,0.0,2.0,13.0,15.0,5.0,16.0,0.0,0.0,0.0,8.0,14.0,2.0,3.0,16.0,0.0,0.0,0.0,0.0,0.0,0.0,4.0,15.0,0.0,0.0,0.0,0.0,0.0,0.0,5.0,15.0,0.0,0.0,0.0,0.0,0.0,0.0,5.0,16.0,1.0,0.0,1
0.0,0.0,4.0,16.0,16.0,4.0,0.0,0.0,0.0,0.0,12.0,11.0,7.0,11.0,0.0,0.0,0.0,0.0,9.0,2.0,5.0,12.0,0.0,0.0,0.0,0.0,0.0,0.0,7.0,11.0,0.0,0.0,0.0,0.0,0.0,0.0,13.0,6.0,0.0,0.0,0.0,0.0,0.0,2.0,16.0,1.0,0.0,0.0,0.0,0.0,1.0,15.0,15.0,10.0,1.0,0.0,0.0,0.0,5.0,16.0,8.0,11.0,11.0,0.0,2
0.0,1.0,13.0,16.0,16.0,8.0,0.0,0.0,0.0,11.0,13.0,4.0,13.0,7.0,0.0,0.0,0.0,7.0,1.0,7.0,16.0,1.0,0.0,0.0,0.0,0.0,5.0,16.0,15.0,9.0,0.0,0.0,0.0,0.0,3.0,6.0,8.0,15.0,8.0,0.0,0.0,0.0,6.0,1.0,0.0,7.0,13.0,0.0,0.0,4.0,16.0,5.0,2.0,13.0,10.0,0.0,0.0,1.0,12.0,16.0,16.0,11.0,1.0,0.0,3
0.0,0.0,0.0,1.0,16.0,3.0,0.0,0.0,0.0,0.0,0.0,10.0,11.0,0.0,0.0,0.0,0.0,0.0,1.0,14.0,3.0,0.0,0.0,0.0,0.0,0.0,7.0,12.0,0.0,3.0,9.0,0.0,0.0,0.0,14.0,2.0,0.0,10.0,7.0,0.0,0.0,6.0,13.0,5.0,11.0,14.0,1.0,0.0,0.0,11.0,16.0,16.0,16.0,9.0,0.0,0.0,0.0,1.0,2.0,1.0,14.0,1.0,0.0,0.0,4
0.0,0.0,6.0,15.0,16.0,16.0,3.0,0.0,0.0,0.0,14.0,16.0,6.0,6.0,1.0,0.0,0.0,3.0,14.0,5.0,0.0,0.0,0.0,0.0,0.0,11.0,15.0,8.0,4.0,0.0,0.0,0.0,0.0,1.0,10.0,12.0,16.0,8.0,0.0,0.0,0.0,0.0,0.0,0.0,5.0,16.0,0.0,0.0,0.0,0.0,0.0,5.0,13.0,14.0,0.0,0.0,0.0,0.0,4.0,16.0,14.0,3.0,0.0,0.0,5
0.0,0.0,2.0,16.0,5.0,0.0,0.0,0.0,0.0,0.0,6.0,16.0,2.0,0.0,0.0,0.0,0.0,0.0,9.0,13.0,0.0,0.0,0.0,0.0,0.0,0.0,11.0,13.0,12.0,11.0,2.0,0.0,0.0,0.0,14.0,16.0,14.0,10.0,14.0,0.0,0.0,0.0,13.0,7.0,3.0,0.0,14.0,6.0,0.0,0.0,10.0,14.0,4.0,8.0,16.0,7.0,0.0,0.0,2.0,14.0,16.0,15.0,8.0,0.0,6
0.0,0.0,9.0,13.0,16.0,16.0,4.0,0.0,0.0,2.0,12.0,5.0,4.0,14.0,4.0,0.0,0.0,0.0,0.0,0.0,5.0,13.0,0.0,0.0,0.0,0.0,0.0,3.0,13.0,12.0,5.0,0.0,0.0,0.0,0.0,13.0,14.0,12.0,8.0,0.0,0.0,0.0,0.0,13.0,6.0,0.0,0.0,0.0,0.0,0.0,4.0,14.0,1.0,0.0,0.0,0.0,0.0,0.0,14.0,7.0,0.0,0.0,0.0,0.0,7
0.0,0.0,6.0,8.0,15.0,13.0,1.0,0.0,0.0,1.0,16.0,16.0,11.0,15.0,4.0,0.0,0.0,0.0,15.0,9.0,8.0,15.0,2.0,0.0,0.0,0.0,10.0,16.0,16.0,10.0,0.0,0.0,0.0,0.0,13.0,16.0,10.0,0.0,0.0,0.0,0.0,4.0,15.0,10.0,12.0,0.0,0.0,0.0,0.0,2.0,15.0,5.0,15.0,0.0,0.0,0.0,0.0,0.0,8.0,16.0,10.0,0.0,0.0,0.0,8
0.0,1.0,9.0,14.0,8.0,0.0,0.0,0.0,0.0,8.0,11.0,3.0,7.0,11.0,1.0,0.0,0.0,12.0,7.0,0.0,3.0,16.0,4.0,0.0,0.0,3.0,13.0,12.0,14.0,14.0,7.0,0.0,0.0,0.0,0.0,0.0,0.0,6.0,7.0,0.0,0.0,0.0,0.0,0.0,0.0,9.0,9.0,0.0,0.0,0.0,0.0,0.0,2.0,16.0,1.0,0.0,0.0,0.0,8.0,13.0,14.0,5.0,0.0,0.0,9
0.0,0.0,9.0,16.0,11.0,0.0,0.0,0.0,0.0,1.0,16.0,13.0,15.0,7.0,0.0,0.0,0.0,7.0,16.0,6.0,4.0,16.0,3.0,0.0,0.0,9.0,14.0,0.0,0.0,11.0,10.0,0.0,0.0,8.0,13.0,0.0,0.0,7.0,13.0,0.0,0.0,7.0,13.0,0.0,0.0,7.0,16.0,0.0,0.0,3.0,16.0,7.0,7.0,15.0,6.0,0.0,0.0,0.0,9.0,16.0,16.0,10.0,0.0,0.0,0
0.0,0.0,6.0,14.0,7.0,6.0,0.0,0.0,0.0,1.0,14.0,6.0,13.0,16.0,1.0,0.0,0.0,5.0,12.0,0.0,9.0,16.0,3.0,0.0,0.0,1.0,15.0,14.0,13.0,11.0,8.0,0.0,0.0,0.0,0.0,0.0,0.0,8.0,8.0,0.0,0.0,0.0,0.0,0.0,0.0,7.0,8.0,0.0,0.0,1.0,14.0,2.0,1.0,12.0,1.0,0.0,0.0,0.0,4.0,13.0,15.0,5.0,0.0,0.0,9
0.0,2.0,16.0,16.0,16.0,16.0,3.0,0.0,0.0,1.0,16.0,13.0,6.0,4.0,0.0,0.0,0.0,9.0,16.0,3.0,0.0,0.0,0.0,0.0,0.0,9.0,16.0,13.0,7.0,0.0,0.0,0.0,0.0,3.0,11.0,13.0,16.0,9.0,0.0,0.0,0.0,0.0,0.0,0.0,7.0,16.0,1.0,0.0,0.0,2.0,11.0,5.0,12.0,14.0,0.0,0.0,0.0,3.0,16.0,16.0,16.0,5.0,0.0,0.0,5
0.0,0.0,8.0,16.0,16.0,9.0,0.0,0.0,0.0,1.0,16.0,15.0,11.0,8.0,0.0,0.0,0.0,1.0,14.0,10.0,0.0,0.0,0.0,0.0,0.0,7.0,16.0,10.0,6.0,0.0,0.0,0.0,0.0,2.0,12.0,16.0,16.0,10.0,0.0,0.0,0.0,0.0,0.0,1.0,7.0,15.0,0.0,0.0,0.0,0.0,11.0,5.0,13.0,13.0,0.0,0.0,0.0,0.0,11.0,16.0,16.0,6.0,0.0,0.0,5
0.0,0.0,0.0,16.0,11.0,0.0,0.0,0.0,0.0,0.0,6.0,16.0,10.0,0.0,0.0,0.0,0.0,0.0,11.0,11.0,0.0,0.0,0.0,0.0,0.0,0.0,12.0,15.0,11.0,5.0,0.0,0.0,0.0,0.0,14.0,15.0,12.0,15.0,11.0,0.0,0.0,0.0,12.0,13.0,0.0,0.0,16.0,5.0,0.0,0.0,6.0,15.0,4.0,11.0,16.0,4.0,0.0,0.0,0.0,13.0,16.0,14.0,9.0,0.0,6
0.0,1.0,14.0,16.0,16.0,14.0,1.0,0.0,0.0,0.0,10.0,13.0,6.0,4.0,0.0,0.0,0.0,3.0,15.0,11.0,3.0,0.0,0.0,0.0,0.0,5.0,16.0,16.0,16.0,6.0,0.0,0.0,0.0,0.0,0.0,1.0,10.0,15.0,0.0,0.0,0.0,0.0,0.0,0.0,11.0,11.0,0.0,0.0,0.0,0.0,7.0,12.0,16.0,5.0,0.0,0.0,0.0,2.0,15.0,15.0,5.0,0.0,0.0,0.0,5
0.0,0.0,2.0,14.0,13.0,2.0,0.0,0.0,0.0,0.0,11.0,16.0,15.0,13.0,0.0,0.0,0.0,0.0,13.0,13.0,1.0,16.0,3.0,0.0,0.0,0.0,12.0,13.0,0.0,15.0,6.0,0.0,0.0,1.0,16.0,7.0,1.0,16.0,4.0,0.0,0.0,1.0,16.0,5.0,8.0,16.0,1.0,0.0,0.0,0.0,15.0,13.0,15.0,13.0,0.0,0.0,0.0,0.0,3.0,15.0,15.0,2.0,0.0,0.0,0
0.0,0.0,3.0,13.0,6.0,0.0,0.0,0.0,0.0,0.0,14.0,11.0,15.0,8.0,0.0,0.0,0.0,0.0,15.0,1.0,14.0,16.0,1.0,0.0,0.0,0.0,11.0,13.0,12.0,13.0,5.0,0.0,0.0,0.0,3.0,8.0,1.0,8.0,10.0,0.0,0.0,0.0,0.0,0.0,0.0,9.0,6.0,0.0,0.0,0.0,9.0,4.0,3.0,16.0,2.0,0.0,0.0,0.0,4.0,14.0,14.0,7.0,0.0,0.0,9
0.0,0.0,7.0,10.0,16.0,9.0,0.0,0.0,0.0,0.0,15.0,16.0,13.0,15.0,1.0,0.0,0.0,0.0,10.0,13.0,10.0,16.0,2.0,0.0,0.0,0.0,1.0,16.0,16.0,11.0,0.0,0.0,0.0,0.0,8.0,16.0,16.0,5.0,0.0,0.0,0.0,0.0,15.0,8.0,14.0,7.0,0.0,0.0,0.0,0.0,16.0,7.0,16.0,4.0,0.0,0.0,0.0,0.0,9.0,16.0,14.0,0.0,0.0,0.0,8
0.0,0.0,3.0,12.0,12.0,1.0,0.0,0.0,0.0,3.0,13.0,6.0,9.0,12.0,0.0,0.0,0.0,9.0,5.0,0.0,2.0,15.0,0.0,0.0,0.0,7.0,9.0,4.0,12.0,16.0,1.0,0.0,0.0,0.0,9.0,11.0,3.0,10.0,2.0,0.0,0.0,0.0,0.0,0.0,0.0,11.0,3.0,0.0,0.0,0.0,10.0,2.0,1.0,13.0,0.0,0.0,0.0,0.0,3.0,13.0,16.0,4.0,0.0,0.0,9
0.0,0.0,3.0,15.0,13.0,2.0,0.0,0.0,0.0,0.0,10.0,16.0,12.0,13.0,0.0,0.0,0.0,0.0,13.0,13.0,9.0,14.0,0.0,0.0,0.0,0.0,6.0,15.0,15.0,11.0,0.0,0.0,0.0,0.0,4.0,16.0,14.0,1.0,0.0,0.0,0.0,0.0,11.0,14.0,15.0,5.0,0.0,0.0,0.0,0.0,9.0,10.0,14.0,9.0,0.0,0.0,0.0,0.0,4.0,16.0,15.0,2.0,0.0,0.0,8
0.0,0.0,0.0,2.0,15.0,8.0,0.0,0.0,0.0,0.0,1.0,15.0,13.0,3.0,0.0,0.0,0.0,0.0,9.0,13.0,1.0,0.0,0.0,0.0,0.0,1.0,15.0,6.0,0.0,5.0,11.0,0.0,0.0,7.0,14.0,0.0,1.0,15.0,8.0,0.0,0.0,8.0,15.0,9.0,15.0,16.0,3.0,0.0,0.0,1.0,11.0,16.0,16.0,10.0,0.0,0.0,0.0,0.0,0.0,2.0,15.0,5.0,0.0,0.0,4
0.0,0.0,0.0,16.0,13.0,0.0,0.0,0.0,0.0,0.0,0.0,15.0,15.0,0.0,0.0,0.0,0.0,0.0,0.0,16.0,13.0,0.0,0.0,0.0,0.0,0.0,3.0,16.0,11.0,0.0,0.0,0.0,0.0,0.0,2.0,16.0,12.0,0.0,0.0,0.0,0.0,0.0,3.0,16.0,12.0,0.0,0.0,0.0,0.0,0.0,1.0,16.0,12.0,0.0,0.0,0.0,0.0,0.0,0.0,12.0,15.0,1.0,0.0,0.0,1
0.0,0.0,3.0,11.0,16.0,15.0,2.0,0.0,0.0,4.0,16.0,10.0,4.0,16.0,4.0,0.0,0.0,7.0,6.0,0.0,5.0,16.0,1.0,0.0,0.0,0.0,0.0,0.0,10.0,12.0,0.0,0.0,0.0,0.0,0.0,9.0,16.0,16.0,10.0,0.0,0.0,0.0,0.0,6.0,15.0,6.0,1.0,0.0,0.0,0.0,0.0,13.0,9.0,0.0,0.0,0.0,0.0,0.0,1.0,15.0,2.0,0.0,0.0,0.0,7
0.0,0.0,6.0,16.0,16.0,6.0,0.0,0.0,0.0,5.0,13.0,5.0,7.0,13.0,0.0,0.0,0.0,1.0,1.0,0.0,5.0,11.0,0.0,0.0,0.0,0.0,0.0,5.0,14.0,14.0,8.0,0.0,0.0,0.0,0.0,5.0,16.0,8.0,2.0,0.0,0.0,0.0,0.0,8.0,8.0,0.0,0.0,0.0,0.0,0.0,1.0,14.0,3.0,0.0,0.0,0.0,0.0,0.0,7.0,12.0,0.0,0.0,0.0,0.0,7
0.0,0.0,9.0,16.0,16.0,12.0,0.0,0.0,0.0,2.0,16.0,8.0,9.0,16.0,0.0,0.0,0.0,1.0,8.0,0.0,13.0,14.0,0.0,0.0,0.0,0.0,0.0,13.0,16.0,5.0,0.0,0.0,0.0,0.0,0.0,8.0,14.0,15.0,5.0,0.0,0.0,0.0,0.0,0.0,0.0,9.0,14.0,0.0,0.0,0.0,9.0,6.0,0.0,11.0,15.0,0.0,0.0,0.0,8.0,16.0,16.0,16.0,6.0,0.0,3
0.0,0.0,9.0,16.0,16.0,16.0,7.0,0.0,0.0,3.0,16.0,11.0,4.0,4.0,1.0,0.0,0.0,6.0,16.0,1.0,0.0,0.0,0.0,0.0,0.0,9.0,16.0,9.0,4.0,0.0,0.0,0.0,0.0,0.0,6.0,10.0,16.0,8.0,0.0,0.0,0.0,0.0,2.0,0.0,8.0,14.0,0.0,0.0,0.0,0.0,13.0,7.0,8.0,14.0,0.0,0.0,0.0,0.0,10.0,16.0,16.0,4.0,0.0,0.0,5
0.0,0.0,0.0,14.0,11.0,0.0,0.0,0.0,0.0,0.0,0.0,12.0,16.0,2.0,0.0,0.0,0.0,0.0,0.0,12.0,16.0,2.0,0.0,0.0,0.0,0.0,0.0,15.0,16.0,1.0,0.0,0.0,0.0,0.0,0.0,16.0,16.0,1.0,0.0,0.0,0.0,0.0,3.0,16.0,15.0,0.0,0.0,0.0,0.0,0.0,4.0,16.0,14.0,0.0,0.0,0.0,0.0,0.0,1.0,14.0,16.0,4.0,0.0,0.0,1
0.0,0.0,1.0,13.0,14.0,1.0,0.0,0.0,0.0,1.0,11.0,16.0,10.0,12.0,0.0,0.0,0.0,6.0,16.0,15.0,0.0,13.0,3.0,0.0,0.0,7.0,14.0,5.0,0.0,8.0,9.0,0.0,0.0,6.0,13.0,0.0,0.0,8.0,11.0,0.0,0.0,4.0,15.0,0.0,1.0,14.0,9.0,0.0,0.0,0.0,14.0,8.0,12.0,16.0,3.0,0.0,0.0,0.0,3.0,15.0,15.0,4.0,0.0,0.0,0
0.0,0.0,2.0,14.0,13.0,1.0,0.0,0.0,0.0,0.0,14.0,16.0,13.0,11.0,0.0,0.0,0.0,4.0,16.0,11.0,1.0,13.0,3.0,0.0,0.0,5.0,16.0,3.0,0.0,10.0,9.0,0.0,0.0,6.0,13.0,0.0,0.0,9.0,11.0,0.0,0.0,2.0,15.0,0.0,1.0,15.0,8.0,0.0,0.0,0.0,11.0,12.0,15.0,15.0,1.0,0.0,0.0,0.0,2.0,13.0,16.0,5.0,0.0,0.0,0
0.0,0.0,10.0,16.0,16.0,10.0,0.0,0.0,0.0,4.0,16.0,6.0,1.0,16.0,2.0,0.0,0.0,0.0,10.0,0.0,1.0,16.0,3.0,0.0,0.0,0.0,0.0,0.0,5.0,15.0,0.0,0.0,0.0,0.0,0.0,0.0,11.0,11.0,0.0,0.0,0.0,0.0,0.0,2.0,15.0,4.0,0.0,0.0,0.0,0.0,2.0,13.0,16.0,12.0,8.0,0.0,0.0,0.0,13.0,15.0,11.0,8.0,14.0,7.0,2
0.0,0.0,10.0,16.0,14.0,6.0,0.0,0.0,0.0,0.0,16.0,8.0,6.0,16.0,3.0,0.0,0.0,0.0,9.0,5.0,0.0,13.0,6.0,0.0,0.0,0.0,0.0,0.0,0.0,14.0,8.0,0.0,0.0,0.0,0.0,0.0,4.0,16.0,2.0,0.0,0.0,0.0,0.0,0.0,13.0,11.0,0.0,0.0,0.0,0.0,2.0,9.0,16.0,10.0,6.0,1.0,0.0,0.0,12.0,16.0,14.0,13.0,16.0,8.0,2
0.0,0.0,7.0,15.0,16.0,15.0,0.0,0.0,0.0,2.0,15.0,2.0,5.0,16.0,1.0,0.0,0.0,0.0,0.0,0.0,10.0,13.0,0.0,0.0,0.0,0.0,0.0,3.0,14.0,11.0,2.0,0.0,0.0,0.0,6.0,16.0,16.0,16.0,8.0,0.0,0.0,0.0,5.0,13.0,7.0,0.0,0.0,0.0,0.0,0.0,3.0,15.0,1.0,0.0,0.0,0.0,0.0,0.0,10.0,12.0,0.0,0.0,0.0,0.0,7
0.0,0.0,6.0,14.0,16.0,6.0,0.0,0.0,0.0,6.0,16.0,16.0,8.0,15.0,0.0,0.0,0.0,7.0,14.0,14.0,12.0,14.0,0.0,0.0,0.0,0.0,13.0,10.0,16.0,6.0,0.0,0.0,0.0,0.0,4.0,16.0,10.0,0.0,0.0,0.0,0.0,0.0,11.0,13.0,16.0,2.0,0.0,0.0,0.0,0.0,15.0,5.0,15.0,4.0,0.0,0.0,0.0,0.0,8.0,16.0,15.0,1.0,0.0,0.0,8
0.0,0.0,10.0,16.0,13.0,3.0,0.0,0.0,0.0,0.0,6.0,15.0,12.0,13.0,0.0,0.0,0.0,0.0,0.0,6.0,6.0,16.0,0.0,0.0,0.0,0.0,0.0,0.0,3.0,16.0,1.0,0.0,0.0,0.0,0.0,0.0,7.0,14.0,0.0,0.0,0.0,0.0,0.0,0.0,13.0,8.0,0.0,0.0,0.0,0.0,4.0,15.0,16.0,13.0,8.0,5.0,0.0,0.0,6.0,16.0,10.0,9.0,12.0,15.0,2
0.0,0.0,10.0,16.0,14.0,2.0,0.0,0.0,0.0,3.0,16.0,9.0,8.0,14.0,0.0,0.0,0.0,5.0,16.0,3.0,2.0,15.0,6.0,0.0,0.0,5.0,16.0,3.0,0.0,12.0,10.0,0.0,0.0,7.0,14.0,0.0,0.0,12.0,11.0,0.0,0.0,7.0,16.0,1.0,3.0,16.0,5.0,0.0,0.0,4.0,16.0,7.0,12.0,11.0,1.0,0.0,0.0,0.0,10.0,16.0,14.0,3.0,0.0,0.0,0
0.0,0.0,0.0,1.0,15.0,12.0,0.0,0.0,0.0,0.0,0.0,12.0,16.0,13.0,0.0,0.0,0.0,0.0,11.0,16.0,16.0,13.0,0.0,0.0,0.0,11.0,16.0,11.0,13.0,13.0,0.0,0.0,0.0,3.0,7.0,0.0,12.0,14.0,0.0,0.0,0.0,0.0,0.0,0.0,11.0,13.0,0.0,0.0,0.0,0.0,0.0,0.0,15.0,13.0,0.0,0.0,0.0,0.0,0.0,2.0,15.0,13.0,0.0,0.0,1
0.0,0.0,11.0,16.0,16.0,7.0,0.0,0.0,0.0,2.0,16.0,10.0,11.0,15.0,0.0,0.0,0.0,0.0,15.0,4.0,4.0,16.0,3.0,0.0,0.0,0.0,3.0,3.0,5.0,16.0,1.0,0.0,0.0,0.0,0.0,0.0,9.0,13.0,0.0,0.0,0.0,0.0,0.0,1.0,16.0,7.0,0.0,0.0,0.0,0.0,2.0,12.0,15.0,6.0,4.0,1.0,0.0,0.0,10.0,16.0,16.0,16.0,16.0,10.0,2
0.0,0.0,0.0,14.0,14.0,1.0,0.0,0.0,0.0,0.0,3.0,16.0,14.0,0.0,0.0,0.0,0.0,0.0,10.0,16.0,2.0,0.0,0.0,0.0,0.0,0.0,16.0,16.0,8.0,3.0,0.0,0.0,0.0,3.0,16.0,15.0,8.0,14.0,2.0,0.0,0.0,0.0,16.0,11.0,0.0,11.0,10.0,0.0,0.0,0.0,9.0,14.0,7.0,16.0,10.0,0.0,0.0,0.0,0.0,12.0,16.0,14.0,1.0,0.0,6
0.0,0.0,8.0,16.0,16.0,12.0,0.0,0.0,0.0,0.0,14.0,12.0,10.0,14.0,0.0,0.0,0.0,0.0,3.0,3.0,10.0,10.0,0.0,0.0,0.0,0.0,0.0,8.0,16.0,5.0,0.0,0.0,0.0,0.0,0.0,7.0,16.0,6.0,0.0,0.0,0.0,0.0,4.0,0.0,7.0,14.0,0.0,0.0,0.0,2.0,16.0,5.0,10.0,16.0,0.0,0.0,0.0,0.0,7.0,16.0,16.0,7.0,0.0,0.0,3
0.0,0.0,7.0,16.0,16.0,14.0,0.0,0.0,0.0,0.0,16.0,12.0,10.0,15.0,1.0,0.0,0.0,0.0,10.0,4.0,16.0,10.0,0.0,0.0,0.0,0.0,0.0,9.0,16.0,11.0,1.0,0.0,0.0,0.0,0.0,0.0,7.0,16.0,8.0,0.0,0.0,0.0,0.0,0.0,0.0,16.0,7.0,0.0,0.0,0.0,8.0,4.0,10.0,15.0,2.0,0.0,0.0,0.0,12.0,16.0,16.0,6.0,0.0,0.0,3
0.0,0.0,12.0,16.0,16.0,5.0,0.0,0.0,0.0,3.0,13.0,8.0,14.0,15.0,1.0,0.0,0.0,0.0,0.0,0.0,13.0,16.0,0.0,0.0,0.0,6.0,16.0,16.0,16.0,16.0,13.0,0.0,0.0,6.0,9.0,11.0,16.0,9.0,5.0,0.0,0.0,0.0,0.0,14.0,11.0,0.0,0.0,0.0,0.0,0.0,7.0,16.0,2.0,0.0,0.0,0.0,0.0,0.0,13.0,10.0,0.0,0.0,0.0,0.0,7
0.0,0.0,5.0,15.0,16.0,15.0,1.0,0.0,0.0,10.0,16.0,11.0,8.0,16.0,5.0,0.0,0.0,12.0,10.0,1.0,10.0,15.0,1.0,0.0,0.0,0.0,0.0,8.0,16.0,11.0,1.0,0.0,0.0,0.0,0.0,1.0,10.0,16.0,10.0,0.0,0.0,0.0,0.0,2.0,0.0,7.0,16.0,0.0,0.0,0.0,8.0,13.0,5.0,15.0,12.0,0.0,0.0,0.0,5.0,15.0,16.0,14.0,3.0,0.0,3
0.0,0.0,10.0,16.0,16.0,10.0,1.0,0.0,0.0,4.0,16.0,11.0,11.0,16.0,3.0,0.0,0.0,1.0,9.0,1.0,10.0,15.0,1.0,0.0,0.0,0.0,0.0,5.0,16.0,10.0,0.0,0.0,0.0,0.0,0.0,0.0,7.0,15.0,10.0,0.0,0.0,0.0,0.0,0.0,0.0,7.0,16.0,0.0,0.0,2.0,12.0,7.0,4.0,14.0,15.0,1.0,0.0,0.0,11.0,16.0,16.0,15.0,4.0,0.0,3
0.0,0.0,0.0,1.0,13.0,7.0,0.0,0.0,0.0,0.0,0.0,10.0,14.0,1.0,0.0,0.0,0.0,0.0,3.0,16.0,5.0,0.0,0.0,0.0,0.0,0.0,13.0,11.0,0.0,3.0,8.0,0.0,0.0,6.0,15.0,2.0,0.0,14.0,7.0,0.0,0.0,8.0,16.0,12.0,13.0,16.0,4.0,0.0,0.0,3.0,11.0,11.0,15.0,12.0,0.0,0.0,0.0,0.0,0.0,0.0,16.0,9.0,0.0,0.0,4
0.0,0.0,0.0,14.0,14.0,1.0,0.0,0.0,0.0,0.0,7.0,16.0,10.0,2.0,0.0,0.0,0.0,0.0,14.0,14.0,1.0,0.0,0.0,0.0,0.0,0.0,14.0,16.0,14.0,4.0,0.0,0.0,0.0,1.0,16.0,16.0,8.0,16.0,2.0,0.0,0.0,0.0,14.0,11.0,0.0,13.0,9.0,0.0,0.0,0.0,9.0,14.0,6.0,16.0,7.0,0.0,0.0,0.0,0.0,14.0,16.0,14.0,0.0,0.0,6
0.0,0.0,0.0,14.0,14.0,1.0,0.0,0.0,0.0,0.0,6.0,16.0,12.0,0.0,0.0,0.0,0.0,0.0,12.0,16.0,2.0,0.0,0.0,0.0,0.0,0.0,16.0,16.0,16.0,9.0,0.0,0.0,0.0,1.0,16.0,15.0,8.0,14.0,9.0,0.0,0.0,0.0,14.0,12.0,0.0,12.0,13.0,0.0,0.0,0.0,6.0,14.0,7.0,16.0,10.0,0.0,0.0,0.0,1.0,13.0,16.0,13.0,1.0,0.0,6
0.0,0.0,0.0,12.0,14.0,1.0,0.0,0.0,0.0,0.0,5.0,16.0,12.0,0.0,0.0,0.0,0.0,0.0,10.0,15.0,1.0,0.0,0.0,0.0,0.0,0.0,14.0,15.0,9.0,2.0,0.0,0.0,0.0,1.0,16.0,15.0,16.0,15.0,2.0,0.0,0.0,0.0,15.0,7.0,1.0,12.0,10.0,0.0,0.0,0.0,10.0,14.0,4.0,15.0,12.0,0.0,0.0,0.0,0.0,11.0,16.0,15.0,5.0,0.0,6
0.0,0.0,0.0,4.0,14.0,2.0,0.0,0.0,0.0,0.0,1.0,15.0,7.0,0.0,0.0,0.0,0.0,0.0,8.0,14.0,0.0,2.0,8.0,0.0,0.0,1.0,15.0,5.0,0.0,10.0,11.0,0.0,0.0,6.0,14.0,1.0,6.0,16.0,5.0,0.0,0.0,12.0,16.0,16.0,16.0,14.0,2.0,0.0,0.0,3.0,12.0,13.0,16.0,3.0,0.0,0.0,0.0,0.0,0.0,6.0,10.0,0.0,0.0,0.0,4
0.0,0.0,0.0,12.0,14.0,5.0,0.0,0.0,0.0,0.0,6.0,11.0,4.0,15.0,0.0,0.0,0.0,0.0,8.0,9.0,8.0,16.0,3.0,0.0,0.0,0.0,3.0,14.0,13.0,13.0,4.0,0.0,0.0,0.0,0.0,0.0,0.0,10.0,7.0,0.0,0.0,0.0,0.0,0.0,0.0,7.0,8.0,0.0,0.0,0.0,13.0,6.0,1.0,7.0,9.0,0.0,0.0,0.0,1.0,10.0,14.0,15.0,2.0,0.0,9
0.0,0.0,1.0,15.0,15.0,2.0,0.0,0.0,0.0,0.0,0.0,12.0,16.0,7.0,0.0,0.0,0.0,0.0,0.0,14.0,16.0,5.0,0.0,0.0,0.0,0.0,0.0,13.0,16.0,2.0,0.0,0.0,0.0,0.0,2.0,16.0,13.0,0.0,0.0,0.0,0.0,0.0,6.0,16.0,13.0,0.0,0.0,0.0,0.0,0.0,6.0,16.0,11.0,0.0,0.0,0.0,0.0,0.0,1.0,14.0,16.0,7.0,0.0,0.0,1
0.0,0.0,7.0,16.0,16.0,10.0,0.0,0.0,0.0,0.0,14.0,13.0,7.0,4.0,0.0,0.0,0.0,5.0,16.0,6.0,0.0,0.0,0.0,0.0,0.0,14.0,15.0,8.0,6.0,1.0,0.0,0.0,0.0,4.0,12.0,12.0,16.0,13.0,2.0,0.0,0.0,0.0,0.0,0.0,1.0,15.0,6.0,0.0,0.0,0.0,5.0,6.0,6.0,16.0,4.0,0.0,0.0,0.0,7.0,16.0,16.0,11.0,1.0,0.0,5
0.0,0.0,1.0,12.0,12.0,3.0,0.0,0.0,0.0,0.0,9.0,13.0,5.0,14.0,0.0,0.0,0.0,0.0,15.0,3.0,0.0,10.0,2.0,0.0,0.0,3.0,16.0,4.0,0.0,9.0,4.0,0.0,0.0,4.0,13.0,0.0,0.0,9.0,2.0,0.0,0.0,3.0,13.0,0.0,1.0,15.0,0.0,0.0,0.0,0.0,13.0,6.0,8.0,9.0,0.0,0.0,0.0,0.0,2.0,14.0,12.0,2.0,0.0,0.0,0
0.0,0.0,8.0,16.0,6.0,3.0,0.0,0.0,0.0,2.0,13.0,5.0,10.0,14.0,0.0,0.0,0.0,4.0,14.0,1.0,9.0,16.0,0.0,0.0,0.0,0.0,12.0,13.0,8.0,13.0,0.0,0.0,0.0,0.0,0.0,3.0,0.0,11.0,2.0,0.0,0.0,0.0,0.0,0.0,0.0,12.0,2.0,0.0,0.0,0.0,4.0,1.0,0.0,14.0,1.0,0.0,0.0,0.0,6.0,15.0,16.0,10.0,0.0,0.0,9
0.0,0.0,4.0,9.0,13.0,13.0,0.0,0.0,0.0,1.0,13.0,15.0,6.0,2.0,0.0,0.0,0.0,0.0,9.0,7.0,0.0,0.0,0.0,0.0,0.0,0.0,13.0,3.0,4.0,0.0,0.0,0.0,0.0,2.0,16.0,16.0,16.0,8.0,0.0,0.0,0.0,2.0,11.0,3.0,0.0,10.0,4.0,0.0,0.0,0.0,2.0,5.0,4.0,15.0,1.0,0.0,0.0,0.0,3.0,12.0,14.0,8.0,0.0,0.0,5
0.0,1.0,13.0,16.0,9.0,0.0,0.0,0.0,0.0,8.0,15.0,8.0,15.0,5.0,0.0,0.0,0.0,11.0,9.0,0.0,12.0,8.0,0.0,0.0,0.0,0.0,0.0,0.0,11.0,8.0,0.0,0.0,0.0,0.0,0.0,2.0,16.0,3.0,0.0,0.0,0.0,0.0,0.0,6.0,15.0,1.0,0.0,0.0,0.0,0.0,7.0,16.0,16.0,16.0,10.0,1.0,0.0,1.0,16.0,14.0,10.0,8.0,11.0,1.0,2
0.0,0.0,2.0,16.0,14.0,2.0,0.0,0.0,0.0,1.0,12.0,16.0,16.0,10.0,0.0,0.0,0.0,4.0,16.0,12.0,12.0,12.0,0.0,0.0,0.0,1.0,15.0,11.0,16.0,6.0,0.0,0.0,0.0,0.0,6.0,16.0,13.0,0.0,0.0,0.0,0.0,0.0,9.0,14.0,14.0,8.0,0.0,0.0,0.0,0.0,10.0,12.0,6.0,15.0,0.0,0.0,0.0,0.0,2.0,13.0,16.0,12.0,0.0,0.0,8
0.0,0.0,7.0,16.0,14.0,3.0,0.0,0.0,0.0,0.0,9.0,14.0,11.0,15.0,0.0,0.0,0.0,0.0,1.0,5.0,0.0,15.0,5.0,0.0,0.0,0.0,0.0,0.0,0.0,16.0,5.0,0.0,0.0,0.0,0.0,0.0,3.0,16.0,4.0,0.0,0.0,0.0,0.0,1.0,12.0,14.0,1.0,0.0,0.0,0.0,5.0,12.0,16.0,16.0,14.0,1.0,0.0,0.0,8.0,16.0,14.0,10.0,13.0,3.0,2
0.0,0.0,5.0,13.0,11.0,1.0,0.0,0.0,0.0,3.0,16.0,11.0,8.0,12.0,0.0,0.0,0.0,5.0,16.0,0.0,0.0,13.0,3.0,0.0,0.0,5.0,13.0,0.0,0.0,6.0,7.0,0.0,0.0,7.0,10.0,0.0,0.0,8.0,7.0,0.0,0.0,4.0,13.0,0.0,1.0,14.0,5.0,0.0,0.0,1.0,15.0,5.0,12.0,10.0,0.0,0.0,0.0,0.0,7.0,16.0,10.0,1.0,0.0,0.0,0
0.0,0.0,4.0,15.0,13.0,2.0,0.0,0.0,0.0,4.0,16.0,15.0,7.0,11.0,0.0,0.0,0.0,8.0,14.0,14.0,0.0,14.0,2.0,0.0,0.0,7.0,9.0,12.0,4.0,8.0,7.0,0.0,0.0,6.0,11.0,0.0,0.0,7.0,9.0,0.0,0.0,2.0,15.0,1.0,0.0,10.0,8.0,0.0,0.0,0.0,11.0,8.0,4.0,15.0,4.0,0.0,0.0,0.0,2.0,14.0,16.0,10.0,0.0,0.0,0
0.0,0.0,0.0,3.0,16.0,8.0,0.0,0.0,0.0,0.0,0.0,11.0,16.0,9.0,0.0,0.0,0.0,3.0,12.0,16.0,16.0,8.0,0.0,0.0,0.0,13.0,16.0,9.0,16.0,8.0,0.0,0.0,0.0,1.0,2.0,0.0,16.0,8.0,0.0,0.0,0.0,0.0,0.0,2.0,16.0,4.0,0.0,0.0,0.0,0.0,0.0,2.0,16.0,6.0,0.0,0.0,0.0,0.0,0.0,1.0,16.0,9.0,0.0,0.0,1
0.0,1.0,12.0,16.0,16.0,15.0,0.0,0.0,0.0,7.0,13.0,7.0,8.0,16.0,0.0,0.0,0.0,0.0,1.0,0.0,8.0,14.0,0.0,0.0,0.0,0.0,7.0,15.0,16.0,16.0,11.0,0.0,0.0,3.0,15.0,12.0,15.0,4.0,2.0,0.0,0.0,0.0,1.0,12.0,7.0,0.0,0.0,0.0,0.0,0.0,2.0,16.0,2.0,0.0,0.0,0.0,0.0,0.0,13.0,9.0,0.0,0.0,0.0,0.0,7
0.0,0.0,0.0,8.0,13.0,0.0,0.0,0.0,0.0,0.0,0.0,14.0,6.0,0.0,0.0,0.0,0.0,0.0,6.0,12.0,0.0,0.0,0.0,0.0,0.0,0.0,8.0,13.0,8.0,2.0,0.0,0.0,0.0,0.0,13.0,16.0,13.0,14.0,4.0,0.0,0.0,0.0,11.0,8.0,2.0,3.0,13.0,0.0,0.0,0.0,7.0,11.0,5.0,12.0,11.0,0.0,0.0,0.0,1.0,11.0,12.0,4.0,0.0,0.0,6
0.0,0.0,13.0,16.0,16.0,9.0,0.0,0.0,0.0,2.0,16.0,7.0,7.0,16.0,0.0,0.0,0.0,0.0,4.0,0.0,11.0,10.0,0.0,0.0,0.0,0.0,1.0,13.0,14.0,3.0,0.0,0.0,0.0,0.0,0.0,7.0,15.0,11.0,1.0,0.0,0.0,0.0,0.0,1.0,2.0,13.0,10.0,0.0,0.0,0.0,8.0,9.0,1.0,12.0,11.0,0.0,0.0,0.0,11.0,16.0,16.0,15.0,1.0,0.0,3
0.0,0.0,7.0,16.0,12.0,0.0,0.0,0.0,0.0,1.0,16.0,7.0,13.0,3.0,0.0,0.0,0.0,0.0,15.0,2.0,10.0,6.0,0.0,0.0,0.0,0.0,4.0,0.0,12.0,5.0,0.0,0.0,0.0,0.0,0.0,0.0,15.0,1.0,0.0,0.0,0.0,0.0,0.0,5.0,13.0,0.0,0.0,0.0,0.0,0.0,6.0,15.0,14.0,8.0,7.0,1.0,0.0,0.0,6.0,13.0,12.0,12.0,15.0,12.0,2
0.0,0.0,1.0,14.0,14.0,2.0,0.0,0.0,0.0,0.0,1.0,14.0,16.0,3.0,0.0,0.0,0.0,0.0,0.0,10.0,16.0,2.0,0.0,0.0,0.0,0.0,0.0,11.0,16.0,5.0,0.0,0.0,0.0,0.0,0.0,15.0,16.0,5.0,0.0,0.0,0.0,0.0,0.0,15.0,16.0,5.0,0.0,0.0,0.0,0.0,0.0,10.0,16.0,12.0,1.0,0.0,0.0,0.0,0.0,14.0,16.0,11.0,0.0,0.0,1
0.0,1.0,8.0,16.0,15.0,0.0,0.0,0.0,0.0,4.0,13.0,5.0,16.0,0.0,0.0,0.0,0.0,0.0,0.0,0.0,16.0,0.0,0.0,0.0,0.0,0.0,1.0,7.0,14.0,6.0,2.0,0.0,0.0,0.0,12.0,16.0,14.0,13.0,8.0,0.0,0.0,0.0,8.0,16.0,4.0,0.0,0.0,0.0,0.0,0.0,5.0,15.0,0.0,0.0,0.0,0.0,0.0,0.0,14.0,8.0,0.0,0.0,0.0,0.0,7
0.0,0.0,0.0,7.0,14.0,0.0,0.0,0.0,0.0,0.0,1.0,14.0,8.0,0.0,1.0,0.0,0.0,0.0,8.0,14.0,0.0,9.0,11.0,0.0,0.0,1.0,15.0,6.0,1.0,14.0,10.0,0.0,0.0,8.0,15.0,0.0,8.0,16.0,1.0,0.0,0.0,10.0,15.0,9.0,15.0,15.0,0.0,0.0,0.0,5.0,15.0,14.0,16.0,6.0,0.0,0.0,0.0,0.0,0.0,8.0,15.0,2.0,0.0,0.0,4
0.0,0.0,0.0,16.0,6.0,0.0,0.0,0.0,0.0,0.0,3.0,16.0,6.0,0.0,0.0,0.0,0.0,0.0,9.0,16.0,0.0,0.0,0.0,0.0,0.0,0.0,12.0,16.0,12.0,9.0,1.0,0.0,0.0,0.0,15.0,16.0,14.0,13.0,12.0,0.0,0.0,0.0,14.0,15.0,7.0,0.0,15.0,6.0,0.0,0.0,9.0,14.0,4.0,7.0,15.0,8.0,0.0,0.0,1.0,13.0,16.0,16.0,12.0,1.0,6
0.0,0.0,10.0,16.0,16.0,10.0,0.0,0.0,0.0,8.0,15.0,7.0,6.0,14.0,0.0,0.0,0.0,1.0,3.0,0.0,15.0,8.0,0.0,0.0,0.0,0.0,0.0,12.0,13.0,1.0,0.0,0.0,0.0,0.0,0.0,7.0,15.0,4.0,0.0,0.0,0.0,0.0,0.0,0.0,8.0,12.0,0.0,0.0,0.0,0.0,6.0,0.0,12.0,10.0,0.0,0.0,0.0,0.0,13.0,16.0,15.0,3.0,0.0,0.0,3
0.0,0.0,2.0,14.0,14.0,0.0,0.0,0.0,0.0,0.0,1.0,15.0,16.0,2.0,0.0,0.0,0.0,0.0,0.0,14.0,16.0,3.0,0.0,0.0,0.0,0.0,0.0,10.0,16.0,5.0,0.0,0.0,0.0,0.0,0.0,12.0,14.0,1.0,0.0,0.0,0.0,0.0,0.0,13.0,13.0,0.0,0.0,0.0,0.0,0.0,1.0,16.0,11.0,0.0,0.0,0.0,0.0,0.0,2.0,15.0,12.0,0.0,0.0,0.0,1
0.0,1.0,12.0,16.0,14.0,2.0,0.0,0.0,0.0,7.0,15.0,4.0,13.0,7.0,0.0,0.0,0.0,0.0,2.0,0.0,12.0,7.0,0.0,0.0,0.0,0.0,0.0,6.0,16.0,8.0,0.0,0.0,0.0,0.0,0.0,15.0,13.0,15.0,9.0,0.0,0.0,0.0,0.0,1.0,0.0,8.0,15.0,0.0,0.0,0.0,8.0,4.0,1.0,12.0,10.0,0.0,0.0,1.0,13.0,16.0,16.0,13.0,1.0,0.0,3
0.0,0.0,8.0,16.0,13.0,2.0,0.0,0.0,0.0,2.0,16.0,8.0,11.0,14.0,1.0,0.0,0.0,3.0,16.0,1.0,12.0,16.0,5.0,0.0,0.0,0.0,12.0,16.0,16.0,13.0,9.0,0.0,0.0,0.0,0.0,4.0,2.0,9.0,14.0,0.0,0.0,0.0,4.0,5.0,0.0,8.0,13.0,0.0,0.0,1.0,16.0,11.0,1.0,13.0,7.0,0.0,0.0,0.0,8.0,15.0,16.0,15.0,1.0,0.0,9
0.0,0.0,2.0,16.0,10.0,0.0,0.0,0.0,0.0,0.0,3.0,16.0,16.0,1.0,0.0,0.0,0.0,0.0,5.0,16.0,14.0,0.0,0.0,0.0,0.0,0.0,3.0,16.0,13.0,0.0,0.0,0.0,0.0,0.0,1.0,16.0,15.0,0.0,0.0,0.0,0.0,0.0,1.0,16.0,16.0,0.0,0.0,0.0,0.0,0.0,2.0,16.0,15.0,2.0,0.0,0.0,0.0,0.0,0.0,15.0,16.0,11.0,0.0,0.0,1
0.0,0.0,3.0,13.0,16.0,13.0,1.0,0.0,0.0,3.0,15.0,13.0,10.0,16.0,2.0,0.0,0.0,4.0,10.0,0.0,4.0,16.0,1.0,0.0,0.0,0.0,0.0,3.0,11.0,14.0,2.0,0.0,0.0,0.0,9.0,16.0,16.0,16.0,8.0,0.0,0.0,0.0,9.0,12.0,16.0,0.0,0.0,0.0,0.0,0.0,1.0,12.0,11.0,0.0,0.0,0.0,0.0,0.0,3.0,16.0,8.0,0.0,0.0,0.0,7
0.0,0.0,0.0,10.0,11.0,0.0,0.0,0.0,0.0,0.0,0.0,14.0,14.0,0.0,0.0,0.0,0.0,0.0,4.0,16.0,3.0,0.0,0.0,0.0,0.0,0.0,6.0,16.0,10.0,2.0,0.0,0.0,0.0,0.0,12.0,16.0,12.0,11.0,5.0,0.0,0.0,0.0,11.0,7.0,3.0,2.0,14.0,0.0,0.0,0.0,6.0,13.0,0.0,4.0,13.0,0.0,0.0,0.0,0.0,9.0,16.0,15.0,5.0,0.0,6
0.0,0.0,6.0,12.0,13.0,7.0,0.0,0.0,0.0,0.0,16.0,10.0,16.0,12.0,0.0,0.0,0.0,0.0,13.0,7.0,16.0,9.0,0.0,0.0,0.0,0.0,1.0,15.0,13.0,0.0,0.0,0.0,0.0,0.0,2.0,16.0,13.0,0.0,0.0,0.0,0.0,0.0,10.0,7.0,10.0,2.0,0.0,0.0,0.0,0.0,13.0,4.0,13.0,3.0,0.0,0.0,0.0,0.0,7.0,15.0,9.0,0.0,0.0,0.0,8
0.0,0.0,0.0,0.0,12.0,10.0,0.0,0.0,0.0,0.0,0.0,11.0,16.0,3.0,0.0,0.0,0.0,0.0,4.0,15.0,4.0,0.0,0.0,0.0,0.0,0.0,12.0,10.0,0.0,8.0,10.0,0.0,0.0,6.0,15.0,1.0,1.0,15.0,8.0,0.0,0.0,7.0,16.0,8.0,10.0,16.0,7.0,0.0,0.0,4.0,15.0,16.0,16.0,13.0,0.0,0.0,0.0,0.0,0.0,0.0,12.0,9.0,0.0,0.0,4
0.0,0.0,5.0,16.0,16.0,10.0,0.0,0.0,0.0,2.0,16.0,14.0,14.0,14.0,0.0,0.0,0.0,2.0,14.0,4.0,14.0,10.0,0.0,0.0,0.0,0.0,0.0,8.0,16.0,8.0,0.0,0.0,0.0,0.0,0.0,0.0,8.0,16.0,6.0,0.0,0.0,0.0,0.0,0.0,0.0,12.0,13.0,0.0,0.0,0.0,7.0,11.0,8.0,16.0,11.0,0.0,0.0,0.0,8.0,16.0,16.0,10.0,1.0,0.0,3
0.0,0.0,2.0,16.0,12.0,0.0,0.0,0.0,0.0,0.0,5.0,16.0,16.0,1.0,0.0,0.0,0.0,0.0,2.0,16.0,15.0,0.0,0.0,0.0,0.0,0.0,6.0,16.0,14.0,0.0,0.0,0.0,0.0,0.0,8.0,16.0,9.0,0.0,0.0,0.0,0.0,0.0,7.0,16.0,14.0,0.0,0.0,0.0,0.0,0.0,8.0,16.0,11.0,0.0,0.0,0.0,0.0,0.0,2.0,15.0,13.0,0.0,0.0,0.0,1
0.0,0.0,0.0,6.0,16.0,6.0,0.0,0.0,0.0,0.0,3.0,16.0,9.0,0.0,0.0,0.0,0.0,1.0,13.0,13.0,1.0,2.0,1.0,0.0,0.0,7.0,16.0,5.0,1.0,14.0,10.0,0.0,0.0,12.0,16.0,8.0,12.0,16.0,2.0,0.0,0.0,2.0,12.0,15.0,16.0,11.0,0.0,0.0,0.0,0.0,0.0,8.0,16.0,4.0,0.0,0.0,0.0,0.0,0.0,8.0,15.0,0.0,0.0,0.0,4
0.0,0.0,4.0,16.0,12.0,1.0,0.0,0.0,0.0,2.0,16.0,16.0,11.0,8.0,0.0,0.0,0.0,3.0,16.0,13.0,1.0,14.0,2.0,0.0,0.0,4.0,16.0,0.0,0.0,13.0,4.0,0.0,0.0,4.0,15.0,0.0,0.0,13.0,8.0,0.0,0.0,1.0,16.0,1.0,0.0,14.0,5.0,0.0,0.0,0.0,10.0,8.0,7.0,15.0,1.0,0.0,0.0,0.0,2.0,13.0,16.0,8.0,0.0,0.0,0
0.0,0.0,7.0,16.0,15.0,4.0,0.0,0.0,0.0,0.0,3.0,13.0,4.0,2.0,0.0,0.0,0.0,0.0,9.0,9.0,0.0,0.0,0.0,0.0,0.0,0.0,14.0,7.0,0.0,0.0,0.0,0.0,0.0,0.0,13.0,16.0,13.0,2.0,0.0,0.0,0.0,0.0,0.0,4.0,11.0,8.0,0.0,0.0,0.0,0.0,0.0,1.0,13.0,6.0,0.0,0.0,0.0,0.0,6.0,16.0,14.0,0.0,0.0,0.0,5
0.0,0.0,9.0,16.0,16.0,7.0,0.0,0.0,0.0,13.0,15.0,9.0,12.0,15.0,0.0,0.0,0.0,5.0,4.0,0.0,13.0,13.0,0.0,0.0,0.0,0.0,0.0,11.0,16.0,5.0,0.0,0.0,0.0,0.0,0.0,11.0,16.0,10.0,3.0,0.0,0.0,0.0,0.0,0.0,4.0,12.0,13.0,0.0,0.0,0.0,7.0,1.0,1.0,12.0,14.0,0.0,0.0,0.0,9.0,16.0,16.0,14.0,5.0,0.0,3
0.0,0.0,0.0,15.0,2.0,0.0,0.0,0.0,0.0,0.0,0.0,16.0,4.0,0.0,0.0,0.0,0.0,0.0,6.0,9.0,0.0,0.0,0.0,0.0,0.0,0.0,12.0,16.0,16.0,9.0,1.0,0.0,0.0,0.0,14.0,11.0,0.0,8.0,9.0,0.0,0.0,0.0,11.0,14.0,3.0,2.0,14.0,0.0,0.0,0.0,8.0,11.0,4.0,14.0,7.0,0.0,0.0,0.0,1.0,12.0,14.0,6.0,0.0,0.0,6
0.0,0.0,6.0,12.0,15.0,9.0,1.0,0.0,0.0,5.0,14.0,4.0,5.0,16.0,3.0,0.0,0.0,9.0,8.0,3.0,13.0,16.0,4.0,0.0,0.0,3.0,15.0,15.0,7.0,10.0,8.0,0.0,0.0,0.0,0.0,1.0,0.0,12.0,8.0,0.0,0.0,0.0,0.0,0.0,0.0,11.0,2.0,0.0,0.0,0.0,7.0,4.0,5.0,13.0,0.0,0.0,0.0,0.0,5.0,14.0,15.0,4.0,0.0,0.0,9
0.0,0.0,3.0,16.0,14.0,1.0,0.0,0.0,0.0,0.0,11.0,16.0,6.0,0.0,0.0,0.0,0.0,0.0,15.0,9.0,1.0,0.0,0.0,0.0,0.0,3.0,16.0,14.0,16.0,12.0,2.0,0.0,0.0,4.0,16.0,14.0,13.0,11.0,14.0,0.0,0.0,0.0,16.0,5.0,3.0,7.0,16.0,3.0,0.0,0.0,11.0,12.0,8.0,16.0,10.0,0.0,0.0,0.0,2.0,14.0,16.0,12.0,0.0,0.0,6
0.0,0.0,2.0,16.0,13.0,0.0,0.0,0.0,0.0,0.0,4.0,16.0,15.0,0.0,0.0,0.0,0.0,0.0,4.0,16.0,12.0,0.0,0.0,0.0,0.0,0.0,7.0,16.0,10.0,0.0,0.0,0.0,0.0,0.0,5.0,16.0,9.0,0.0,0.0,0.0,0.0,0.0,7.0,16.0,7.0,0.0,0.0,0.0,0.0,0.0,3.0,16.0,9.0,0.0,0.0,0.0,0.0,0.0,1.0,12.0,15.0,0.0,0.0,0.0,1
0.0,0.0,8.0,16.0,15.0,4.0,0.0,0.0,0.0,10.0,16.0,11.0,13.0,12.0,0.0,0.0,0.0,12.0,7.0,0.0,13.0,8.0,0.0,0.0,0.0,0.0,1.0,7.0,16.0,12.0,5.0,0.0,0.0,5.0,15.0,16.0,16.0,14.0,9.0,0.0,0.0,2.0,8.0,15.0,10.0,0.0,0.0,0.0,0.0,0.0,7.0,16.0,2.0,0.0,0.0,0.0,0.0,0.0,10.0,13.0,0.0,0.0,0.0,0.0,7
0.0,0.0,11.0,16.0,16.0,11.0,0.0,0.0,0.0,0.0,10.0,16.0,7.0,2.0,0.0,0.0,0.0,1.0,16.0,9.0,0.0,0.0,0.0,0.0,0.0,0.0,13.0,16.0,8.0,0.0,0.0,0.0,0.0,0.0,0.0,4.0,15.0,4.0,0.0,0.0,0.0,0.0,0.0,0.0,14.0,8.0,0.0,0.0,0.0,0.0,3.0,8.0,16.0,4.0,0.0,0.0,0.0,0.0,14.0,16.0,9.0,0.0,0.0,0.0,5
0.0,0.0,0.0,1.0,11.0,12.0,0.0,0.0,0.0,0.0,0.0,9.0,13.0,1.0,0.0,0.0,0.0,0.0,8.0,15.0,3.0,0.0,0.0,0.0,0.0,2.0,16.0,6.0,1.0,5.0,2.0,0.0,0.0,12.0,13.0,8.0,13.0,16.0,9.0,0.0,0.0,16.0,16.0,13.0,11.0,16.0,6.0,0.0,0.0,3.0,4.0,0.0,11.0,14.0,0.0,0.0,0.0,0.0,0.0,1.0,16.0,12.0,0.0,0.0,4
0.0,0.0,0.0,3.0,14.0,9.0,0.0,0.0,0.0,0.0,0.0,13.0,11.0,1.0,0.0,0.0,0.0,0.0,9.0,14.0,0.0,0.0,0.0,0.0,0.0,4.0,16.0,4.0,0.0,4.0,2.0,0.0,0.0,12.0,12.0,7.0,14.0,16.0,10.0,0.0,0.0,13.0,16.0,14.0,11.0,16.0,4.0,0.0,0.0,2.0,2.0,0.0,11.0,13.0,0.0,0.0,0.0,0.0,0.0,3.0,16.0,9.0,0.0,0.0,4
0.0,0.0,3.0,13.0,16.0,16.0,5.0,0.0,0.0,4.0,15.0,13.0,10.0,16.0,6.0,0.0,0.0,1.0,8.0,1.0,4.0,16.0,4.0,0.0,0.0,0.0,1.0,6.0,11.0,16.0,10.0,0.0,0.0,0.0,13.0,16.0,16.0,13.0,3.0,0.0,0.0,0.0,10.0,7.0,16.0,4.0,0.0,0.0,0.0,0.0,0.0,11.0,13.0,0.0,0.0,0.0,0.0,0.0,4.0,16.0,8.0,0.0,0.0,0.0,7
0.0,0.0,7.0,14.0,11.0,1.0,0.0,0.0,0.0,6.0,15.0,6.0,7.0,10.0,0.0,0.0,0.0,11.0,7.0,0.0,2.0,12.0,0.0,0.0,0.0,5.0,4.0,0.0,1.0,12.0,0.0,0.0,0.0,0.0,0.0,0.0,3.0,9.0,0.0,0.0,0.0,0.0,0.0,0.0,11.0,3.0,0.0,0.0,0.0,0.0,0.0,9.0,13.0,2.0,3.0,0.0,0.0,0.0,7.0,16.0,16.0,16.0,16.0,6.0,2
0.0,0.0,8.0,15.0,14.0,7.0,0.0,0.0,0.0,0.0,12.0,16.0,14.0,16.0,0.0,0.0,0.0,0.0,3.0,15.0,14.0,14.0,1.0,0.0,0.0,0.0,0.0,11.0,16.0,1.0,0.0,0.0,0.0,0.0,5.0,14.0,14.0,4.0,0.0,0.0,0.0,0.0,12.0,6.0,8.0,8.0,0.0,0.0,0.0,1.0,16.0,2.0,9.0,7.0,0.0,0.0,0.0,0.0,9.0,16.0,11.0,1.0,0.0,0.0,8
0.0,0.0,11.0,16.0,11.0,0.0,0.0,0.0,0.0,3.0,16.0,11.0,15.0,6.0,0.0,0.0,0.0,1.0,10.0,3.0,10.0,10.0,0.0,0.0,0.0,0.0,0.0,0.0,9.0,10.0,0.0,0.0,0.0,0.0,0.0,0.0,12.0,9.0,0.0,0.0,0.0,0.0,0.0,5.0,16.0,5.0,0.0,0.0,0.0,1.0,13.0,16.0,16.0,13.0,8.0,0.0,0.0,0.0,11.0,11.0,8.0,13.0,16.0,7.0,2
0.0,0.0,9.0,16.0,13.0,1.0,0.0,0.0,0.0,8.0,16.0,8.0,11.0,8.0,0.0,0.0,0.0,11.0,10.0,0.0,8.0,10.0,0.0,0.0,0.0,1.0,5.0,0.0,11.0,11.0,0.0,0.0,0.0,0.0,0.0,0.0,13.0,9.0,0.0,0.0,0.0,0.0,0.0,4.0,16.0,2.0,0.0,0.0,0.0,0.0,4.0,14.0,15.0,7.0,4.0,1.0,0.0,0.0,8.0,16.0,16.0,16.0,16.0,12.0,2
0.0,0.0,9.0,16.0,16.0,16.0,4.0,0.0,0.0,0.0,8.0,16.0,5.0,4.0,0.0,0.0,0.0,1.0,15.0,9.0,0.0,0.0,0.0,0.0,0.0,9.0,15.0,8.0,7.0,3.0,0.0,0.0,0.0,3.0,12.0,12.0,14.0,16.0,5.0,0.0,0.0,0.0,0.0,0.0,1.0,11.0,12.0,0.0,0.0,0.0,1.0,2.0,1.0,11.0,10.0,0.0,0.0,0.0,9.0,16.0,16.0,16.0,4.0,0.0,5
0.0,0.0,2.0,13.0,16.0,8.0,0.0,0.0,0.0,0.0,13.0,7.0,7.0,13.0,0.0,0.0,0.0,1.0,7.0,0.0,7.0,13.0,2.0,0.0,0.0,0.0,1.0,10.0,16.0,16.0,13.0,0.0,0.0,0.0,6.0,13.0,16.0,2.0,0.0,0.0,0.0,0.0,1.0,5.0,11.0,0.0,0.0,0.0,0.0,0.0,0.0,12.0,4.0,0.0,0.0,0.0,0.0,0.0,2.0,14.0,0.0,0.0,0.0,0.0,7
0.0,1.0,8.0,11.0,13.0,12.0,0.0,0.0,0.0,5.0,9.0,0.0,4.0,16.0,1.0,0.0,0.0,7.0,5.0,0.0,5.0,16.0,5.0,0.0,0.0,1.0,13.0,11.0,13.0,6.0,8.0,0.0,0.0,0.0,3.0,4.0,1.0,4.0,8.0,0.0,0.0,0.0,0.0,0.0,0.0,7.0,5.0,0.0,0.0,2.0,8.0,1.0,2.0,14.0,0.0,0.0,0.0,0.0,8.0,13.0,11.0,3.0,0.0,0.0,9
0.0,0.0,14.0,16.0,16.0,16.0,2.0,0.0,0.0,7.0,16.0,5.0,1.0,0.0,0.0,0.0,0.0,14.0,13.0,7.0,3.0,0.0,0.0,0.0,0.0,4.0,12.0,13.0,16.0,9.0,0.0,0.0,0.0,0.0,0.0,0.0,6.0,15.0,0.0,0.0,0.0,0.0,0.0,0.0,9.0,14.0,0.0,0.0,0.0,0.0,5.0,14.0,16.0,3.0,0.0,0.0,0.0,1.0,15.0,11.0,4.0,0.0,0.0,0.0,5
0.0,0.0,0.0,2.0,14.0,5.0,0.0,0.0,0.0,0.0,1.0,11.0,11.0,0.0,0.0,0.0,0.0,0.0,7.0,14.0,1.0,0.0,0.0,0.0,0.0,5.0,16.0,3.0,4.0,6.0,2.0,0.0,0.0,14.0,16.0,14.0,16.0,16.0,10.0,0.0,0.0,9.0,12.0,7.0,8.0,16.0,4.0,0.0,0.0,0.0,0.0,0.0,13.0,12.0,0.0,0.0,0.0,0.0,0.0,3.0,15.0,6.0,0.0,0.0,4
0.0,0.0,2.0,15.0,15.0,3.0,0.0,0.0,0.0,3.0,12.0,15.0,10.0,13.0,0.0,0.0,0.0,3.0,16.0,14.0,11.0,14.0,0.0,0.0,0.0,0.0,7.0,16.0,16.0,9.0,0.0,0.0,0.0,0.0,5.0,16.0,13.0,0.0,0.0,0.0,0.0,0.0,13.0,16.0,11.0,0.0,0.0,0.0,0.0,0.0,13.0,16.0,15.0,0.0,0.0,0.0,0.0,0.0,2.0,15.0,10.0,0.0,0.0,0.0,8
0.0,0.0,4.0,15.0,15.0,4.0,0.0,0.0,0.0,6.0,16.0,16.0,12.0,14.0,0.0,0.0,0.0,11.0,11.0,6.0,14.0,12.0,0.0,0.0,0.0,3.0,14.0,13.0,14.0,1.0,0.0,0.0,0.0,0.0,12.0,16.0,5.0,0.0,0.0,0.0,0.0,1.0,16.0,13.0,9.0,0.0,0.0,0.0,0.0,0.0,13.0,10.0,15.0,0.0,0.0,0.0,0.0,0.0,3.0,15.0,15.0,0.0,0.0,0.0,8
0.0,0.0,0.0,5.0,15.0,3.0,0.0,0.0,0.0,0.0,2.0,16.0,4.0,0.0,0.0,0.0,0.0,0.0,8.0,12.0,0.0,2.0,12.0,0.0,0.0,3.0,16.0,1.0,0.0,11.0,10.0,0.0,0.0,9.0,13.0,0.0,3.0,16.0,5.0,0.0,0.0,13.0,15.0,16.0,16.0,12.0,0.0,0.0,0.0,5.0,12.0,14.0,16.0,4.0,0.0,0.0,0.0,0.0,0.0,6.0,15.0,2.0,0.0,0.0,4
0.0,0.0,1.0,11.0,12.0,9.0,5.0,0.0,0.0,0.0,14.0,6.0,1.0,15.0,10.0,0.0,0.0,2.0,12.0,4.0,12.0,7.0,10.0,0.0,0.0,1.0,13.0,12.0,3.0,4.0,8.0,0.0,0.0,0.0,0.0,0.0,0.0,4.0,8.0,0.0,0.0,0.0,3.0,4.0,0.0,7.0,6.0,0.0,0.0,0.0,12.0,7.0,3.0,11.0,0.0,0.0,0.0,0.0,3.0,13.0,15.0,3.0,0.0,0.0,9
0.0,0.0,2.0,15.0,13.0,2.0,0.0,0.0,0.0,0.0,8.0,16.0,15.0,12.0,0.0,0.0,0.0,0.0,9.0,14.0,1.0,15.0,5.0,0.0,0.0,0.0,14.0,13.0,0.0,11.0,9.0,0.0,0.0,3.0,16.0,11.0,0.0,12.0,9.0,0.0,0.0,2.0,16.0,3.0,2.0,16.0,6.0,0.0,0.0,1.0,13.0,11.0,15.0,14.0,0.0,0.0,0.0,0.0,4.0,16.0,15.0,5.0,0.0,0.0,0
0.0,0.0,10.0,9.0,14.0,10.0,0.0,0.0,0.0,2.0,15.0,15.0,4.0,14.0,2.0,0.0,0.0,0.0,13.0,5.0,9.0,12.0,0.0,0.0,0.0,0.0,4.0,16.0,14.0,2.0,0.0,0.0,0.0,0.0,11.0,12.0,10.0,0.0,0.0,0.0,0.0,0.0,15.0,1.0,12.0,0.0,0.0,0.0,0.0,3.0,12.0,2.0,13.0,0.0,0.0,0.0,0.0,0.0,9.0,16.0,7.0,0.0,0.0,0.0,8
0.0,0.0,4.0,14.0,16.0,4.0,0.0,0.0,0.0,0.0,12.0,8.0,9.0,12.0,0.0,0.0,0.0,2.0,11.0,0.0,0.0,12.0,3.0,0.0,0.0,4.0,7.0,0.0,0.0,5.0,8.0,0.0,0.0,6.0,4.0,0.0,0.0,4.0,8.0,0.0,0.0,4.0,9.0,0.0,0.0,6.0,8.0,0.0,0.0,0.0,14.0,9.0,6.0,15.0,2.0,0.0,0.0,0.0,4.0,16.0,15.0,5.0,0.0,0.0,0
0.0,0.0,0.0,3.0,15.0,16.0,1.0,0.0,0.0,0.0,7.0,15.0,16.0,14.0,0.0,0.0,0.0,4.0,16.0,16.0,15.0,13.0,0.0,0.0,0.0,0.0,8.0,2.0,15.0,13.0,0.0,0.0,0.0,0.0,0.0,0.0,16.0,15.0,0.0,0.0,0.0,0.0,0.0,0.0,16.0,12.0,0.0,0.0,0.0,0.0,0.0,1.0,16.0,16.0,2.0,0.0,0.0,0.0,0.0,3.0,15.0,13.0,1.0,0.0,1
0.0,1.0,10.0,16.0,3.0,0.0,0.0,0.0,0.0,5.0,16.0,14.0,8.0,0.0,0.0,0.0,0.0,10.0,11.0,8.0,12.0,0.0,0.0,0.0,0.0,1.0,1.0,8.0,12.0,0.0,0.0,0.0,0.0,0.0,0.0,12.0,8.0,0.0,0.0,0.0,0.0,0.0,2.0,15.0,5.0,1.0,2.0,0.0,0.0,0.0,10.0,16.0,14.0,14.0,12.0,0.0,0.0,0.0,14.0,16.0,16.0,13.0,7.0,0.0,2
0.0,0.0,8.0,16.0,8.0,0.0,0.0,0.0,0.0,0.0,16.0,6.0,15.0,1.0,0.0,0.0,0.0,4.0,10.0,0.0,12.0,2.0,0.0,0.0,0.0,0.0,0.0,7.0,16.0,3.0,0.0,0.0,0.0,0.0,0.0,5.0,13.0,16.0,3.0,0.0,0.0,0.0,0.0,0.0,0.0,11.0,6.0,0.0,0.0,0.0,12.0,9.0,9.0,16.0,2.0,0.0,0.0,0.0,8.0,16.0,15.0,7.0,0.0,0.0,3
0.0,0.0,3.0,16.0,0.0,0.0,0.0,0.0,0.0,0.0,10.0,10.0,0.0,0.0,0.0,0.0,0.0,1.0,16.0,3.0,13.0,5.0,0.0,0.0,0.0,8.0,13.0,1.0,16.0,7.0,6.0,0.0,0.0,14.0,13.0,9.0,16.0,16.0,10.0,0.0,0.0,11.0,16.0,16.0,14.0,9.0,3.0,0.0,0.0,1.0,4.0,16.0,8.0,0.0,0.0,0.0,0.0,0.0,2.0,16.0,6.0,0.0,0.0,0.0,4
0.0,1.0,12.0,12.0,12.0,15.0,6.0,0.0,0.0,1.0,14.0,5.0,5.0,4.0,1.0,0.0,0.0,0.0,12.0,0.0,0.0,0.0,0.0,0.0,0.0,8.0,16.0,16.0,15.0,8.0,0.0,0.0,0.0,1.0,4.0,4.0,5.0,12.0,7.0,0.0,0.0,0.0,0.0,0.0,0.0,11.0,4.0,0.0,0.0,2.0,7.0,2.0,10.0,12.0,0.0,0.0,0.0,2.0,16.0,15.0,8.0,1.0,0.0,0.0,5
0.0,0.0,1.0,13.0,4.0,0.0,0.0,0.0,0.0,0.0,12.0,13.0,1.0,0.0,0.0,0.0,0.0,1.0,16.0,2.0,0.0,0.0,0.0,0.0,0.0,5.0,16.0,8.0,4.0,2.0,0.0,0.0,0.0,5.0,16.0,14.0,16.0,15.0,3.0,0.0,0.0,3.0,13.0,1.0,0.0,9.0,9.0,0.0,0.0,0.0,11.0,12.0,4.0,11.0,11.0,0.0,0.0,0.0,2.0,13.0,16.0,13.0,1.0,0.0,6
0.0,0.0,0.0,11.0,16.0,16.0,10.0,0.0,0.0,0.0,10.0,12.0,9.0,15.0,9.0,0.0,0.0,0.0,13.0,8.0,0.0,12.0,5.0,0.0,0.0,0.0,6.0,0.0,4.0,12.0,0.0,0.0,0.0,0.0,2.0,15.0,16.0,16.0,9.0,0.0,0.0,0.0,6.0,13.0,15.0,9.0,1.0,0.0,0.0,0.0,0.0,9.0,9.0,0.0,0.0,0.0,0.0,0.0,1.0,14.0,4.0,0.0,0.0,0.0,7
0.0,0.0,4.0,12.0,13.0,5.0,0.0,0.0,0.0,3.0,15.0,8.0,10.0,15.0,2.0,0.0,0.0,3.0,14.0,2.0,2.0,15.0,3.0,0.0,0.0,0.0,10.0,16.0,16.0,7.0,0.0,0.0,0.0,0.0,0.0,7.0,13.0,15.0,3.0,0.0,0.0,0.0,2.0,11.0,1.0,12.0,5.0,0.0,0.0,0.0,7.0,9.0,1.0,14.0,2.0,0.0,0.0,0.0,4.0,16.0,16.0,7.0,0.0,0.0,8
0.0,0.0,5.0,12.0,13.0,12.0,0.0,0.0,0.0,7.0,13.0,5.0,8.0,15.0,0.0,0.0,0.0,4.0,14.0,4.0,13.0,16.0,3.0,0.0,0.0,0.0,6.0,12.0,8.0,9.0,4.0,0.0,0.0,0.0,0.0,0.0,0.0,8.0,8.0,0.0,0.0,0.0,0.0,0.0,0.0,6.0,8.0,0.0,0.0,0.0,1.0,3.0,2.0,13.0,6.0,0.0,0.0,0.0,6.0,16.0,16.0,8.0,1.0,0.0,9
0.0,0.0,3.0,10.0,16.0,4.0,0.0,0.0,0.0,1.0,15.0,16.0,16.0,10.0,0.0,0.0,0.0,6.0,10.0,2.0,3.0,14.0,1.0,0.0,0.0,8.0,6.0,0.0,0.0,10.0,4.0,0.0,0.0,4.0,8.0,0.0,0.0,5.0,8.0,0.0,0.0,0.0,15.0,0.0,0.0,9.0,8.0,0.0,0.0,0.0,12.0,14.0,10.0,16.0,3.0,0.0,0.0,0.0,4.0,14.0,13.0,5.0,0.0,0.0,0
0.0,0.0,0.0,0.0,9.0,15.0,0.0,0.0,0.0,0.0,1.0,10.0,16.0,16.0,1.0,0.0,0.0,5.0,16.0,15.0,14.0,16.0,0.0,0.0,0.0,1.0,8.0,0.0,10.0,16.0,0.0,0.0,0.0,0.0,0.0,0.0,11.0,16.0,0.0,0.0,0.0,0.0,0.0,0.0,10.0,15.0,0.0,0.0,0.0,0.0,0.0,0.0,12.0,16.0,3.0,0.0,0.0,0.0,0.0,0.0,8.0,16.0,3.0,0.0,1
0.0,3.0,16.0,15.0,1.0,0.0,0.0,0.0,0.0,10.0,16.0,15.0,6.0,0.0,0.0,0.0,0.0,13.0,10.0,13.0,8.0,0.0,0.0,0.0,0.0,1.0,3.0,11.0,10.0,0.0,0.0,0.0,0.0,0.0,0.0,15.0,8.0,0.0,0.0,0.0,0.0,0.0,4.0,16.0,10.0,5.0,7.0,0.0,0.0,1.0,13.0,16.0,16.0,16.0,16.0,0.0,0.0,2.0,14.0,15.0,11.0,8.0,3.0,0.0,2
0.0,0.0,12.0,16.0,15.0,1.0,0.0,0.0,0.0,5.0,16.0,10.0,15.0,8.0,0.0,0.0,0.0,1.0,7.0,3.0,14.0,6.0,0.0,0.0,0.0,0.0,0.0,12.0,16.0,7.0,0.0,0.0,0.0,0.0,0.0,3.0,13.0,16.0,6.0,0.0,0.0,0.0,4.0,0.0,0.0,15.0,11.0,0.0,0.0,2.0,16.0,10.0,11.0,16.0,7.0,0.0,0.0,0.0,10.0,16.0,16.0,10.0,1.0,0.0,3
0.0,0.0,0.0,10.0,12.0,0.0,0.0,0.0,0.0,0.0,4.0,15.0,1.0,0.0,0.0,0.0,0.0,0.0,13.0,10.0,1.0,2.0,0.0,0.0,0.0,5.0,15.0,2.0,15.0,9.0,1.0,0.0,0.0,11.0,13.0,6.0,16.0,16.0,9.0,0.0,0.0,13.0,16.0,16.0,16.0,10.0,2.0,0.0,0.0,2.0,7.0,13.0,11.0,0.0,0.0,0.0,0.0,0.0,0.0,13.0,11.0,0.0,0.0,0.0,4
0.0,0.0,11.0,10.0,8.0,12.0,1.0,0.0,0.0,0.0,16.0,13.0,12.0,10.0,0.0,0.0,0.0,5.0,14.0,2.0,0.0,0.0,0.0,0.0,0.0,7.0,16.0,16.0,13.0,8.0,0.0,0.0,0.0,0.0,4.0,4.0,8.0,16.0,7.0,0.0,0.0,0.0,0.0,0.0,0.0,9.0,8.0,0.0,0.0,0.0,9.0,4.0,7.0,16.0,5.0,0.0,0.0,0.0,14.0,16.0,14.0,7.0,0.0,0.0,5
0.0,0.0,2.0,13.0,0.0,0.0,0.0,0.0,0.0,0.0,12.0,12.0,0.0,0.0,0.0,0.0,0.0,2.0,16.0,2.0,0.0,0.0,0.0,0.0,0.0,4.0,14.0,8.0,7.0,2.0,0.0,0.0,0.0,8.0,15.0,12.0,13.0,15.0,2.0,0.0,0.0,2.0,15.0,1.0,0.0,7.0,11.0,0.0,0.0,0.0,13.0,8.0,5.0,13.0,9.0,0.0,0.0,0.0,2.0,13.0,16.0,11.0,1.0,0.0,6
0.0,0.0,1.0,9.0,16.0,16.0,16.0,1.0,0.0,0.0,8.0,15.0,10.0,14.0,13.0,0.0,0.0,0.0,14.0,6.0,0.0,14.0,6.0,0.0,0.0,0.0,6.0,2.0,6.0,16.0,3.0,0.0,0.0,0.0,0.0,12.0,16.0,16.0,10.0,0.0,0.0,0.0,0.0,6.0,16.0,8.0,0.0,0.0,0.0,0.0,0.0,7.0,13.0,0.0,0.0,0.0,0.0,0.0,0.0,14.0,6.0,0.0,0.0,0.0,7
0.0,0.0,3.0,12.0,15.0,11.0,2.0,0.0,0.0,0.0,11.0,13.0,7.0,13.0,8.0,0.0,0.0,7.0,15.0,1.0,5.0,15.0,3.0,0.0,0.0,1.0,12.0,16.0,16.0,5.0,0.0,0.0,0.0,0.0,0.0,13.0,15.0,15.0,2.0,0.0,0.0,0.0,2.0,13.0,0.0,10.0,5.0,0.0,0.0,0.0,4.0,11.0,4.0,11.0,6.0,0.0,0.0,0.0,2.0,13.0,16.0,12.0,0.0,0.0,8
0.0,0.0,11.0,16.0,16.0,12.0,0.0,0.0,0.0,3.0,16.0,7.0,14.0,16.0,1.0,0.0,0.0,0.0,15.0,14.0,15.0,16.0,6.0,0.0,0.0,0.0,2.0,10.0,9.0,15.0,9.0,0.0,0.0,0.0,0.0,0.0,0.0,9.0,10.0,0.0,0.0,0.0,0.0,0.0,0.0,12.0,8.0,0.0,0.0,0.0,6.0,11.0,6.0,15.0,5.0,0.0,0.0,0.0,9.0,16.0,16.0,12.0,0.0,0.0,9
0.0,0.0,2.0,9.0,14.0,12.0,0.0,0.0,0.0,0.0,12.0,16.0,10.0,15.0,1.0,0.0,0.0,4.0,14.0,3.0,2.0,6.0,6.0,0.0,0.0,5.0,7.0,0.0,0.0,3.0,8.0,0.0,0.0,4.0,7.0,0.0,0.0,1.0,8.0,0.0,0.0,3.0,12.0,1.0,0.0,5.0,8.0,0.0,0.0,0.0,10.0,12.0,7.0,14.0,3.0,0.0,0.0,0.0,1.0,12.0,16.0,8.0,0.0,0.0,0
0.0,0.0,0.0,0.0,11.0,15.0,1.0,0.0,0.0,0.0,0.0,6.0,16.0,16.0,2.0,0.0,0.0,3.0,13.0,16.0,16.0,16.0,0.0,0.0,0.0,9.0,16.0,12.0,16.0,14.0,0.0,0.0,0.0,1.0,3.0,0.0,16.0,13.0,0.0,0.0,0.0,0.0,0.0,0.0,14.0,13.0,0.0,0.0,0.0,0.0,0.0,0.0,12.0,16.0,5.0,0.0,0.0,0.0,0.0,0.0,8.0,16.0,7.0,0.0,1
0.0,4.0,16.0,15.0,2.0,0.0,0.0,0.0,0.0,11.0,15.0,15.0,7.0,0.0,0.0,0.0,0.0,9.0,10.0,6.0,14.0,0.0,0.0,0.0,0.0,0.0,0.0,7.0,15.0,0.0,0.0,0.0,0.0,0.0,0.0,13.0,10.0,0.0,0.0,0.0,0.0,0.0,1.0,16.0,7.0,2.0,2.0,0.0,0.0,1.0,12.0,16.0,15.0,16.0,15.0,0.0,0.0,4.0,16.0,16.0,16.0,12.0,11.0,0.0,2
0.0,1.0,12.0,15.0,5.0,0.0,0.0,0.0,0.0,4.0,15.0,8.0,15.0,3.0,0.0,0.0,0.0,0.0,3.0,1.0,14.0,4.0,0.0,0.0,0.0,0.0,4.0,14.0,16.0,1.0,0.0,0.0,0.0,0.0,1.0,10.0,14.0,15.0,4.0,0.0,0.0,0.0,0.0,0.0,0.0,12.0,8.0,0.0,0.0,4.0,8.0,4.0,10.0,16.0,4.0,0.0,0.0,2.0,12.0,16.0,13.0,6.0,0.0,0.0,3
0.0,0.0,0.0,12.0,7.0,0.0,0.0,0.0,0.0,0.0,6.0,15.0,1.0,1.0,0.0,0.0,0.0,1.0,14.0,8.0,10.0,8.0,0.0,0.0,0.0,6.0,15.0,0.0,13.0,12.0,6.0,0.0,0.0,14.0,15.0,12.0,16.0,16.0,9.0,0.0,0.0,10.0,16.0,15.0,16.0,8.0,1.0,0.0,0.0,0.0,0.0,10.0,16.0,1.0,0.0,0.0,0.0,0.0,0.0,12.0,9.0,0.0,0.0,0.0,4
0.0,2.0,6.0,10.0,12.0,1.0,0.0,0.0,0.0,14.0,13.0,10.0,5.0,1.0,0.0,0.0,0.0,10.0,6.0,0.0,0.0,0.0,0.0,0.0,0.0,10.0,13.0,12.0,12.0,5.0,0.0,0.0,0.0,2.0,8.0,5.0,7.0,14.0,8.0,0.0,0.0,0.0,0.0,0.0,0.0,5.0,12.0,0.0,0.0,0.0,2.0,2.0,1.0,10.0,10.0,0.0,0.0,0.0,5.0,16.0,16.0,14.0,1.0,0.0,5
0.0,0.0,6.0,14.0,1.0,0.0,0.0,0.0,0.0,0.0,12.0,10.0,0.0,0.0,0.0,0.0,0.0,3.0,16.0,1.0,0.0,0.0,0.0,0.0,0.0,5.0,14.0,0.0,4.0,2.0,0.0,0.0,0.0,7.0,16.0,16.0,16.0,16.0,5.0,0.0,0.0,4.0,16.0,6.0,0.0,9.0,11.0,0.0,0.0,0.0,14.0,8.0,5.0,13.0,9.0,0.0,0.0,0.0,5.0,13.0,16.0,12.0,1.0,0.0,6
0.0,0.0,1.0,14.0,16.0,16.0,15.0,1.0,0.0,0.0,11.0,14.0,8.0,13.0,11.0,0.0,0.0,0.0,15.0,6.0,0.0,14.0,3.0,0.0,0.0,0.0,5.0,1.0,5.0,13.0,1.0,0.0,0.0,0.0,0.0,13.0,16.0,16.0,9.0,0.0,0.0,0.0,2.0,16.0,15.0,9.0,1.0,0.0,0.0,0.0,0.0,11.0,9.0,0.0,0.0,0.0,0.0,0.0,3.0,16.0,2.0,0.0,0.0,0.0,7
0.0,0.0,1.0,14.0,13.0,4.0,0.0,0.0,0.0,3.0,15.0,12.0,11.0,15.0,0.0,0.0,0.0,8.0,11.0,1.0,7.0,13.0,0.0,0.0,0.0,1.0,13.0,14.0,16.0,1.0,0.0,0.0,0.0,0.0,0.0,14.0,13.0,14.0,2.0,0.0,0.0,0.0,2.0,12.0,0.0,9.0,8.0,0.0,0.0,0.0,3.0,13.0,4.0,12.0,6.0,0.0,0.0,0.0,0.0,9.0,14.0,13.0,1.0,0.0,8
0.0,0.0,8.0,13.0,14.0,5.0,0.0,0.0,0.0,5.0,13.0,4.0,11.0,9.0,0.0,0.0,0.0,4.0,13.0,1.0,12.0,14.0,0.0,0.0,0.0,0.0,8.0,14.0,11.0,12.0,4.0,0.0,0.0,0.0,0.0,0.0,0.0,7.0,8.0,0.0,0.0,0.0,0.0,0.0,0.0,4.0,8.0,0.0,0.0,0.0,2.0,2.0,0.0,11.0,7.0,0.0,0.0,0.0,8.0,16.0,16.0,13.0,2.0,0.0,9
0.0,0.0,2.0,12.0,7.0,0.0,0.0,0.0,0.0,0.0,15.0,14.0,15.0,6.0,0.0,0.0,0.0,6.0,10.0,4.0,2.0,14.0,1.0,0.0,0.0,8.0,8.0,0.0,0.0,8.0,5.0,0.0,0.0,7.0,8.0,0.0,0.0,4.0,8.0,0.0,0.0,2.0,14.0,0.0,0.0,5.0,6.0,0.0,0.0,0.0,9.0,12.0,4.0,14.0,3.0,0.0,0.0,0.0,1.0,13.0,15.0,9.0,0.0,0.0,0
0.0,1.0,11.0,15.0,13.0,2.0,0.0,0.0,0.0,8.0,13.0,5.0,14.0,9.0,0.0,0.0,0.0,3.0,15.0,1.0,10.0,12.0,0.0,0.0,0.0,0.0,7.0,15.0,14.0,16.0,3.0,0.0,0.0,0.0,0.0,0.0,0.0,13.0,8.0,0.0,0.0,0.0,0.0,0.0,0.0,12.0,8.0,0.0,0.0,2.0,8.0,4.0,5.0,16.0,7.0,0.0,0.0,1.0,15.0,16.0,15.0,8.0,1.0,0.0,9
0.0,0.0,14.0,12.0,12.0,12.0,6.0,0.0,0.0,2.0,15.0,8.0,8.0,8.0,4.0,0.0,0.0,5.0,12.0,0.0,0.0,0.0,0.0,0.0,0.0,8.0,16.0,12.0,11.0,7.0,0.0,0.0,0.0,1.0,4.0,4.0,9.0,15.0,7.0,0.0,0.0,0.0,0.0,0.0,0.0,8.0,8.0,0.0,0.0,1.0,11.0,4.0,5.0,14.0,7.0,0.0,0.0,0.0,12.0,16.0,16.0,8.0,1.0,0.0,5
0.0,2.0,9.0,11.0,12.0,15.0,6.0,0.0,0.0,6.0,16.0,9.0,8.0,8.0,1.0,0.0,0.0,4.0,13.0,0.0,0.0,0.0,0.0,0.0,0.0,4.0,16.0,12.0,11.0,5.0,0.0,0.0,0.0,1.0,5.0,4.0,8.0,14.0,5.0,0.0,0.0,0.0,0.0,0.0,0.0,8.0,8.0,0.0,0.0,1.0,6.0,4.0,5.0,15.0,3.0,0.0,0.0,3.0,16.0,16.0,16.0,8.0,0.0,0.0,5
0.0,0.0,0.0,9.0,15.0,1.0,0.0,0.0,0.0,0.0,10.0,13.0,4.0,0.0,0.0,0.0,0.0,2.0,15.0,1.0,0.0,0.0,0.0,0.0,0.0,5.0,11.0,4.0,4.0,0.0,0.0,0.0,0.0,4.0,16.0,16.0,16.0,16.0,4.0,0.0,0.0,0.0,16.0,2.0,0.0,10.0,8.0,0.0,0.0,0.0,8.0,12.0,4.0,13.0,7.0,0.0,0.0,0.0,1.0,9.0,16.0,11.0,1.0,0.0,6
0.0,0.0,8.0,9.0,8.0,12.0,8.0,0.0,0.0,0.0,12.0,14.0,10.0,8.0,5.0,0.0,0.0,1.0,14.0,2.0,0.0,0.0,0.0,0.0,0.0,6.0,16.0,12.0,12.0,8.0,0.0,0.0,0.0,1.0,4.0,4.0,7.0,15.0,7.0,0.0,0.0,0.0,0.0,0.0,0.0,10.0,7.0,0.0,0.0,1.0,12.0,4.0,9.0,15.0,1.0,0.0,0.0,0.0,9.0,16.0,14.0,3.0,0.0,0.0,5
0.0,0.0,2.0,15.0,5.0,0.0,0.0,0.0,0.0,0.0,11.0,16.0,16.0,6.0,0.0,0.0,0.0,3.0,14.0,3.0,7.0,16.0,3.0,0.0,0.0,7.0,8.0,0.0,0.0,8.0,8.0,0.0,0.0,5.0,8.0,0.0,0.0,4.0,8.0,0.0,0.0,4.0,12.0,0.0,0.0,8.0,8.0,0.0,0.0,0.0,14.0,9.0,8.0,16.0,2.0,0.0,0.0,0.0,3.0,14.0,15.0,6.0,0.0,0.0,0
0.0,0.0,9.0,12.0,13.0,6.0,0.0,0.0,0.0,0.0,16.0,8.0,8.0,15.0,2.0,0.0,0.0,0.0,16.0,10.0,9.0,16.0,5.0,0.0,0.0,0.0,4.0,12.0,11.0,12.0,5.0,0.0,0.0,0.0,0.0,0.0,0.0,8.0,8.0,0.0,0.0,0.0,0.0,0.0,0.0,9.0,7.0,0.0,0.0,0.0,8.0,4.0,7.0,16.0,2.0,0.0,0.0,0.0,10.0,16.0,16.0,7.0,0.0,0.0,9
0.0,0.0,1.0,12.0,12.0,4.0,1.0,0.0,0.0,0.0,13.0,13.0,13.0,14.0,8.0,0.0,0.0,6.0,15.0,0.0,0.0,12.0,7.0,0.0,0.0,2.0,16.0,13.0,12.0,13.0,1.0,0.0,0.0,0.0,0.0,14.0,16.0,9.0,0.0,0.0,0.0,0.0,6.0,10.0,2.0,16.0,0.0,0.0,0.0,0.0,11.0,8.0,5.0,16.0,0.0,0.0,0.0,0.0,3.0,12.0,16.0,7.0,0.0,0.0,8
0.0,1.0,14.0,16.0,14.0,8.0,0.0,0.0,0.0,5.0,12.0,5.0,14.0,9.0,0.0,0.0,0.0,2.0,15.0,9.0,13.0,12.0,0.0,0.0,0.0,0.0,3.0,8.0,8.0,16.0,2.0,0.0,0.0,0.0,0.0,0.0,0.0,11.0,6.0,0.0,0.0,0.0,4.0,0.0,0.0,8.0,8.0,0.0,0.0,4.0,14.0,4.0,5.0,14.0,7.0,0.0,0.0,1.0,13.0,16.0,16.0,10.0,1.0,0.0,9
0.0,0.0,2.0,11.0,13.0,5.0,0.0,0.0,0.0,0.0,16.0,10.0,13.0,16.0,7.0,0.0,0.0,0.0,14.0,10.0,0.0,10.0,11.0,0.0,0.0,0.0,4.0,14.0,16.0,13.0,1.0,0.0,0.0,0.0,0.0,11.0,13.0,12.0,1.0,0.0,0.0,0.0,8.0,10.0,2.0,14.0,3.0,0.0,0.0,0.0,10.0,10.0,3.0,15.0,1.0,0.0,0.0,0.0,2.0,15.0,16.0,6.0,0.0,0.0,8
0.0,0.0,0.0,5.0,15.0,2.0,0.0,0.0,0.0,0.0,0.0,14.0,10.0,2.0,0.0,0.0,0.0,0.0,12.0,14.0,4.0,15.0,0.0,0.0,0.0,6.0,16.0,4.0,9.0,15.0,8.0,0.0,0.0,14.0,15.0,11.0,15.0,16.0,9.0,0.0,0.0,7.0,15.0,15.0,16.0,11.0,0.0,0.0,0.0,0.0,0.0,3.0,16.0,6.0,0.0,0.0,0.0,0.0,0.0,6.0,16.0,2.0,0.0,0.0,4
0.0,0.0,0.0,0.0,7.0,16.0,6.0,0.0,0.0,0.0,0.0,4.0,16.0,16.0,4.0,0.0,0.0,2.0,11.0,15.0,16.0,16.0,7.0,0.0,0.0,10.0,16.0,13.0,10.0,16.0,4.0,0.0,0.0,1.0,3.0,0.0,4.0,16.0,5.0,0.0,0.0,0.0,0.0,0.0,7.0,16.0,7.0,0.0,0.0,0.0,0.0,0.0,9.0,16.0,8.0,0.0,0.0,0.0,0.0,0.0,9.0,16.0,6.0,0.0,1
0.0,0.0,3.0,15.0,16.0,16.0,5.0,0.0,0.0,0.0,10.0,12.0,10.0,16.0,6.0,0.0,0.0,2.0,15.0,2.0,3.0,16.0,1.0,0.0,0.0,0.0,2.0,3.0,10.0,13.0,2.0,0.0,0.0,0.0,3.0,16.0,16.0,16.0,10.0,0.0,0.0,0.0,0.0,12.0,13.0,7.0,1.0,0.0,0.0,0.0,1.0,16.0,6.0,0.0,0.0,0.0,0.0,0.0,5.0,14.0,2.0,0.0,0.0,0.0,7
0.0,0.0,1.0,13.0,16.0,10.0,0.0,0.0,0.0,0.0,8.0,14.0,13.0,14.0,0.0,0.0,0.0,1.0,15.0,5.0,5.0,15.0,0.0,0.0,0.0,7.0,12.0,0.0,9.0,11.0,0.0,0.0,0.0,1.0,2.0,11.0,15.0,16.0,7.0,0.0,0.0,0.0,4.0,15.0,16.0,9.0,1.0,0.0,0.0,0.0,0.0,10.0,11.0,0.0,0.0,0.0,0.0,0.0,1.0,15.0,7.0,0.0,0.0,0.0,7
0.0,0.0,8.0,13.0,12.0,3.0,0.0,0.0,0.0,6.0,15.0,7.0,9.0,12.0,0.0,0.0,0.0,0.0,0.0,0.0,7.0,11.0,0.0,0.0,0.0,0.0,0.0,4.0,15.0,3.0,0.0,0.0,0.0,0.0,0.0,10.0,16.0,9.0,0.0,0.0,0.0,0.0,0.0,0.0,4.0,15.0,7.0,0.0,0.0,0.0,11.0,2.0,1.0,15.0,7.0,0.0,0.0,0.0,8.0,16.0,16.0,12.0,0.0,0.0,3
0.0,0.0,14.0,12.0,12.0,13.0,0.0,0.0,0.0,1.0,16.0,8.0,8.0,6.0,0.0,0.0,0.0,4.0,15.0,8.0,4.0,0.0,0.0,0.0,0.0,2.0,12.0,12.0,15.0,13.0,1.0,0.0,0.0,0.0,0.0,0.0,1.0,13.0,8.0,0.0,0.0,0.0,0.0,0.0,0.0,11.0,7.0,0.0,0.0,5.0,14.0,4.0,7.0,15.0,2.0,0.0,0.0,1.0,10.0,16.0,15.0,5.0,0.0,0.0,5
0.0,0.0,0.0,0.0,3.0,14.0,3.0,0.0,0.0,0.0,0.0,1.0,14.0,16.0,5.0,0.0,0.0,1.0,9.0,15.0,16.0,16.0,4.0,0.0,0.0,4.0,12.0,7.0,3.0,16.0,4.0,0.0,0.0,0.0,0.0,0.0,4.0,16.0,4.0,0.0,0.0,0.0,0.0,0.0,4.0,16.0,4.0,0.0,0.0,0.0,0.0,0.0,6.0,16.0,4.0,0.0,0.0,0.0,0.0,0.0,5.0,16.0,4.0,0.0,1
0.0,0.0,3.0,12.0,8.0,1.0,0.0,0.0,0.0,0.0,14.0,16.0,16.0,15.0,1.0,0.0,0.0,3.0,15.0,2.0,1.0,12.0,4.0,0.0,0.0,6.0,9.0,0.0,0.0,7.0,8.0,0.0,0.0,7.0,8.0,0.0,0.0,5.0,8.0,0.0,0.0,4.0,12.0,0.0,0.0,9.0,6.0,0.0,0.0,0.0,15.0,11.0,9.0,16.0,2.0,0.0,0.0,0.0,3.0,11.0,15.0,7.0,0.0,0.0,0
0.0,0.0,3.0,13.0,9.0,1.0,0.0,0.0,0.0,0.0,13.0,14.0,15.0,13.0,0.0,0.0,0.0,2.0,14.0,1.0,2.0,13.0,4.0,0.0,0.0,4.0,8.0,0.0,0.0,5.0,8.0,0.0,0.0,4.0,8.0,0.0,0.0,4.0,8.0,0.0,0.0,4.0,10.0,0.0,0.0,5.0,8.0,0.0,0.0,0.0,14.0,11.0,10.0,14.0,5.0,0.0,0.0,0.0,4.0,12.0,13.0,9.0,0.0,0.0,0
0.0,3.0,15.0,16.0,6.0,0.0,0.0,0.0,0.0,11.0,15.0,12.0,15.0,0.0,0.0,0.0,0.0,2.0,2.0,2.0,16.0,4.0,0.0,0.0,0.0,0.0,0.0,0.0,16.0,4.0,0.0,0.0,0.0,0.0,0.0,5.0,16.0,1.0,0.0,0.0,0.0,0.0,0.0,11.0,15.0,4.0,1.0,0.0,0.0,1.0,10.0,16.0,16.0,16.0,11.0,0.0,0.0,4.0,16.0,14.0,12.0,8.0,3.0,0.0,2
0.0,1.0,15.0,15.0,2.0,0.0,0.0,0.0,0.0,7.0,14.0,13.0,9.0,0.0,0.0,0.0,0.0,9.0,9.0,6.0,13.0,0.0,0.0,0.0,0.0,1.0,0.0,8.0,12.0,0.0,0.0,0.0,0.0,0.0,0.0,8.0,12.0,0.0,0.0,0.0,0.0,0.0,0.0,11.0,6.0,0.0,0.0,0.0,0.0,0.0,7.0,16.0,16.0,16.0,7.0,0.0,0.0,0.0,16.0,15.0,12.0,12.0,3.0,0.0,2
0.0,0.0,0.0,8.0,16.0,16.0,16.0,6.0,0.0,0.0,6.0,14.0,5.0,8.0,16.0,2.0,0.0,0.0,7.0,4.0,0.0,6.0,12.0,0.0,0.0,0.0,0.0,0.0,0.0,12.0,6.0,0.0,0.0,0.0,0.0,11.0,16.0,16.0,10.0,0.0,0.0,0.0,0.0,12.0,16.0,8.0,0.0,0.0,0.0,0.0,0.0,6.0,16.0,0.0,0.0,0.0,0.0,0.0,0.0,12.0,9.0,0.0,0.0,0.0,7
0.0,0.0,0.0,4.0,14.0,14.0,1.0,0.0,0.0,0.0,3.0,14.0,12.0,10.0,4.0,0.0,0.0,3.0,13.0,4.0,0.0,8.0,6.0,0.0,0.0,3.0,15.0,9.0,2.0,15.0,1.0,0.0,0.0,0.0,2.0,10.0,16.0,13.0,0.0,0.0,0.0,0.0,0.0,0.0,12.0,14.0,4.0,0.0,0.0,0.0,0.0,2.0,12.0,9.0,3.0,0.0,0.0,0.0,0.0,2.0,16.0,14.0,0.0,0.0,8
0.0,5.0,16.0,15.0,3.0,0.0,0.0,0.0,0.0,11.0,14.0,11.0,11.0,0.0,0.0,0.0,0.0,8.0,11.0,4.0,16.0,0.0,0.0,0.0,0.0,0.0,0.0,4.0,13.0,0.0,0.0,0.0,0.0,0.0,0.0,8.0,12.0,0.0,0.0,0.0,0.0,0.0,0.0,13.0,9.0,5.0,1.0,0.0,0.0,1.0,11.0,16.0,16.0,16.0,10.0,0.0,0.0,5.0,16.0,14.0,8.0,6.0,1.0,0.0,2
0.0,0.0,11.0,16.0,10.0,1.0,0.0,0.0,0.0,1.0,15.0,14.0,15.0,11.0,0.0,0.0,0.0,7.0,14.0,1.0,4.0,16.0,3.0,0.0,0.0,7.0,13.0,0.0,0.0,10.0,11.0,0.0,0.0,9.0,12.0,0.0,0.0,8.0,12.0,0.0,0.0,5.0,14.0,0.0,0.0,7.0,13.0,0.0,0.0,1.0,16.0,10.0,5.0,15.0,8.0,0.0,0.0,0.0,7.0,16.0,16.0,15.0,0.0,0.0,0
0.0,0.0,0.0,1.0,8.0,16.0,2.0,0.0,0.0,0.0,5.0,13.0,16.0,16.0,0.0,0.0,0.0,11.0,16.0,15.0,12.0,16.0,0.0,0.0,0.0,3.0,8.0,1.0,8.0,16.0,0.0,0.0,0.0,0.0,0.0,0.0,8.0,16.0,3.0,0.0,0.0,0.0,0.0,0.0,8.0,16.0,4.0,0.0,0.0,0.0,0.0,0.0,7.0,16.0,7.0,0.0,0.0,0.0,0.0,0.0,10.0,16.0,8.0,0.0,1
0.0,1.0,15.0,15.0,3.0,0.0,0.0,0.0,0.0,8.0,15.0,12.0,14.0,0.0,0.0,0.0,0.0,8.0,8.0,6.0,16.0,0.0,0.0,0.0,0.0,0.0,0.0,8.0,15.0,0.0,0.0,0.0,0.0,0.0,0.0,12.0,12.0,0.0,0.0,0.0,0.0,0.0,1.0,16.0,10.0,10.0,5.0,0.0,0.0,1.0,13.0,16.0,16.0,16.0,11.0,0.0,0.0,3.0,16.0,12.0,8.0,5.0,1.0,0.0,2
0.0,0.0,0.0,13.0,1.0,0.0,0.0,0.0,0.0,0.0,10.0,12.0,1.0,0.0,0.0,0.0,0.0,0.0,14.0,3.0,0.0,0.0,0.0,0.0,0.0,4.0,14.0,0.0,4.0,5.0,0.0,0.0,0.0,7.0,16.0,4.0,7.0,14.0,7.0,0.0,0.0,3.0,14.0,0.0,0.0,4.0,12.0,0.0,0.0,0.0,10.0,10.0,4.0,10.0,12.0,0.0,0.0,0.0,1.0,9.0,16.0,14.0,2.0,0.0,6
0.0,2.0,10.0,16.0,16.0,2.0,0.0,0.0,0.0,10.0,15.0,9.0,16.0,4.0,0.0,0.0,0.0,5.0,3.0,6.0,16.0,2.0,0.0,0.0,0.0,0.0,2.0,15.0,16.0,5.0,0.0,0.0,0.0,0.0,1.0,10.0,14.0,16.0,3.0,0.0,0.0,0.0,5.0,1.0,0.0,13.0,10.0,0.0,0.0,0.0,16.0,13.0,10.0,15.0,11.0,0.0,0.0,0.0,11.0,16.0,16.0,13.0,3.0,0.0,3
0.0,0.0,8.0,13.0,11.0,1.0,0.0,0.0,0.0,4.0,15.0,5.0,12.0,6.0,0.0,0.0,0.0,0.0,0.0,0.0,10.0,4.0,0.0,0.0,0.0,0.0,0.0,6.0,16.0,4.0,0.0,0.0,0.0,0.0,0.0,5.0,13.0,15.0,3.0,0.0,0.0,0.0,1.0,0.0,0.0,7.0,12.0,0.0,0.0,1.0,15.0,8.0,7.0,12.0,12.0,0.0,0.0,0.0,6.0,14.0,16.0,15.0,5.0,0.0,3
0.0,0.0,3.0,13.0,16.0,16.0,13.0,0.0,0.0,0.0,11.0,14.0,8.0,15.0,9.0,0.0,0.0,0.0,3.0,5.0,2.0,14.0,2.0,0.0,0.0,0.0,0.0,0.0,9.0,11.0,1.0,0.0,0.0,0.0,2.0,15.0,15.0,16.0,9.0,0.0,0.0,0.0,2.0,15.0,14.0,8.0,2.0,0.0,0.0,0.0,0.0,11.0,10.0,0.0,0.0,0.0,0.0,0.0,2.0,15.0,4.0,0.0,0.0,0.0,7
0.0,1.0,11.0,16.0,16.0,4.0,0.0,0.0,0.0,7.0,16.0,8.0,14.0,11.0,0.0,0.0,0.0,0.0,0.0,10.0,16.0,6.0,0.0,0.0,0.0,0.0,0.0,15.0,16.0,6.0,0.0,0.0,0.0,0.0,0.0,0.0,8.0,16.0,2.0,0.0,0.0,1.0,5.0,0.0,0.0,14.0,9.0,0.0,0.0,4.0,16.0,10.0,11.0,16.0,6.0,0.0,0.0,1.0,13.0,16.0,16.0,10.0,0.0,0.0,3
0.0,1.0,12.0,16.0,16.0,9.0,0.0,0.0,0.0,2.0,14.0,5.0,9.0,14.0,0.0,0.0,0.0,0.0,0.0,1.0,12.0,11.0,0.0,0.0,0.0,0.0,0.0,12.0,16.0,6.0,0.0,0.0,0.0,0.0,0.0,2.0,8.0,15.0,5.0,0.0,0.0,0.0,2.0,0.0,0.0,11.0,9.0,0.0,0.0,4.0,14.0,4.0,4.0,14.0,6.0,0.0,0.0,0.0,15.0,16.0,16.0,11.0,1.0,0.0,3
0.0,0.0,0.0,10.0,10.0,0.0,0.0,0.0,0.0,0.0,6.0,15.0,3.0,0.0,0.0,0.0,0.0,0.0,15.0,6.0,5.0,1.0,0.0,0.0,0.0,7.0,15.0,2.0,16.0,3.0,5.0,0.0,0.0,11.0,11.0,6.0,16.0,15.0,10.0,0.0,0.0,12.0,16.0,16.0,16.0,8.0,1.0,0.0,0.0,4.0,8.0,13.0,12.0,0.0,0.0,0.0,0.0,0.0,0.0,13.0,9.0,0.0,0.0,0.0,4
0.0,0.0,2.0,12.0,1.0,0.0,0.0,0.0,0.0,0.0,6.0,13.0,0.0,0.0,0.0,0.0,0.0,0.0,13.0,4.0,0.0,0.0,0.0,0.0,0.0,0.0,16.0,1.0,0.0,0.0,0.0,0.0,0.0,5.0,16.0,16.0,16.0,10.0,1.0,0.0,0.0,2.0,15.0,6.0,1.0,10.0,8.0,0.0,0.0,0.0,10.0,10.0,0.0,9.0,9.0,0.0,0.0,0.0,2.0,12.0,16.0,15.0,1.0,0.0,6
0.0,0.0,4.0,15.0,1.0,0.0,0.0,0.0,0.0,0.0,9.0,10.0,0.0,0.0,0.0,0.0,0.0,1.0,15.0,2.0,0.0,0.0,0.0,0.0,0.0,4.0,12.0,0.0,0.0,0.0,0.0,0.0,0.0,8.0,14.0,9.0,8.0,6.0,1.0,0.0,0.0,7.0,14.0,7.0,5.0,12.0,8.0,0.0,0.0,2.0,16.0,4.0,1.0,12.0,6.0,0.0,0.0,0.0,5.0,14.0,16.0,11.0,0.0,0.0,6
0.0,0.0,2.0,16.0,8.0,0.0,0.0,0.0,0.0,0.0,8.0,15.0,5.0,0.0,0.0,0.0,0.0,2.0,16.0,7.0,0.0,0.0,0.0,0.0,0.0,3.0,16.0,7.0,5.0,1.0,0.0,0.0,0.0,7.0,16.0,16.0,16.0,15.0,3.0,0.0,0.0,5.0,16.0,12.0,4.0,10.0,14.0,0.0,0.0,0.0,14.0,13.0,5.0,10.0,15.0,0.0,0.0,0.0,3.0,13.0,16.0,16.0,7.0,0.0,6
0.0,0.0,0.0,6.0,14.0,0.0,0.0,0.0,0.0,0.0,4.0,15.0,4.0,0.0,0.0,0.0,0.0,1.0,13.0,9.0,4.0,7.0,0.0,0.0,0.0,7.0,13.0,1.0,13.0,10.0,6.0,0.0,0.0,14.0,14.0,8.0,16.0,16.0,10.0,0.0,0.0,7.0,15.0,16.0,16.0,7.0,1.0,0.0,0.0,0.0,0.0,6.0,16.0,0.0,0.0,0.0,0.0,0.0,0.0,10.0,13.0,0.0,0.0,0.0,4
0.0,1.0,10.0,13.0,9.0,2.0,0.0,0.0,0.0,2.0,12.0,4.0,12.0,10.0,0.0,0.0,0.0,0.0,14.0,5.0,11.0,11.0,0.0,0.0,0.0,0.0,2.0,8.0,8.0,15.0,2.0,0.0,0.0,0.0,0.0,0.0,0.0,12.0,5.0,0.0,0.0,0.0,0.0,0.0,0.0,4.0,12.0,0.0,0.0,0.0,4.0,1.0,0.0,8.0,11.0,0.0,0.0,0.0,11.0,16.0,16.0,14.0,3.0,0.0,9
0.0,0.0,0.0,1.0,9.0,16.0,7.0,0.0,0.0,0.0,4.0,13.0,16.0,16.0,2.0,0.0,0.0,8.0,16.0,15.0,13.0,16.0,3.0,0.0,0.0,3.0,7.0,0.0,8.0,16.0,2.0,0.0,0.0,0.0,0.0,0.0,8.0,16.0,5.0,0.0,0.0,0.0,0.0,0.0,8.0,16.0,4.0,0.0,0.0,0.0,0.0,0.0,8.0,16.0,8.0,0.0,0.0,0.0,0.0,0.0,12.0,16.0,7.0,0.0,1
0.0,0.0,7.0,8.0,6.0,8.0,4.0,0.0,0.0,0.0,12.0,13.0,12.0,12.0,5.0,0.0,0.0,0.0,13.0,0.0,0.0,0.0,0.0,0.0,0.0,5.0,15.0,12.0,9.0,2.0,0.0,0.0,0.0,3.0,8.0,7.0,8.0,15.0,2.0,0.0,0.0,0.0,0.0,0.0,0.0,6.0,8.0,0.0,0.0,0.0,6.0,0.0,1.0,13.0,4.0,0.0,0.0,0.0,7.0,15.0,15.0,5.0,0.0,0.0,5
0.0,0.0,7.0,16.0,15.0,1.0,0.0,0.0,0.0,5.0,16.0,13.0,16.0,8.0,0.0,0.0,0.0,9.0,11.0,0.0,4.0,16.0,4.0,0.0,0.0,12.0,8.0,0.0,0.0,11.0,11.0,0.0,0.0,11.0,8.0,0.0,0.0,8.0,12.0,0.0,0.0,8.0,13.0,0.0,0.0,12.0,10.0,0.0,0.0,2.0,16.0,9.0,12.0,15.0,3.0,0.0,0.0,0.0,8.0,16.0,13.0,5.0,0.0,0.0,0
0.0,4.0,15.0,14.0,11.0,2.0,0.0,0.0,0.0,7.0,10.0,1.0,11.0,11.0,0.0,0.0,0.0,1.0,13.0,4.0,13.0,16.0,2.0,0.0,0.0,0.0,3.0,11.0,7.0,9.0,6.0,0.0,0.0,0.0,0.0,0.0,0.0,5.0,8.0,0.0,0.0,0.0,0.0,0.0,0.0,5.0,8.0,0.0,0.0,3.0,12.0,0.0,3.0,13.0,5.0,0.0,0.0,2.0,13.0,16.0,16.0,8.0,0.0,0.0,9
0.0,0.0,11.0,12.0,13.0,14.0,4.0,0.0,0.0,0.0,13.0,8.0,4.0,4.0,2.0,0.0,0.0,0.0,11.0,0.0,0.0,0.0,0.0,0.0,0.0,5.0,12.0,6.0,3.0,0.0,0.0,0.0,0.0,5.0,12.0,12.0,13.0,11.0,0.0,0.0,0.0,0.0,2.0,0.0,0.0,13.0,0.0,0.0,0.0,4.0,11.0,0.0,3.0,15.0,0.0,0.0,0.0,0.0,9.0,16.0,16.0,6.0,0.0,0.0,5
0.0,2.0,15.0,13.0,1.0,0.0,0.0,0.0,0.0,13.0,12.0,14.0,7.0,0.0,0.0,0.0,0.0,8.0,6.0,6.0,13.0,0.0,0.0,0.0,0.0,0.0,0.0,5.0,15.0,0.0,0.0,0.0,0.0,0.0,0.0,11.0,10.0,0.0,0.0,0.0,0.0,0.0,2.0,16.0,5.0,0.0,0.0,0.0,0.0,0.0,11.0,16.0,13.0,14.0,12.0,0.0,0.0,3.0,16.0,14.0,8.0,8.0,7.0,0.0,2
0.0,0.0,2.0,9.0,13.0,12.0,2.0,0.0,0.0,1.0,14.0,13.0,7.0,10.0,6.0,0.0,0.0,0.0,13.0,8.0,1.0,7.0,7.0,0.0,0.0,0.0,3.0,13.0,14.0,14.0,0.0,0.0,0.0,0.0,0.0,0.0,15.0,15.0,1.0,0.0,0.0,0.0,0.0,9.0,5.0,8.0,5.0,0.0,0.0,0.0,0.0,13.0,4.0,13.0,2.0,0.0,0.0,0.0,0.0,13.0,15.0,6.0,0.0,0.0,8
0.0,4.0,16.0,16.0,3.0,0.0,0.0,0.0,0.0,11.0,14.0,11.0,11.0,0.0,0.0,0.0,0.0,11.0,7.0,2.0,16.0,1.0,0.0,0.0,0.0,0.0,0.0,3.0,16.0,0.0,0.0,0.0,0.0,0.0,0.0,10.0,12.0,0.0,0.0,0.0,0.0,0.0,3.0,16.0,8.0,5.0,3.0,0.0,0.0,0.0,12.0,16.0,16.0,16.0,16.0,0.0,0.0,3.0,16.0,15.0,8.0,7.0,4.0,0.0,2
0.0,0.0,10.0,13.0,5.0,0.0,0.0,0.0,0.0,3.0,16.0,16.0,16.0,10.0,0.0,0.0,0.0,8.0,16.0,1.0,6.0,16.0,5.0,0.0,0.0,8.0,11.0,0.0,0.0,9.0,12.0,0.0,0.0,10.0,8.0,0.0,0.0,8.0,12.0,0.0,0.0,8.0,11.0,0.0,0.0,8.0,11.0,0.0,0.0,3.0,16.0,10.0,8.0,15.0,9.0,0.0,0.0,0.0,9.0,16.0,16.0,10.0,1.0,0.0,0
0.0,0.0,2.0,11.0,10.0,1.0,0.0,0.0,0.0,0.0,10.0,13.0,14.0,13.0,0.0,0.0,0.0,0.0,13.0,0.0,0.0,14.0,5.0,0.0,0.0,3.0,9.0,0.0,0.0,9.0,6.0,0.0,0.0,5.0,9.0,0.0,0.0,5.0,8.0,0.0,0.0,6.0,12.0,0.0,0.0,8.0,4.0,0.0,0.0,0.0,14.0,11.0,5.0,14.0,1.0,0.0,0.0,0.0,3.0,13.0,14.0,5.0,0.0,0.0,0
0.0,0.0,0.0,0.0,6.0,16.0,7.0,0.0,0.0,1.0,5.0,11.0,16.0,16.0,8.0,0.0,0.0,11.0,16.0,16.0,13.0,16.0,8.0,0.0,0.0,3.0,7.0,1.0,4.0,16.0,8.0,0.0,0.0,0.0,0.0,0.0,5.0,16.0,8.0,0.0,0.0,0.0,0.0,0.0,5.0,16.0,7.0,0.0,0.0,0.0,0.0,0.0,7.0,16.0,9.0,0.0,0.0,0.0,0.0,0.0,8.0,16.0,8.0,0.0,1
0.0,0.0,2.0,13.0,16.0,9.0,0.0,0.0,0.0,0.0,12.0,12.0,7.0,16.0,3.0,0.0,0.0,1.0,14.0,3.0,0.0,16.0,4.0,0.0,0.0,0.0,0.0,4.0,10.0,16.0,6.0,0.0,0.0,0.0,0.0,13.0,16.0,16.0,9.0,0.0,0.0,0.0,0.0,5.0,13.0,1.0,0.0,0.0,0.0,0.0,0.0,11.0,9.0,0.0,0.0,0.0,0.0,0.0,1.0,16.0,4.0,0.0,0.0,0.0,7
0.0,0.0,0.0,14.0,4.0,0.0,0.0,0.0,0.0,0.0,6.0,13.0,1.0,0.0,0.0,0.0,0.0,0.0,15.0,4.0,0.0,0.0,0.0,0.0,0.0,4.0,16.0,7.0,4.0,2.0,0.0,0.0,0.0,8.0,16.0,11.0,9.0,15.0,5.0,0.0,0.0,5.0,14.0,1.0,0.0,10.0,9.0,0.0,0.0,0.0,11.0,12.0,5.0,13.0,5.0,0.0,0.0,0.0,1.0,13.0,16.0,9.0,0.0,0.0,6
0.0,1.0,9.0,15.0,13.0,4.0,0.0,0.0,0.0,5.0,12.0,4.0,10.0,6.0,0.0,0.0,0.0,0.0,0.0,3.0,15.0,2.0,0.0,0.0,0.0,0.0,0.0,15.0,13.0,1.0,0.0,0.0,0.0,0.0,0.0,2.0,9.0,14.0,2.0,0.0,0.0,0.0,0.0,0.0,0.0,11.0,8.0,0.0,0.0,0.0,10.0,6.0,4.0,11.0,7.0,0.0,0.0,0.0,8.0,15.0,16.0,9.0,1.0,0.0,3
0.0,5.0,16.0,13.0,1.0,0.0,0.0,0.0,0.0,9.0,14.0,14.0,4.0,0.0,0.0,0.0,0.0,9.0,7.0,12.0,4.0,0.0,0.0,0.0,0.0,0.0,0.0,13.0,4.0,0.0,0.0,0.0,0.0,0.0,2.0,16.0,1.0,0.0,0.0,0.0,0.0,0.0,7.0,13.0,0.0,0.0,0.0,0.0,0.0,1.0,15.0,16.0,16.0,16.0,11.0,0.0,0.0,5.0,16.0,14.0,10.0,8.0,6.0,0.0,2
0.0,0.0,0.0,3.0,12.0,12.0,2.0,0.0,0.0,0.0,7.0,15.0,16.0,16.0,0.0,0.0,0.0,4.0,15.0,9.0,14.0,16.0,3.0,0.0,0.0,2.0,0.0,0.0,14.0,16.0,0.0,0.0,0.0,0.0,0.0,0.0,14.0,16.0,0.0,0.0,0.0,0.0,0.0,0.0,15.0,13.0,0.0,0.0,0.0,0.0,0.0,0.0,16.0,14.0,1.0,0.0,0.0,0.0,0.0,3.0,16.0,13.0,2.0,0.0,1
0.0,0.0,2.0,13.0,16.0,14.0,1.0,0.0,0.0,0.0,11.0,12.0,7.0,16.0,3.0,0.0,0.0,0.0,9.0,3.0,2.0,16.0,3.0,0.0,0.0,0.0,0.0,0.0,9.0,11.0,0.0,0.0,0.0,0.0,2.0,11.0,15.0,13.0,3.0,0.0,0.0,0.0,4.0,15.0,16.0,13.0,3.0,0.0,0.0,0.0,0.0,14.0,8.0,0.0,0.0,0.0,0.0,0.0,5.0,15.0,4.0,0.0,0.0,0.0,7
0.0,0.0,0.0,7.0,13.0,0.0,0.0,0.0,0.0,0.0,0.0,14.0,6.0,0.0,0.0,0.0,0.0,0.0,10.0,10.0,2.0,6.0,0.0,0.0,0.0,3.0,16.0,3.0,9.0,13.0,2.0,0.0,0.0,11.0,12.0,6.0,14.0,16.0,10.0,0.0,0.0,11.0,16.0,16.0,16.0,10.0,3.0,0.0,0.0,2.0,8.0,10.0,16.0,1.0,0.0,0.0,0.0,0.0,0.0,9.0,13.0,0.0,0.0,0.0,4
0.0,0.0,0.0,13.0,3.0,0.0,0.0,0.0,0.0,0.0,6.0,15.0,0.0,0.0,0.0,0.0,0.0,0.0,12.0,7.0,0.0,0.0,0.0,0.0,0.0,0.0,16.0,10.0,7.0,1.0,0.0,0.0,0.0,6.0,16.0,12.0,13.0,16.0,6.0,0.0,0.0,0.0,16.0,4.0,0.0,6.0,12.0,0.0,0.0,0.0,12.0,10.0,2.0,11.0,9.0,0.0,0.0,0.0,1.0,13.0,16.0,15.0,3.0,0.0,6
0.0,0.0,13.0,16.0,16.0,5.0,0.0,0.0,0.0,5.0,15.0,6.0,11.0,13.0,0.0,0.0,0.0,0.0,2.0,2.0,13.0,8.0,0.0,0.0,0.0,0.0,4.0,16.0,15.0,2.0,0.0,0.0,0.0,0.0,3.0,11.0,15.0,16.0,5.0,0.0,0.0,0.0,0.0,0.0,2.0,15.0,11.0,0.0,0.0,0.0,3.0,4.0,9.0,16.0,6.0,0.0,0.0,0.0,15.0,16.0,16.0,10.0,0.0,0.0,3
0.0,0.0,0.0,0.0,9.0,16.0,4.0,0.0,0.0,0.0,0.0,5.0,15.0,16.0,2.0,0.0,0.0,3.0,12.0,16.0,16.0,14.0,0.0,0.0,0.0,10.0,16.0,15.0,16.0,15.0,0.0,0.0,0.0,1.0,4.0,0.0,16.0,13.0,0.0,0.0,0.0,0.0,0.0,0.0,15.0,13.0,0.0,0.0,0.0,0.0,0.0,0.0,12.0,16.0,12.0,0.0,0.0,0.0,0.0,0.0,12.0,16.0,6.0,0.0,1
0.0,0.0,11.0,16.0,12.0,2.0,0.0,0.0,0.0,7.0,16.0,6.0,10.0,13.0,0.0,0.0,0.0,0.0,2.0,0.0,3.0,16.0,0.0,0.0,0.0,0.0,0.0,3.0,12.0,9.0,0.0,0.0,0.0,0.0,0.0,10.0,16.0,12.0,0.0,0.0,0.0,0.0,3.0,0.0,3.0,15.0,7.0,0.0,0.0,3.0,16.0,7.0,6.0,14.0,8.0,0.0,0.0,1.0,9.0,15.0,16.0,12.0,1.0,0.0,3
0.0,0.0,5.0,13.0,14.0,5.0,0.0,0.0,0.0,2.0,15.0,6.0,11.0,15.0,1.0,0.0,0.0,1.0,16.0,5.0,8.0,16.0,4.0,0.0,0.0,0.0,4.0,12.0,9.0,13.0,8.0,0.0,0.0,0.0,0.0,0.0,0.0,8.0,8.0,0.0,0.0,0.0,0.0,0.0,0.0,11.0,7.0,0.0,0.0,0.0,7.0,7.0,5.0,15.0,2.0,0.0,0.0,0.0,5.0,15.0,16.0,7.0,0.0,0.0,9
0.0,0.0,0.0,0.0,5.0,15.0,3.0,0.0,0.0,0.0,0.0,3.0,15.0,16.0,4.0,0.0,0.0,3.0,13.0,16.0,14.0,16.0,1.0,0.0,0.0,2.0,7.0,4.0,8.0,16.0,0.0,0.0,0.0,0.0,0.0,0.0,8.0,14.0,0.0,0.0,0.0,0.0,0.0,0.0,7.0,16.0,1.0,0.0,0.0,0.0,0.0,0.0,9.0,16.0,6.0,0.0,0.0,0.0,0.0,0.0,8.0,15.0,2.0,0.0,1
0.0,0.0,2.0,13.0,16.0,13.0,4.0,0.0,0.0,0.0,9.0,11.0,9.0,16.0,7.0,0.0,0.0,2.0,15.0,2.0,2.0,15.0,2.0,0.0,0.0,3.0,3.0,0.0,8.0,13.0,2.0,0.0,0.0,0.0,1.0,13.0,16.0,16.0,10.0,0.0,0.0,0.0,0.0,11.0,13.0,5.0,1.0,0.0,0.0,0.0,0.0,11.0,6.0,0.0,0.0,0.0,0.0,0.0,3.0,15.0,2.0,0.0,0.0,0.0,7
0.0,0.0,0.0,12.0,10.0,0.0,0.0,0.0,0.0,0.0,4.0,15.0,7.0,0.0,0.0,0.0,0.0,0.0,15.0,4.0,0.0,0.0,0.0,0.0,0.0,1.0,16.0,7.0,1.0,0.0,0.0,0.0,0.0,4.0,16.0,14.0,16.0,13.0,1.0,0.0,0.0,1.0,16.0,0.0,1.0,10.0,11.0,0.0,0.0,0.0,14.0,9.0,1.0,8.0,12.0,0.0,0.0,0.0,2.0,10.0,16.0,16.0,5.0,0.0,6
0.0,0.0,3.0,12.0,16.0,9.0,0.0,0.0,0.0,0.0,12.0,9.0,13.0,16.0,9.0,0.0,0.0,3.0,16.0,5.0,0.0,8.0,12.0,0.0,0.0,0.0,9.0,16.0,10.0,13.0,2.0,0.0,0.0,0.0,0.0,4.0,16.0,12.0,0.0,0.0,0.0,0.0,0.0,11.0,9.0,16.0,0.0,0.0,0.0,0.0,1.0,15.0,2.0,12.0,0.0,0.0,0.0,0.0,2.0,16.0,16.0,6.0,0.0,0.0,8
0.0,0.0,0.0,10.0,6.0,0.0,0.0,0.0,0.0,0.0,4.0,16.0,2.0,3.0,0.0,0.0,0.0,0.0,13.0,8.0,7.0,14.0,0.0,0.0,0.0,7.0,15.0,0.0,13.0,14.0,5.0,0.0,0.0,14.0,15.0,14.0,16.0,16.0,9.0,0.0,0.0,13.0,16.0,15.0,16.0,6.0,0.0,0.0,0.0,0.0,1.0,9.0,14.0,0.0,0.0,0.0,0.0,0.0,0.0,14.0,10.0,0.0,0.0,0.0,4
0.0,0.0,5.0,12.0,13.0,3.0,0.0,0.0,0.0,4.0,16.0,9.0,8.0,12.0,0.0,0.0,0.0,2.0,3.0,0.0,5.0,11.0,0.0,0.0,0.0,0.0,0.0,3.0,11.0,10.0,0.0,0.0,0.0,0.0,0.0,6.0,14.0,15.0,3.0,0.0,0.0,0.0,0.0,0.0,0.0,7.0,11.0,0.0,0.0,0.0,10.0,6.0,4.0,9.0,11.0,0.0,0.0,0.0,6.0,16.0,16.0,14.0,2.0,0.0,3
0.0,0.0,0.0,0.0,5.0,15.0,6.0,0.0,0.0,0.0,0.0,4.0,15.0,16.0,4.0,0.0,0.0,3.0,11.0,16.0,10.0,16.0,4.0,0.0,0.0,4.0,11.0,3.0,0.0,16.0,4.0,0.0,0.0,0.0,0.0,0.0,1.0,16.0,4.0,0.0,0.0,0.0,0.0,0.0,3.0,16.0,3.0,0.0,0.0,0.0,0.0,0.0,5.0,16.0,4.0,0.0,0.0,0.0,0.0,0.0,6.0,15.0,4.0,0.0,1
0.0,0.0,0.0,14.0,8.0,0.0,0.0,0.0,0.0,0.0,3.0,16.0,3.0,0.0,0.0,0.0,0.0,0.0,12.0,9.0,9.0,7.0,0.0,0.0,0.0,6.0,15.0,1.0,14.0,11.0,6.0,0.0,0.0,13.0,14.0,8.0,16.0,16.0,7.0,0.0,0.0,8.0,16.0,16.0,16.0,3.0,0.0,0.0,0.0,0.0,1.0,11.0,14.0,0.0,0.0,0.0,0.0,0.0,0.0,14.0,14.0,0.0,0.0,0.0,4
0.0,0.0,4.0,12.0,5.0,0.0,0.0,0.0,0.0,0.0,12.0,14.0,15.0,7.0,0.0,0.0,0.0,2.0,14.0,1.0,2.0,16.0,0.0,0.0,0.0,4.0,8.0,0.0,0.0,10.0,4.0,0.0,0.0,7.0,8.0,0.0,0.0,6.0,8.0,0.0,0.0,4.0,11.0,0.0,0.0,5.0,8.0,0.0,0.0,0.0,14.0,11.0,3.0,13.0,5.0,0.0,0.0,0.0,2.0,11.0,16.0,11.0,0.0,0.0,0
0.0,0.0,9.0,12.0,12.0,13.0,7.0,0.0,0.0,0.0,15.0,5.0,5.0,4.0,2.0,0.0,0.0,4.0,15.0,10.0,4.0,0.0,0.0,0.0,0.0,2.0,11.0,11.0,15.0,11.0,0.0,0.0,0.0,0.0,0.0,0.0,0.0,10.0,5.0,0.0,0.0,0.0,0.0,0.0,0.0,7.0,7.0,0.0,0.0,5.0,11.0,4.0,5.0,14.0,1.0,0.0,0.0,0.0,9.0,16.0,13.0,3.0,0.0,0.0,5
0.0,0.0,8.0,15.0,12.0,4.0,0.0,0.0,0.0,5.0,14.0,4.0,11.0,7.0,0.0,0.0,0.0,0.0,0.0,1.0,14.0,3.0,0.0,0.0,0.0,0.0,2.0,15.0,14.0,1.0,0.0,0.0,0.0,0.0,0.0,8.0,13.0,11.0,0.0,0.0,0.0,0.0,0.0,0.0,0.0,13.0,5.0,0.0,0.0,0.0,12.0,2.0,3.0,12.0,7.0,0.0,0.0,0.0,13.0,16.0,15.0,8.0,0.0,0.0,3
0.0,0.0,0.0,10.0,8.0,0.0,0.0,0.0,0.0,0.0,6.0,14.0,3.0,0.0,0.0,0.0,0.0,0.0,11.0,8.0,0.0,0.0,0.0,0.0,0.0,3.0,16.0,8.0,2.0,0.0,0.0,0.0,0.0,6.0,16.0,16.0,16.0,15.0,3.0,0.0,0.0,0.0,16.0,2.0,0.0,8.0,12.0,0.0,0.0,0.0,11.0,12.0,5.0,11.0,12.0,0.0,0.0,0.0,1.0,8.0,16.0,15.0,2.0,0.0,6
0.0,2.0,11.0,13.0,11.0,2.0,0.0,0.0,0.0,7.0,12.0,4.0,13.0,8.0,0.0,0.0,0.0,6.0,13.0,5.0,14.0,13.0,0.0,0.0,0.0,0.0,3.0,11.0,9.0,11.0,5.0,0.0,0.0,0.0,0.0,0.0,0.0,8.0,8.0,0.0,0.0,0.0,0.0,0.0,0.0,3.0,11.0,0.0,0.0,0.0,2.0,0.0,1.0,9.0,10.0,0.0,0.0,1.0,15.0,16.0,16.0,14.0,2.0,0.0,9
0.0,0.0,0.0,7.0,15.0,0.0,0.0,0.0,0.0,0.0,6.0,15.0,8.0,0.0,0.0,0.0,0.0,0.0,13.0,9.0,0.0,0.0,0.0,0.0,0.0,2.0,16.0,5.0,4.0,1.0,0.0,0.0,0.0,5.0,16.0,16.0,16.0,12.0,3.0,0.0,0.0,1.0,15.0,4.0,1.0,8.0,12.0,0.0,0.0,0.0,8.0,14.0,5.0,5.0,15.0,0.0,0.0,0.0,0.0,6.0,16.0,16.0,11.0,0.0,6
0.0,0.0,0.0,1.0,10.0,16.0,8.0,0.0,0.0,1.0,8.0,15.0,16.0,16.0,9.0,0.0,0.0,10.0,16.0,13.0,11.0,16.0,8.0,0.0,0.0,1.0,4.0,0.0,10.0,16.0,4.0,0.0,0.0,0.0,0.0,0.0,12.0,16.0,0.0,0.0,0.0,0.0,0.0,0.0,12.0,16.0,0.0,0.0,0.0,0.0,0.0,0.0,12.0,16.0,3.0,0.0,0.0,0.0,0.0,0.0,10.0,16.0,7.0,0.0,1
0.0,0.0,3.0,13.0,16.0,15.0,6.0,0.0,0.0,0.0,13.0,13.0,9.0,16.0,10.0,0.0,0.0,0.0,16.0,9.0,0.0,14.0,6.0,0.0,0.0,0.0,14.0,2.0,6.0,15.0,0.0,0.0,0.0,0.0,0.0,5.0,15.0,15.0,6.0,0.0,0.0,0.0,0.0,16.0,15.0,10.0,2.0,0.0,0.0,0.0,0.0,13.0,11.0,0.0,0.0,0.0,0.0,0.0,4.0,16.0,7.0,0.0,0.0,0.0,7
0.0,0.0,9.0,9.0,12.0,12.0,0.0,0.0,0.0,0.0,14.0,10.0,8.0,3.0,0.0,0.0,0.0,0.0,13.0,6.0,3.0,0.0,0.0,0.0,0.0,0.0,13.0,16.0,15.0,12.0,2.0,0.0,0.0,0.0,0.0,0.0,0.0,5.0,9.0,0.0,0.0,0.0,0.0,0.0,0.0,2.0,12.0,0.0,0.0,0.0,5.0,1.0,2.0,11.0,8.0,0.0,0.0,0.0,10.0,16.0,16.0,11.0,1.0,0.0,5
0.0,0.0,0.0,9.0,10.0,0.0,0.0,0.0,0.0,0.0,3.0,16.0,4.0,0.0,0.0,0.0,0.0,0.0,12.0,8.0,2.0,7.0,0.0,0.0,0.0,4.0,16.0,3.0,13.0,13.0,3.0,0.0,0.0,14.0,13.0,8.0,16.0,16.0,10.0,0.0,0.0,14.0,16.0,16.0,16.0,9.0,1.0,0.0,0.0,2.0,4.0,9.0,16.0,1.0,0.0,0.0,0.0,0.0,0.0,9.0,15.0,2.0,0.0,0.0,4
0.0,0.0,2.0,15.0,5.0,0.0,0.0,0.0,0.0,0.0,9.0,15.0,0.0,1.0,0.0,0.0,0.0,0.0,14.0,9.0,9.0,9.0,0.0,0.0,0.0,8.0,16.0,4.0,16.0,13.0,12.0,0.0,0.0,13.0,16.0,16.0,16.0,15.0,7.0,0.0,0.0,3.0,8.0,13.0,12.0,2.0,0.0,0.0,0.0,0.0,0.0,14.0,10.0,0.0,0.0,0.0,0.0,0.0,3.0,16.0,7.0,0.0,0.0,0.0,4
0.0,0.0,1.0,12.0,16.0,16.0,12.0,0.0,0.0,0.0,7.0,16.0,11.0,12.0,9.0,0.0,0.0,0.0,6.0,7.0,0.0,14.0,4.0,0.0,0.0,0.0,0.0,0.0,6.0,16.0,3.0,0.0,0.0,0.0,0.0,10.0,16.0,16.0,9.0,0.0,0.0,0.0,0.0,8.0,15.0,5.0,0.0,0.0,0.0,0.0,0.0,8.0,10.0,0.0,0.0,0.0,0.0,0.0,0.0,16.0,5.0,0.0,0.0,0.0,7
0.0,3.0,15.0,16.0,8.0,0.0,0.0,0.0,0.0,14.0,13.0,10.0,16.0,2.0,0.0,0.0,0.0,5.0,3.0,2.0,16.0,2.0,0.0,0.0,0.0,0.0,0.0,3.0,16.0,2.0,0.0,0.0,0.0,0.0,0.0,9.0,12.0,0.0,0.0,0.0,0.0,0.0,1.0,16.0,8.0,0.0,2.0,0.0,0.0,0.0,8.0,16.0,14.0,16.0,15.0,0.0,0.0,2.0,16.0,16.0,15.0,12.0,9.0,0.0,2
0.0,0.0,1.0,10.0,16.0,15.0,5.0,0.0,0.0,0.0,12.0,12.0,9.0,9.0,10.0,0.0,0.0,4.0,16.0,1.0,0.0,7.0,7.0,0.0,0.0,4.0,14.0,13.0,8.0,11.0,0.0,0.0,0.0,0.0,1.0,6.0,16.0,14.0,1.0,0.0,0.0,0.0,0.0,8.0,11.0,14.0,5.0,0.0,0.0,0.0,0.0,12.0,8.0,15.0,2.0,0.0,0.0,0.0,0.0,10.0,15.0,5.0,0.0,0.0,8
0.0,1.0,13.0,16.0,15.0,5.0,0.0,0.0,0.0,4.0,16.0,7.0,14.0,12.0,0.0,0.0,0.0,3.0,12.0,2.0,11.0,10.0,0.0,0.0,0.0,0.0,0.0,0.0,14.0,8.0,0.0,0.0,0.0,0.0,0.0,3.0,16.0,4.0,0.0,0.0,0.0,0.0,1.0,11.0,13.0,0.0,0.0,0.0,0.0,0.0,9.0,16.0,14.0,16.0,7.0,0.0,0.0,1.0,16.0,16.0,15.0,12.0,5.0,0.0,2
0.0,2.0,15.0,13.0,2.0,0.0,0.0,0.0,0.0,7.0,16.0,13.0,15.0,0.0,0.0,0.0,0.0,11.0,11.0,5.0,16.0,4.0,0.0,0.0,0.0,1.0,1.0,7.0,16.0,1.0,0.0,0.0,0.0,0.0,0.0,12.0,11.0,0.0,0.0,0.0,0.0,0.0,4.0,16.0,8.0,8.0,2.0,0.0,0.0,0.0,12.0,16.0,16.0,16.0,11.0,0.0,0.0,2.0,15.0,13.0,6.0,4.0,1.0,0.0,2
0.0,0.0,15.0,14.0,15.0,9.0,0.0,0.0,0.0,0.0,12.0,10.0,7.0,6.0,4.0,0.0,0.0,1.0,14.0,2.0,0.0,0.0,0.0,0.0,0.0,5.0,16.0,12.0,10.0,4.0,0.0,0.0,0.0,4.0,11.0,8.0,11.0,15.0,5.0,0.0,0.0,0.0,0.0,0.0,0.0,13.0,7.0,0.0,0.0,4.0,16.0,10.0,11.0,14.0,1.0,0.0,0.0,1.0,10.0,16.0,15.0,4.0,0.0,0.0,5
0.0,0.0,2.0,13.0,16.0,16.0,7.0,0.0,0.0,0.0,12.0,15.0,12.0,16.0,10.0,0.0,0.0,0.0,16.0,9.0,0.0,14.0,6.0,0.0,0.0,0.0,3.0,0.0,4.0,16.0,1.0,0.0,0.0,0.0,0.0,10.0,14.0,16.0,6.0,0.0,0.0,0.0,3.0,16.0,16.0,11.0,2.0,0.0,0.0,0.0,0.0,9.0,14.0,0.0,0.0,0.0,0.0,0.0,2.0,15.0,6.0,0.0,0.0,0.0,7
0.0,0.0,10.0,8.0,8.0,4.0,0.0,0.0,0.0,8.0,15.0,12.0,14.0,14.0,0.0,0.0,0.0,9.0,11.0,0.0,10.0,16.0,4.0,0.0,0.0,1.0,9.0,12.0,10.0,12.0,8.0,0.0,0.0,0.0,0.0,0.0,0.0,8.0,8.0,0.0,0.0,0.0,0.0,0.0,0.0,10.0,7.0,0.0,0.0,0.0,11.0,6.0,4.0,15.0,4.0,0.0,0.0,0.0,13.0,16.0,16.0,7.0,0.0,0.0,9
0.0,1.0,13.0,14.0,16.0,14.0,3.0,0.0,0.0,4.0,14.0,8.0,7.0,3.0,0.0,0.0,0.0,6.0,11.0,0.0,0.0,0.0,0.0,0.0,0.0,5.0,16.0,15.0,11.0,5.0,0.0,0.0,0.0,2.0,7.0,7.0,10.0,16.0,0.0,0.0,0.0,0.0,0.0,0.0,3.0,16.0,0.0,0.0,0.0,0.0,7.0,5.0,13.0,11.0,0.0,0.0,0.0,0.0,15.0,16.0,10.0,1.0,0.0,0.0,5
0.0,0.0,0.0,13.0,9.0,0.0,0.0,0.0,0.0,0.0,4.0,15.0,3.0,0.0,0.0,0.0,0.0,0.0,11.0,9.0,6.0,4.0,0.0,0.0,0.0,5.0,16.0,3.0,13.0,8.0,1.0,0.0,0.0,14.0,16.0,9.0,16.0,16.0,9.0,0.0,0.0,12.0,16.0,16.0,16.0,11.0,3.0,0.0,0.0,0.0,4.0,12.0,14.0,0.0,0.0,0.0,0.0,0.0,0.0,12.0,10.0,0.0,0.0,0.0,4
0.0,0.0,1.0,8.0,15.0,11.0,3.0,0.0,0.0,0.0,11.0,12.0,9.0,14.0,11.0,0.0,0.0,2.0,14.0,0.0,0.0,13.0,6.0,0.0,0.0,7.0,15.0,8.0,12.0,9.0,0.0,0.0,0.0,0.0,6.0,13.0,16.0,8.0,0.0,0.0,0.0,0.0,0.0,13.0,9.0,15.0,4.0,0.0,0.0,0.0,0.0,16.0,8.0,14.0,3.0,0.0,0.0,0.0,0.0,11.0,15.0,8.0,0.0,0.0,8
0.0,0.0,2.0,11.0,14.0,12.0,3.0,0.0,0.0,0.0,14.0,14.0,9.0,15.0,8.0,0.0,0.0,5.0,12.0,0.0,5.0,15.0,2.0,0.0,0.0,3.0,16.0,11.0,15.0,3.0,0.0,0.0,0.0,0.0,1.0,14.0,16.0,4.0,0.0,0.0,0.0,0.0,0.0,15.0,5.0,15.0,0.0,0.0,0.0,0.0,1.0,16.0,10.0,11.0,0.0,0.0,0.0,0.0,0.0,15.0,13.0,2.0,0.0,0.0,8
0.0,0.0,0.0,7.0,16.0,2.0,0.0,0.0,0.0,0.0,0.0,15.0,11.0,0.0,0.0,0.0,0.0,0.0,11.0,14.0,6.0,5.0,0.0,0.0,0.0,4.0,16.0,7.0,14.0,13.0,2.0,0.0,0.0,10.0,16.0,13.0,16.0,16.0,10.0,0.0,0.0,8.0,15.0,14.0,16.0,10.0,1.0,0.0,0.0,0.0,0.0,9.0,16.0,1.0,0.0,0.0,0.0,0.0,0.0,9.0,15.0,1.0,0.0,0.0,4
0.0,0.0,6.0,16.0,16.0,11.0,0.0,0.0,0.0,1.0,16.0,8.0,8.0,16.0,6.0,0.0,0.0,0.0,8.0,16.0,14.0,16.0,11.0,0.0,0.0,0.0,1.0,4.0,3.0,10.0,8.0,0.0,0.0,0.0,0.0,0.0,0.0,9.0,7.0,0.0,0.0,0.0,0.0,0.0,1.0,14.0,1.0,0.0,0.0,0.0,4.0,7.0,11.0,9.0,0.0,0.0,0.0,0.0,9.0,16.0,10.0,1.0,0.0,0.0,9
0.0,0.0,5.0,12.0,9.0,1.0,0.0,0.0,0.0,0.0,14.0,14.0,13.0,13.0,0.0,0.0,0.0,3.0,12.0,1.0,1.0,13.0,4.0,0.0,0.0,7.0,8.0,0.0,0.0,6.0,8.0,0.0,0.0,8.0,8.0,0.0,0.0,5.0,8.0,0.0,0.0,5.0,10.0,0.0,0.0,11.0,4.0,0.0,0.0,1.0,15.0,9.0,11.0,13.0,0.0,0.0,0.0,0.0,7.0,15.0,12.0,2.0,0.0,0.0,0
0.0,0.0,2.0,9.0,15.0,12.0,5.0,0.0,0.0,0.0,12.0,11.0,11.0,12.0,11.0,0.0,0.0,1.0,16.0,1.0,0.0,8.0,11.0,0.0,0.0,3.0,15.0,12.0,10.0,15.0,2.0,0.0,0.0,0.0,1.0,11.0,16.0,9.0,0.0,0.0,0.0,0.0,0.0,11.0,15.0,12.0,0.0,0.0,0.0,0.0,0.0,12.0,15.0,8.0,0.0,0.0,0.0,0.0,0.0,10.0,13.0,2.0,0.0,0.0,8
0.0,0.0,9.0,13.0,15.0,10.0,1.0,0.0,0.0,1.0,15.0,5.0,7.0,16.0,5.0,0.0,0.0,0.0,15.0,7.0,10.0,16.0,6.0,0.0,0.0,0.0,2.0,7.0,7.0,10.0,8.0,0.0,0.0,0.0,0.0,0.0,0.0,8.0,8.0,0.0,0.0,0.0,0.0,0.0,0.0,11.0,5.0,0.0,0.0,0.0,14.0,6.0,10.0,12.0,0.0,0.0,0.0,0.0,9.0,16.0,12.0,1.0,0.0,0.0,9
0.0,0.0,1.0,10.0,11.0,2.0,0.0,0.0,0.0,0.0,12.0,12.0,8.0,15.0,4.0,0.0,0.0,6.0,11.0,0.0,1.0,12.0,7.0,0.0,0.0,4.0,16.0,7.0,15.0,12.0,0.0,0.0,0.0,0.0,5.0,15.0,15.0,3.0,0.0,0.0,0.0,0.0,0.0,14.0,7.0,14.0,0.0,0.0,0.0,0.0,4.0,12.0,7.0,10.0,0.0,0.0,0.0,0.0,1.0,16.0,16.0,3.0,0.0,0.0,8
0.0,0.0,4.0,16.0,15.0,2.0,0.0,0.0,0.0,0.0,11.0,16.0,13.0,13.0,0.0,0.0,0.0,1.0,16.0,8.0,1.0,16.0,2.0,0.0,0.0,7.0,16.0,6.0,0.0,11.0,8.0,0.0,0.0,7.0,16.0,4.0,0.0,11.0,8.0,0.0,0.0,4.0,15.0,1.0,1.0,15.0,7.0,0.0,0.0,0.0,13.0,12.0,14.0,15.0,1.0,0.0,0.0,0.0,3.0,14.0,16.0,6.0,0.0,0.0,0
0.0,0.0,0.0,14.0,10.0,0.0,0.0,0.0,0.0,0.0,3.0,16.0,16.0,3.0,0.0,0.0,0.0,0.0,7.0,16.0,16.0,7.0,0.0,0.0,0.0,0.0,12.0,16.0,16.0,5.0,0.0,0.0,0.0,0.0,4.0,15.0,16.0,6.0,0.0,0.0,0.0,0.0,0.0,13.0,16.0,0.0,0.0,0.0,0.0,0.0,0.0,14.0,12.0,0.0,0.0,0.0,0.0,0.0,0.0,10.0,10.0,0.0,0.0,0.0,1
0.0,0.0,5.0,13.0,7.0,0.0,0.0,0.0,0.0,0.0,12.0,12.0,14.0,2.0,0.0,0.0,0.0,0.0,12.0,0.0,12.0,6.0,0.0,0.0,0.0,0.0,6.0,1.0,15.0,3.0,0.0,0.0,0.0,0.0,0.0,6.0,11.0,0.0,0.0,0.0,0.0,0.0,5.0,14.0,3.0,0.0,0.0,0.0,0.0,0.0,11.0,16.0,8.0,2.0,6.0,3.0,0.0,0.0,4.0,8.0,10.0,16.0,12.0,1.0,2
0.0,0.0,4.0,16.0,16.0,9.0,0.0,0.0,0.0,0.0,1.0,9.0,10.0,16.0,1.0,0.0,0.0,0.0,0.0,5.0,15.0,16.0,1.0,0.0,0.0,0.0,0.0,10.0,16.0,5.0,0.0,0.0,0.0,0.0,0.0,2.0,16.0,6.0,0.0,0.0,0.0,0.0,0.0,0.0,10.0,10.0,0.0,0.0,0.0,0.0,11.0,8.0,12.0,14.0,1.0,0.0,0.0,0.0,5.0,13.0,16.0,15.0,0.0,0.0,3
0.0,0.0,1.0,15.0,6.0,0.0,0.0,0.0,0.0,0.0,8.0,16.0,2.0,0.0,0.0,0.0,0.0,0.0,15.0,11.0,0.0,7.0,4.0,0.0,0.0,8.0,16.0,10.0,6.0,16.0,9.0,0.0,0.0,6.0,16.0,16.0,16.0,16.0,4.0,0.0,0.0,0.0,5.0,11.0,16.0,13.0,0.0,0.0,0.0,0.0,0.0,12.0,15.0,3.0,0.0,0.0,0.0,0.0,0.0,15.0,11.0,0.0,0.0,0.0,4
0.0,0.0,11.0,14.0,16.0,10.0,0.0,0.0,0.0,6.0,15.0,8.0,6.0,4.0,0.0,0.0,0.0,5.0,12.0,2.0,0.0,0.0,0.0,0.0,0.0,12.0,16.0,15.0,1.0,0.0,0.0,0.0,0.0,3.0,11.0,11.0,6.0,0.0,0.0,0.0,0.0,0.0,0.0,12.0,10.0,0.0,0.0,0.0,0.0,0.0,5.0,16.0,9.0,0.0,0.0,0.0,0.0,0.0,13.0,16.0,3.0,0.0,0.0,0.0,5
0.0,0.0,0.0,0.0,13.0,1.0,0.0,0.0,0.0,0.0,0.0,7.0,15.0,3.0,0.0,0.0,0.0,0.0,0.0,16.0,11.0,2.0,0.0,0.0,0.0,0.0,4.0,16.0,16.0,14.0,1.0,0.0,0.0,0.0,5.0,16.0,8.0,8.0,10.0,0.0,0.0,0.0,9.0,16.0,4.0,0.0,15.0,0.0,0.0,0.0,2.0,9.0,11.0,13.0,14.0,0.0,0.0,0.0,0.0,0.0,10.0,16.0,10.0,0.0,6
0.0,3.0,13.0,16.0,13.0,0.0,0.0,0.0,0.0,9.0,13.0,8.0,16.0,5.0,1.0,0.0,0.0,0.0,8.0,14.0,16.0,16.0,5.0,0.0,0.0,0.0,8.0,16.0,15.0,2.0,0.0,0.0,0.0,0.0,2.0,16.0,7.0,0.0,0.0,0.0,0.0,0.0,7.0,16.0,4.0,0.0,0.0,0.0,0.0,0.0,15.0,9.0,0.0,0.0,0.0,0.0,0.0,2.0,15.0,3.0,0.0,0.0,0.0,0.0,7
0.0,0.0,1.0,8.0,13.0,1.0,0.0,0.0,0.0,0.0,6.0,16.0,16.0,9.0,0.0,0.0,0.0,1.0,15.0,16.0,16.0,10.0,0.0,0.0,0.0,6.0,15.0,14.0,6.0,0.0,0.0,0.0,0.0,3.0,7.0,6.0,6.0,0.0,0.0,0.0,0.0,1.0,10.0,2.0,11.0,0.0,0.0,0.0,0.0,0.0,4.0,11.0,13.0,2.0,0.0,0.0,0.0,0.0,0.0,5.0,12.0,5.0,0.0,0.0,8
0.0,0.0,0.0,1.0,9.0,14.0,7.0,0.0,0.0,0.0,5.0,14.0,9.0,8.0,10.0,0.0,0.0,2.0,14.0,16.0,11.0,13.0,3.0,0.0,0.0,3.0,16.0,16.0,16.0,16.0,5.0,0.0,0.0,0.0,6.0,7.0,1.0,11.0,7.0,0.0,0.0,0.0,0.0,0.0,1.0,13.0,3.0,0.0,0.0,0.0,0.0,0.0,6.0,8.0,0.0,0.0,0.0,0.0,0.0,0.0,10.0,0.0,0.0,0.0,9
0.0,0.0,2.0,16.0,12.0,1.0,0.0,0.0,0.0,0.0,11.0,15.0,13.0,11.0,0.0,0.0,0.0,2.0,16.0,9.0,0.0,14.0,2.0,0.0,0.0,4.0,16.0,12.0,0.0,11.0,5.0,0.0,0.0,4.0,16.0,6.0,0.0,12.0,7.0,0.0,0.0,0.0,15.0,1.0,1.0,15.0,9.0,0.0,0.0,0.0,10.0,9.0,10.0,15.0,2.0,0.0,0.0,0.0,2.0,13.0,16.0,8.0,0.0,0.0,0
0.0,0.0,1.0,15.0,14.0,1.0,0.0,0.0,0.0,2.0,13.0,16.0,16.0,3.0,0.0,0.0,0.0,5.0,16.0,16.0,16.0,4.0,0.0,0.0,0.0,4.0,16.0,16.0,16.0,1.0,0.0,0.0,0.0,0.0,7.0,16.0,13.0,0.0,0.0,0.0,0.0,0.0,5.0,16.0,11.0,0.0,0.0,0.0,0.0,0.0,4.0,16.0,10.0,0.0,0.0,0.0,0.0,0.0,2.0,16.0,11.0,0.0,0.0,0.0,1
0.0,0.0,2.0,10.0,12.0,2.0,0.0,0.0,0.0,0.0,11.0,16.0,13.0,10.0,0.0,0.0,0.0,0.0,9.0,7.0,2.0,15.0,0.0,0.0,0.0,0.0,3.0,2.0,3.0,15.0,0.0,0.0,0.0,0.0,0.0,0.0,10.0,10.0,0.0,0.0,0.0,0.0,2.0,7.0,16.0,7.0,0.0,0.0,0.0,0.0,9.0,16.0,16.0,16.0,16.0,3.0,0.0,0.0,3.0,13.0,9.0,8.0,4.0,0.0,2
0.0,0.0,3.0,11.0,13.0,15.0,3.0,0.0,0.0,4.0,16.0,14.0,11.0,16.0,8.0,0.0,0.0,2.0,5.0,0.0,14.0,15.0,1.0,0.0,0.0,0.0,0.0,0.0,16.0,11.0,0.0,0.0,0.0,0.0,0.0,0.0,11.0,10.0,0.0,0.0,0.0,0.0,0.0,0.0,8.0,12.0,0.0,0.0,0.0,0.0,8.0,11.0,15.0,8.0,0.0,0.0,0.0,0.0,2.0,12.0,14.0,3.0,0.0,0.0,3
0.0,0.0,1.0,12.0,7.0,0.0,0.0,0.0,0.0,0.0,8.0,14.0,1.0,0.0,0.0,0.0,0.0,0.0,15.0,7.0,0.0,3.0,5.0,0.0,0.0,5.0,16.0,0.0,4.0,15.0,4.0,0.0,0.0,5.0,16.0,16.0,16.0,15.0,2.0,0.0,0.0,0.0,11.0,12.0,16.0,8.0,0.0,0.0,0.0,0.0,0.0,5.0,16.0,3.0,0.0,0.0,0.0,0.0,0.0,13.0,10.0,0.0,0.0,0.0,4
0.0,0.0,4.0,13.0,16.0,14.0,0.0,0.0,0.0,2.0,14.0,16.0,12.0,4.0,0.0,0.0,0.0,13.0,16.0,5.0,0.0,0.0,0.0,0.0,0.0,11.0,16.0,10.0,1.0,0.0,0.0,0.0,0.0,5.0,15.0,16.0,5.0,0.0,0.0,0.0,0.0,0.0,2.0,15.0,9.0,0.0,0.0,0.0,0.0,0.0,5.0,15.0,9.0,0.0,0.0,0.0,0.0,0.0,4.0,16.0,5.0,0.0,0.0,0.0,5
0.0,0.0,0.0,6.0,9.0,0.0,0.0,0.0,0.0,0.0,2.0,15.0,8.0,0.0,0.0,0.0,0.0,0.0,4.0,16.0,5.0,0.0,0.0,0.0,0.0,0.0,9.0,12.0,7.0,12.0,2.0,0.0,0.0,0.0,9.0,16.0,15.0,13.0,6.0,0.0,0.0,0.0,13.0,14.0,2.0,13.0,6.0,0.0,0.0,0.0,14.0,15.0,13.0,16.0,4.0,0.0,0.0,0.0,1.0,10.0,16.0,10.0,0.0,0.0,6
0.0,0.0,0.0,7.0,16.0,16.0,11.0,0.0,0.0,0.0,6.0,16.0,16.0,16.0,16.0,0.0,0.0,0.0,11.0,16.0,16.0,16.0,9.0,0.0,0.0,0.0,2.0,9.0,11.0,14.0,10.0,0.0,0.0,0.0,0.0,0.0,0.0,10.0,6.0,0.0,0.0,0.0,0.0,0.0,4.0,11.0,1.0,0.0,0.0,0.0,0.0,2.0,14.0,2.0,0.0,0.0,0.0,0.0,0.0,11.0,3.0,0.0,0.0,0.0,9
0.0,0.0,5.0,16.0,14.0,1.0,0.0,0.0,0.0,0.0,14.0,14.0,14.0,9.0,0.0,0.0,0.0,1.0,15.0,6.0,1.0,12.0,1.0,0.0,0.0,3.0,16.0,1.0,0.0,10.0,4.0,0.0,0.0,5.0,16.0,5.0,0.0,11.0,2.0,0.0,0.0,2.0,16.0,2.0,3.0,16.0,0.0,0.0,0.0,0.0,11.0,13.0,14.0,12.0,0.0,0.0,0.0,0.0,3.0,15.0,15.0,5.0,0.0,0.0,0
0.0,0.0,2.0,15.0,14.0,1.0,0.0,0.0,0.0,0.0,11.0,16.0,16.0,4.0,0.0,0.0,0.0,4.0,16.0,16.0,16.0,1.0,0.0,0.0,0.0,7.0,16.0,16.0,14.0,0.0,0.0,0.0,0.0,9.0,16.0,16.0,11.0,0.0,0.0,0.0,0.0,1.0,13.0,16.0,9.0,0.0,0.0,0.0,0.0,0.0,5.0,16.0,5.0,0.0,0.0,0.0,0.0,0.0,2.0,14.0,9.0,0.0,0.0,0.0,1
0.0,0.0,2.0,12.0,10.0,0.0,0.0,0.0,0.0,0.0,11.0,14.0,14.0,9.0,0.0,0.0,0.0,3.0,15.0,1.0,10.0,9.0,0.0,0.0,0.0,2.0,7.0,0.0,10.0,8.0,0.0,0.0,0.0,0.0,0.0,2.0,16.0,2.0,0.0,0.0,0.0,0.0,0.0,10.0,16.0,6.0,0.0,0.0,0.0,0.0,7.0,16.0,13.0,14.0,16.0,4.0,0.0,0.0,4.0,15.0,0.0,0.0,5.0,4.0,2
0.0,0.0,10.0,16.0,15.0,7.0,0.0,0.0,0.0,6.0,16.0,6.0,10.0,16.0,2.0,0.0,0.0,8.0,6.0,5.0,15.0,12.0,0.0,0.0,0.0,0.0,0.0,13.0,16.0,2.0,0.0,0.0,0.0,0.0,0.0,5.0,16.0,4.0,0.0,0.0,0.0,0.0,0.0,0.0,10.0,16.0,0.0,0.0,0.0,0.0,0.0,1.0,11.0,16.0,1.0,0.0,0.0,0.0,11.0,16.0,16.0,8.0,1.0,0.0,3
0.0,0.0,3.0,15.0,3.0,0.0,0.0,0.0,0.0,0.0,14.0,16.0,1.0,0.0,0.0,0.0,0.0,8.0,16.0,6.0,0.0,8.0,5.0,0.0,0.0,12.0,14.0,0.0,5.0,16.0,8.0,0.0,0.0,12.0,15.0,14.0,16.0,13.0,0.0,0.0,0.0,1.0,11.0,14.0,16.0,5.0,0.0,0.0,0.0,0.0,4.0,15.0,10.0,0.0,0.0,0.0,0.0,0.0,4.0,16.0,5.0,0.0,0.0,0.0,4
0.0,0.0,10.0,16.0,16.0,14.0,0.0,0.0,0.0,4.0,16.0,14.0,10.0,8.0,0.0,0.0,0.0,13.0,16.0,8.0,1.0,0.0,0.0,0.0,0.0,12.0,16.0,16.0,13.0,2.0,0.0,0.0,0.0,3.0,8.0,9.0,16.0,5.0,0.0,0.0,0.0,0.0,0.0,3.0,16.0,6.0,0.0,0.0,0.0,0.0,5.0,12.0,15.0,2.0,0.0,0.0,0.0,0.0,12.0,15.0,5.0,0.0,0.0,0.0,5
0.0,0.0,0.0,1.0,13.0,1.0,0.0,0.0,0.0,0.0,1.0,14.0,15.0,0.0,0.0,0.0,0.0,0.0,3.0,16.0,6.0,0.0,0.0,0.0,0.0,0.0,6.0,12.0,0.0,0.0,0.0,0.0,0.0,0.0,9.0,14.0,10.0,3.0,0.0,0.0,0.0,0.0,8.0,16.0,16.0,16.0,1.0,0.0,0.0,0.0,8.0,16.0,15.0,16.0,5.0,0.0,0.0,0.0,0.0,2.0,11.0,11.0,1.0,0.0,6
0.0,0.0,10.0,16.0,14.0,2.0,0.0,0.0,0.0,0.0,13.0,13.0,14.0,11.0,0.0,0.0,0.0,0.0,4.0,8.0,15.0,15.0,4.0,0.0,0.0,0.0,10.0,16.0,16.0,13.0,3.0,0.0,0.0,0.0,1.0,12.0,14.0,1.0,0.0,0.0,0.0,0.0,2.0,16.0,8.0,0.0,0.0,0.0,0.0,0.0,13.0,12.0,1.0,0.0,0.0,0.0,0.0,0.0,13.0,7.0,0.0,0.0,0.0,0.0,7
0.0,0.0,5.0,12.0,16.0,15.0,0.0,0.0,0.0,3.0,16.0,8.0,9.0,16.0,0.0,0.0,0.0,4.0,16.0,14.0,16.0,7.0,0.0,0.0,0.0,5.0,16.0,15.0,5.0,0.0,0.0,0.0,0.0,8.0,15.0,6.0,0.0,0.0,0.0,0.0,0.0,4.0,8.0,14.0,0.0,0.0,0.0,0.0,0.0,3.0,10.0,16.0,1.0,0.0,0.0,0.0,0.0,0.0,6.0,15.0,2.0,0.0,0.0,0.0,8
0.0,0.0,0.0,7.0,12.0,16.0,16.0,15.0,0.0,0.0,9.0,16.0,10.0,4.0,16.0,10.0,0.0,0.0,14.0,16.0,13.0,14.0,12.0,1.0,0.0,0.0,4.0,16.0,16.0,16.0,12.0,0.0,0.0,0.0,0.0,0.0,0.0,16.0,10.0,0.0,0.0,0.0,0.0,0.0,7.0,15.0,0.0,0.0,0.0,0.0,0.0,1.0,15.0,7.0,0.0,0.0,0.0,0.0,0.0,12.0,6.0,0.0,0.0,0.0,9
0.0,0.0,0.0,10.0,9.0,0.0,0.0,0.0,0.0,0.0,3.0,15.0,13.0,5.0,0.0,0.0,0.0,0.0,13.0,13.0,1.0,13.0,0.0,0.0,0.0,0.0,16.0,7.0,0.0,16.0,0.0,0.0,0.0,0.0,16.0,11.0,3.0,15.0,0.0,0.0,0.0,0.0,14.0,7.0,16.0,12.0,0.0,0.0,0.0,0.0,9.0,13.0,15.0,6.0,0.0,0.0,0.0,0.0,0.0,13.0,10.0,0.0,0.0,0.0,0
0.0,0.0,0.0,4.0,11.0,15.0,15.0,2.0,0.0,1.0,10.0,16.0,13.0,14.0,14.0,2.0,0.0,5.0,16.0,16.0,16.0,16.0,14.0,0.0,0.0,0.0,9.0,8.0,8.0,15.0,9.0,0.0,0.0,0.0,0.0,0.0,1.0,16.0,2.0,0.0,0.0,0.0,0.0,0.0,10.0,10.0,0.0,0.0,0.0,0.0,0.0,1.0,16.0,6.0,0.0,0.0,0.0,0.0,0.0,3.0,16.0,2.0,0.0,0.0,9
0.0,0.0,7.0,15.0,16.0,16.0,1.0,0.0,0.0,9.0,16.0,16.0,10.0,5.0,0.0,0.0,0.0,14.0,16.0,16.0,15.0,0.0,0.0,0.0,0.0,11.0,14.0,13.0,16.0,2.0,0.0,0.0,0.0,0.0,0.0,6.0,16.0,1.0,0.0,0.0,0.0,0.0,0.0,12.0,12.0,0.0,0.0,0.0,0.0,0.0,6.0,16.0,7.0,0.0,0.0,0.0,0.0,0.0,10.0,13.0,0.0,0.0,0.0,0.0,5
0.0,8.0,13.0,15.0,16.0,16.0,8.0,0.0,0.0,9.0,16.0,16.0,13.0,11.0,5.0,0.0,0.0,6.0,16.0,12.0,0.0,0.0,0.0,0.0,0.0,1.0,14.0,14.0,0.0,0.0,0.0,0.0,0.0,0.0,8.0,16.0,2.0,0.0,0.0,0.0,0.0,0.0,8.0,15.0,0.0,0.0,0.0,0.0,0.0,3.0,14.0,11.0,0.0,0.0,0.0,0.0,0.0,9.0,16.0,6.0,0.0,0.0,0.0,0.0,5
0.0,0.0,0.0,12.0,5.0,0.0,0.0,0.0,0.0,0.0,2.0,15.0,7.0,0.0,0.0,0.0,0.0,0.0,7.0,16.0,8.0,0.0,0.0,0.0,0.0,0.0,15.0,15.0,8.0,4.0,0.0,0.0,0.0,0.0,15.0,16.0,16.0,15.0,3.0,0.0,0.0,1.0,16.0,13.0,4.0,11.0,11.0,0.0,0.0,0.0,11.0,14.0,9.0,15.0,11.0,0.0,0.0,0.0,1.0,14.0,16.0,15.0,6.0,0.0,6
0.0,0.0,5.0,15.0,14.0,13.0,2.0,0.0,0.0,0.0,12.0,15.0,9.0,7.0,1.0,0.0,0.0,5.0,16.0,8.0,0.0,0.0,0.0,0.0,0.0,9.0,16.0,16.0,7.0,0.0,0.0,0.0,0.0,6.0,12.0,14.0,7.0,0.0,0.0,0.0,0.0,0.0,0.0,11.0,6.0,0.0,0.0,0.0,0.0,0.0,2.0,16.0,3.0,0.0,0.0,0.0,0.0,0.0,7.0,14.0,0.0,0.0,0.0,0.0,5
0.0,0.0,2.0,14.0,13.0,3.0,0.0,0.0,0.0,0.0,13.0,13.0,9.0,11.0,0.0,0.0,0.0,0.0,16.0,7.0,0.0,12.0,0.0,0.0,0.0,3.0,16.0,5.0,0.0,10.0,5.0,0.0,0.0,5.0,16.0,1.0,0.0,8.0,5.0,0.0,0.0,3.0,16.0,1.0,0.0,10.0,5.0,0.0,0.0,0.0,16.0,8.0,5.0,14.0,3.0,0.0,0.0,0.0,4.0,16.0,16.0,9.0,1.0,0.0,0
0.0,0.0,0.0,4.0,12.0,16.0,11.0,0.0,0.0,0.0,15.0,12.0,0.0,5.0,9.0,0.0,0.0,4.0,16.0,5.0,6.0,15.0,3.0,0.0,0.0,3.0,15.0,16.0,14.0,1.0,0.0,0.0,0.0,0.0,3.0,10.0,16.0,2.0,0.0,0.0,0.0,0.0,0.0,0.0,14.0,2.0,0.0,0.0,0.0,0.0,0.0,0.0,12.0,0.0,0.0,0.0,0.0,0.0,0.0,4.0,12.0,0.0,0.0,0.0,9
0.0,0.0,0.0,9.0,16.0,10.0,0.0,0.0,0.0,0.0,1.0,15.0,5.0,16.0,3.0,0.0,0.0,0.0,13.0,4.0,0.0,15.0,5.0,0.0,0.0,0.0,15.0,11.0,14.0,16.0,2.0,0.0,0.0,8.0,16.0,16.0,13.0,5.0,0.0,0.0,0.0,3.0,15.0,15.0,1.0,0.0,0.0,0.0,0.0,0.0,9.0,16.0,10.0,0.0,0.0,0.0,0.0,0.0,0.0,10.0,15.0,0.0,0.0,0.0,8
0.0,0.0,6.0,14.0,16.0,15.0,1.0,0.0,0.0,9.0,16.0,12.0,9.0,16.0,3.0,0.0,0.0,12.0,16.0,11.0,14.0,13.0,0.0,0.0,0.0,7.0,15.0,16.0,14.0,0.0,0.0,0.0,0.0,0.0,2.0,8.0,16.0,5.0,0.0,0.0,0.0,0.0,0.0,6.0,16.0,4.0,0.0,0.0,0.0,0.0,2.0,13.0,12.0,0.0,0.0,0.0,0.0,0.0,9.0,16.0,1.0,0.0,0.0,0.0,9
0.0,0.0,0.0,8.0,15.0,4.0,0.0,0.0,0.0,0.0,3.0,16.0,10.0,11.0,0.0,0.0,0.0,0.0,6.0,12.0,11.0,13.0,0.0,0.0,0.0,0.0,10.0,16.0,16.0,9.0,0.0,0.0,0.0,1.0,16.0,12.0,11.0,5.0,0.0,0.0,0.0,2.0,13.0,0.0,2.0,9.0,0.0,0.0,0.0,0.0,8.0,6.0,2.0,12.0,0.0,0.0,0.0,0.0,1.0,9.0,14.0,9.0,0.0,0.0,8
0.0,0.0,1.0,13.0,8.0,0.0,0.0,0.0,0.0,0.0,7.0,16.0,3.0,0.0,0.0,0.0,0.0,0.0,14.0,9.0,0.0,7.0,7.0,0.0,0.0,3.0,16.0,3.0,2.0,15.0,9.0,0.0,0.0,9.0,16.0,8.0,12.0,15.0,0.0,0.0,0.0,6.0,16.0,16.0,16.0,7.0,0.0,0.0,0.0,0.0,3.0,12.0,15.0,1.0,0.0,0.0,0.0,0.0,0.0,13.0,9.0,0.0,0.0,0.0,4
0.0,0.0,0.0,13.0,9.0,0.0,0.0,0.0,0.0,0.0,0.0,14.0,15.0,1.0,0.0,0.0,0.0,0.0,0.0,13.0,16.0,0.0,0.0,0.0,0.0,0.0,0.0,11.0,16.0,0.0,0.0,0.0,0.0,0.0,0.0,10.0,16.0,2.0,0.0,0.0,0.0,0.0,0.0,14.0,16.0,1.0,0.0,0.0,0.0,0.0,0.0,15.0,16.0,1.0,0.0,0.0,0.0,0.0,0.0,12.0,15.0,0.0,0.0,0.0,1
0.0,0.0,8.0,15.0,16.0,10.0,0.0,0.0,0.0,0.0,7.0,10.0,10.0,15.0,0.0,0.0,0.0,0.0,0.0,0.0,7.0,13.0,0.0,0.0,0.0,0.0,0.0,4.0,14.0,12.0,1.0,0.0,0.0,3.0,16.0,16.0,16.0,12.0,4.0,0.0,0.0,1.0,10.0,16.0,7.0,0.0,0.0,0.0,0.0,0.0,8.0,9.0,0.0,0.0,0.0,0.0,0.0,0.0,13.0,1.0,0.0,0.0,0.0,0.0,7
0.0,2.0,10.0,16.0,12.0,0.0,0.0,0.0,0.0,12.0,14.0,12.0,16.0,5.0,0.0,0.0,0.0,2.0,0.0,4.0,16.0,7.0,1.0,0.0,0.0,0.0,4.0,15.0,16.0,16.0,10.0,0.0,0.0,1.0,16.0,16.0,12.0,5.0,2.0,0.0,0.0,0.0,15.0,12.0,1.0,0.0,0.0,0.0,0.0,1.0,14.0,4.0,0.0,0.0,0.0,0.0,0.0,0.0,16.0,3.0,0.0,0.0,0.0,0.0,7
0.0,2.0,16.0,16.0,16.0,12.0,0.0,0.0,0.0,1.0,9.0,5.0,12.0,16.0,2.0,0.0,0.0,0.0,0.0,6.0,15.0,14.0,2.0,0.0,0.0,0.0,1.0,16.0,16.0,1.0,0.0,0.0,0.0,0.0,0.0,12.0,16.0,1.0,0.0,0.0,0.0,0.0,0.0,6.0,16.0,6.0,0.0,0.0,0.0,0.0,0.0,12.0,16.0,5.0,0.0,0.0,0.0,1.0,16.0,16.0,13.0,1.0,0.0,0.0,3
0.0,4.0,16.0,16.0,16.0,15.0,3.0,0.0,0.0,11.0,16.0,14.0,8.0,8.0,1.0,0.0,0.0,12.0,14.0,3.0,0.0,0.0,0.0,0.0,0.0,8.0,16.0,4.0,0.0,0.0,0.0,0.0,0.0,2.0,16.0,9.0,0.0,0.0,0.0,0.0,0.0,0.0,10.0,12.0,0.0,0.0,0.0,0.0,0.0,1.0,14.0,11.0,0.0,0.0,0.0,0.0,0.0,5.0,16.0,3.0,0.0,0.0,0.0,0.0,5
0.0,0.0,0.0,13.0,14.0,0.0,0.0,0.0,0.0,0.0,0.0,13.0,16.0,3.0,0.0,0.0,0.0,0.0,2.0,16.0,15.0,3.0,0.0,0.0,0.0,0.0,4.0,16.0,14.0,0.0,0.0,0.0,0.0,0.0,3.0,16.0,11.0,0.0,0.0,0.0,0.0,0.0,8.0,16.0,10.0,0.0,0.0,0.0,0.0,0.0,6.0,16.0,7.0,0.0,0.0,0.0,0.0,0.0,1.0,11.0,9.0,0.0,0.0,0.0,1
0.0,0.0,0.0,16.0,12.0,1.0,0.0,0.0,0.0,0.0,6.0,16.0,14.0,7.0,0.0,0.0,0.0,0.0,14.0,15.0,1.0,11.0,0.0,0.0,0.0,0.0,16.0,15.0,0.0,14.0,1.0,0.0,0.0,1.0,16.0,10.0,0.0,14.0,2.0,0.0,0.0,0.0,15.0,13.0,3.0,15.0,3.0,0.0,0.0,0.0,9.0,16.0,16.0,15.0,0.0,0.0,0.0,0.0,0.0,13.0,16.0,8.0,0.0,0.0,0
0.0,0.0,9.0,13.0,11.0,1.0,0.0,0.0,0.0,0.0,6.0,4.0,9.0,14.0,1.0,0.0,0.0,0.0,1.0,5.0,0.0,11.0,4.0,0.0,0.0,0.0,13.0,14.0,0.0,7.0,5.0,0.0,0.0,3.0,14.0,1.0,0.0,10.0,4.0,0.0,0.0,3.0,14.0,0.0,2.0,15.0,1.0,0.0,0.0,2.0,13.0,8.0,12.0,11.0,0.0,0.0,0.0,0.0,8.0,14.0,10.0,1.0,0.0,0.0,0
0.0,0.0,5.0,16.0,15.0,5.0,0.0,0.0,0.0,0.0,8.0,13.0,9.0,15.0,0.0,0.0,0.0,0.0,0.0,4.0,0.0,15.0,5.0,0.0,0.0,0.0,0.0,0.0,0.0,12.0,6.0,0.0,0.0,0.0,0.0,0.0,0.0,15.0,4.0,0.0,0.0,0.0,11.0,10.0,10.0,15.0,0.0,0.0,0.0,0.0,16.0,16.0,16.0,15.0,13.0,4.0,0.0,0.0,7.0,16.0,13.0,10.0,8.0,3.0,2
0.0,3.0,12.0,16.0,9.0,0.0,0.0,0.0,0.0,13.0,15.0,8.0,15.0,2.0,0.0,0.0,0.0,11.0,6.0,0.0,12.0,4.0,0.0,0.0,0.0,1.0,0.0,0.0,15.0,3.0,0.0,0.0,0.0,0.0,0.0,4.0,16.0,1.0,0.0,0.0,0.0,0.0,0.0,12.0,11.0,0.0,0.0,0.0,0.0,0.0,11.0,16.0,10.0,4.0,6.0,1.0,0.0,2.0,15.0,16.0,16.0,16.0,16.0,3.0,2
0.0,2.0,15.0,16.0,5.0,0.0,0.0,0.0,0.0,0.0,4.0,11.0,9.0,0.0,0.0,0.0,0.0,0.0,0.0,13.0,7.0,2.0,1.0,0.0,0.0,1.0,8.0,16.0,14.0,16.0,10.0,0.0,0.0,10.0,16.0,15.0,7.0,1.0,0.0,0.0,0.0,0.0,14.0,8.0,0.0,0.0,0.0,0.0,0.0,1.0,16.0,3.0,0.0,0.0,0.0,0.0,0.0,2.0,15.0,1.0,0.0,0.0,0.0,0.0,7
0.0,0.0,7.0,15.0,15.0,6.0,0.0,0.0,0.0,4.0,16.0,16.0,11.0,15.0,0.0,0.0,0.0,7.0,16.0,10.0,10.0,16.0,1.0,0.0,0.0,3.0,11.0,16.0,16.0,6.0,0.0,0.0,0.0,1.0,15.0,16.0,10.0,0.0,0.0,0.0,0.0,5.0,16.0,5.0,14.0,0.0,0.0,0.0,0.0,1.0,13.0,3.0,14.0,1.0,0.0,0.0,0.0,0.0,5.0,15.0,15.0,2.0,0.0,0.0,8
0.0,0.0,1.0,15.0,13.0,2.0,0.0,0.0,0.0,0.0,0.0,8.0,14.0,10.0,0.0,0.0,0.0,0.0,0.0,0.0,5.0,15.0,1.0,0.0,0.0,0.0,0.0,0.0,2.0,16.0,5.0,0.0,0.0,0.0,0.0,0.0,8.0,15.0,1.0,0.0,0.0,0.0,3.0,10.0,13.0,13.0,0.0,0.0,0.0,0.0,8.0,16.0,16.0,12.0,4.0,0.0,0.0,0.0,1.0,13.0,15.0,14.0,16.0,7.0,2
0.0,0.0,0.0,12.0,11.0,1.0,0.0,0.0,0.0,0.0,3.0,16.0,13.0,10.0,0.0,0.0,0.0,0.0,8.0,9.0,1.0,12.0,0.0,0.0,0.0,2.0,16.0,9.0,0.0,10.0,5.0,0.0,0.0,4.0,16.0,8.0,0.0,7.0,8.0,0.0,0.0,1.0,16.0,3.0,0.0,10.0,7.0,0.0,0.0,0.0,8.0,13.0,9.0,16.0,6.0,0.0,0.0,0.0,1.0,10.0,16.0,13.0,1.0,0.0,0
0.0,0.0,0.0,15.0,11.0,0.0,0.0,0.0,0.0,0.0,6.0,16.0,16.0,2.0,0.0,0.0,0.0,0.0,10.0,16.0,16.0,1.0,0.0,0.0,0.0,2.0,16.0,16.0,16.0,3.0,0.0,0.0,0.0,7.0,16.0,16.0,14.0,0.0,0.0,0.0,0.0,0.0,3.0,15.0,10.0,0.0,0.0,0.0,0.0,0.0,0.0,15.0,7.0,0.0,0.0,0.0,0.0,0.0,0.0,14.0,4.0,0.0,0.0,0.0,1
0.0,2.0,13.0,16.0,12.0,0.0,0.0,0.0,0.0,9.0,15.0,10.0,16.0,3.0,0.0,0.0,0.0,5.0,7.0,5.0,16.0,3.0,0.0,0.0,0.0,0.0,0.0,10.0,14.0,0.0,0.0,0.0,0.0,0.0,5.0,16.0,7.0,0.0,0.0,0.0,0.0,0.0,14.0,16.0,1.0,3.0,7.0,1.0,0.0,3.0,16.0,12.0,10.0,16.0,11.0,1.0,0.0,0.0,13.0,16.0,13.0,7.0,1.0,0.0,2
0.0,0.0,0.0,8.0,7.0,0.0,0.0,0.0,0.0,0.0,2.0,16.0,6.0,0.0,0.0,0.0,0.0,0.0,5.0,16.0,2.0,0.0,0.0,0.0,0.0,0.0,11.0,15.0,12.0,9.0,0.0,0.0,0.0,0.0,11.0,16.0,13.0,9.0,8.0,0.0,0.0,0.0,11.0,16.0,2.0,8.0,9.0,0.0,0.0,0.0,3.0,16.0,5.0,12.0,10.0,0.0,0.0,0.0,0.0,6.0,16.0,14.0,2.0,0.0,6
0.0,0.0,11.0,15.0,16.0,10.0,0.0,0.0,0.0,8.0,16.0,8.0,15.0,16.0,0.0,0.0,0.0,5.0,6.0,10.0,16.0,8.0,0.0,0.0,0.0,0.0,4.0,16.0,11.0,1.0,0.0,0.0,0.0,0.0,2.0,15.0,9.0,0.0,0.0,0.0,0.0,0.0,0.0,9.0,16.0,2.0,0.0,0.0,0.0,0.0,0.0,8.0,16.0,5.0,0.0,0.0,0.0,0.0,13.0,16.0,15.0,0.0,0.0,0.0,3
0.0,2.0,11.0,14.0,14.0,9.0,0.0,0.0,0.0,3.0,10.0,7.0,10.0,16.0,3.0,0.0,0.0,0.0,0.0,4.0,13.0,12.0,0.0,0.0,0.0,0.0,0.0,13.0,15.0,2.0,0.0,0.0,0.0,0.0,0.0,15.0,9.0,0.0,0.0,0.0,0.0,0.0,0.0,9.0,15.0,0.0,0.0,0.0,0.0,0.0,1.0,13.0,9.0,0.0,0.0,0.0,0.0,1.0,15.0,13.0,1.0,0.0,0.0,0.0,3
0.0,2.0,13.0,16.0,15.0,2.0,0.0,0.0,0.0,15.0,14.0,7.0,16.0,5.0,0.0,0.0,0.0,10.0,1.0,2.0,16.0,4.0,0.0,0.0,0.0,0.0,1.0,11.0,16.0,15.0,8.0,0.0,0.0,0.0,15.0,16.0,13.0,8.0,2.0,0.0,0.0,0.0,10.0,14.0,0.0,0.0,0.0,0.0,0.0,0.0,11.0,10.0,0.0,0.0,0.0,0.0,0.0,0.0,15.0,3.0,0.0,0.0,0.0,0.0,7
0.0,0.0,9.0,16.0,16.0,10.0,0.0,0.0,0.0,0.0,9.0,9.0,9.0,15.0,0.0,0.0,0.0,0.0,0.0,0.0,6.0,14.0,0.0,0.0,0.0,0.0,0.0,2.0,15.0,7.0,0.0,0.0,0.0,0.0,1.0,14.0,16.0,4.0,0.0,0.0,0.0,0.0,5.0,16.0,16.0,8.0,0.0,0.0,0.0,0.0,0.0,6.0,16.0,4.0,0.0,0.0,0.0,0.0,11.0,16.0,12.0,0.0,0.0,0.0,3
0.0,0.0,8.0,16.0,16.0,13.0,0.0,0.0,0.0,0.0,10.0,11.0,9.0,16.0,2.0,0.0,0.0,0.0,0.0,4.0,16.0,12.0,0.0,0.0,0.0,0.0,2.0,16.0,15.0,1.0,0.0,0.0,0.0,0.0,2.0,15.0,11.0,0.0,0.0,0.0,0.0,0.0,0.0,4.0,16.0,3.0,0.0,0.0,0.0,3.0,12.0,2.0,14.0,4.0,0.0,0.0,0.0,0.0,9.0,16.0,16.0,5.0,0.0,0.0,3
0.0,0.0,5.0,16.0,1.0,0.0,0.0,0.0,0.0,0.0,12.0,12.0,0.0,0.0,0.0,0.0,0.0,2.0,15.0,8.0,0.0,6.0,5.0,0.0,0.0,9.0,16.0,6.0,12.0,16.0,9.0,0.0,0.0,7.0,16.0,16.0,16.0,15.0,1.0,0.0,0.0,0.0,3.0,10.0,16.0,6.0,0.0,0.0,0.0,0.0,1.0,14.0,10.0,0.0,0.0,0.0,0.0,0.0,5.0,16.0,2.0,0.0,0.0,0.0,4
0.0,0.0,0.0,11.0,8.0,0.0,0.0,0.0,0.0,0.0,5.0,16.0,7.0,0.0,0.0,0.0,0.0,0.0,10.0,14.0,0.0,0.0,0.0,0.0,0.0,0.0,12.0,9.0,1.0,3.0,0.0,0.0,0.0,0.0,14.0,14.0,15.0,16.0,7.0,0.0,0.0,0.0,10.0,16.0,15.0,12.0,12.0,0.0,0.0,0.0,6.0,16.0,13.0,14.0,12.0,0.0,0.0,0.0,0.0,9.0,15.0,15.0,3.0,0.0,6
0.0,0.0,0.0,6.0,12.0,0.0,0.0,0.0,0.0,0.0,0.0,13.0,13.0,0.0,0.0,0.0,0.0,0.0,7.0,16.0,2.0,0.0,0.0,0.0,0.0,0.0,10.0,12.0,0.0,2.0,0.0,0.0,0.0,0.0,13.0,14.0,16.0,14.0,0.0,0.0,0.0,0.0,11.0,16.0,14.0,13.0,6.0,0.0,0.0,0.0,5.0,13.0,9.0,16.0,5.0,0.0,0.0,0.0,0.0,6.0,15.0,12.0,1.0,0.0,6
0.0,0.0,0.0,9.0,11.0,0.0,0.0,0.0,0.0,0.0,1.0,16.0,11.0,0.0,0.0,0.0,0.0,0.0,6.0,16.0,1.0,0.0,0.0,0.0,0.0,0.0,11.0,11.0,6.0,7.0,1.0,0.0,0.0,0.0,13.0,14.0,15.0,16.0,8.0,0.0,0.0,0.0,12.0,13.0,5.0,5.0,13.0,0.0,0.0,0.0,6.0,14.0,8.0,15.0,12.0,0.0,0.0,0.0,0.0,10.0,16.0,12.0,2.0,0.0,6
0.0,0.0,10.0,14.0,0.0,0.0,0.0,0.0,0.0,1.0,16.0,7.0,1.0,7.0,0.0,0.0,0.0,0.0,15.0,7.0,12.0,16.0,2.0,0.0,0.0,0.0,10.0,16.0,16.0,4.0,0.0,0.0,0.0,0.0,0.0,9.0,14.0,0.0,0.0,0.0,0.0,0.0,0.0,14.0,10.0,0.0,0.0,0.0,0.0,0.0,5.0,16.0,2.0,0.0,0.0,0.0,0.0,0.0,11.0,12.0,0.0,0.0,0.0,0.0,4
0.0,0.0,0.0,2.0,9.0,13.0,6.0,0.0,0.0,0.0,11.0,15.0,8.0,9.0,10.0,0.0,0.0,3.0,16.0,10.0,4.0,13.0,5.0,0.0,0.0,1.0,15.0,16.0,15.0,15.0,7.0,0.0,0.0,0.0,0.0,0.0,1.0,14.0,1.0,0.0,0.0,0.0,0.0,0.0,11.0,6.0,0.0,0.0,0.0,0.0,0.0,1.0,13.0,0.0,0.0,0.0,0.0,0.0,0.0,5.0,4.0,0.0,0.0,0.0,9
0.0,0.0,0.0,14.0,7.0,0.0,0.0,0.0,0.0,0.0,0.0,15.0,15.0,1.0,0.0,0.0,0.0,0.0,2.0,16.0,15.0,1.0,0.0,0.0,0.0,0.0,6.0,16.0,15.0,0.0,0.0,0.0,0.0,0.0,9.0,16.0,13.0,0.0,0.0,0.0,0.0,0.0,8.0,16.0,15.0,1.0,0.0,0.0,0.0,0.0,4.0,16.0,16.0,6.0,0.0,0.0,0.0,0.0,0.0,13.0,12.0,0.0,0.0,0.0,1
0.0,0.0,12.0,16.0,16.0,15.0,3.0,0.0,0.0,4.0,16.0,16.0,6.0,2.0,1.0,0.0,0.0,14.0,16.0,4.0,0.0,0.0,0.0,0.0,0.0,9.0,16.0,16.0,5.0,0.0,0.0,0.0,0.0,0.0,7.0,15.0,8.0,0.0,0.0,0.0,0.0,0.0,0.0,12.0,11.0,0.0,0.0,0.0,0.0,0.0,5.0,16.0,7.0,0.0,0.0,0.0,0.0,0.0,14.0,15.0,0.0,0.0,0.0,0.0,5
0.0,0.0,0.0,9.0,8.0,1.0,0.0,0.0,0.0,0.0,5.0,16.0,16.0,8.0,0.0,0.0,0.0,4.0,16.0,15.0,1.0,15.0,0.0,0.0,0.0,6.0,16.0,12.0,0.0,12.0,1.0,0.0,0.0,5.0,16.0,11.0,0.0,11.0,6.0,0.0,0.0,1.0,15.0,8.0,4.0,15.0,6.0,0.0,0.0,0.0,5.0,16.0,16.0,15.0,0.0,0.0,0.0,0.0,0.0,7.0,14.0,9.0,0.0,0.0,0
0.0,0.0,1.0,13.0,10.0,1.0,0.0,0.0,0.0,0.0,12.0,6.0,7.0,10.0,0.0,0.0,0.0,0.0,10.0,10.0,11.0,15.0,0.0,0.0,0.0,0.0,1.0,14.0,16.0,16.0,5.0,0.0,0.0,0.0,0.0,0.0,0.0,10.0,10.0,0.0,0.0,0.0,0.0,0.0,0.0,5.0,11.0,0.0,0.0,0.0,2.0,4.0,4.0,14.0,11.0,0.0,0.0,0.0,2.0,11.0,15.0,16.0,5.0,0.0,9
0.0,0.0,5.0,16.0,16.0,3.0,0.0,0.0,0.0,0.0,9.0,16.0,7.0,0.0,0.0,0.0,0.0,0.0,12.0,15.0,2.0,0.0,0.0,0.0,0.0,1.0,15.0,16.0,15.0,4.0,0.0,0.0,0.0,0.0,9.0,13.0,16.0,9.0,0.0,0.0,0.0,0.0,0.0,0.0,14.0,12.0,0.0,0.0,0.0,0.0,5.0,12.0,16.0,8.0,0.0,0.0,0.0,0.0,3.0,15.0,15.0,1.0,0.0,0.0,5
0.0,0.0,6.0,16.0,12.0,1.0,0.0,0.0,0.0,0.0,5.0,16.0,13.0,10.0,0.0,0.0,0.0,0.0,0.0,5.0,5.0,15.0,0.0,0.0,0.0,0.0,0.0,0.0,8.0,15.0,0.0,0.0,0.0,0.0,0.0,0.0,13.0,13.0,0.0,0.0,0.0,0.0,0.0,6.0,16.0,9.0,4.0,1.0,0.0,0.0,3.0,16.0,16.0,16.0,16.0,10.0,0.0,0.0,5.0,16.0,11.0,9.0,6.0,2.0,2
0.0,0.0,0.0,10.0,16.0,7.0,0.0,0.0,0.0,0.0,2.0,15.0,4.0,14.0,2.0,0.0,0.0,0.0,0.0,13.0,8.0,16.0,0.0,0.0,0.0,0.0,0.0,10.0,16.0,14.0,1.0,0.0,0.0,0.0,8.0,16.0,16.0,7.0,0.0,0.0,0.0,1.0,15.0,6.0,8.0,12.0,0.0,0.0,0.0,1.0,13.0,5.0,12.0,9.0,0.0,0.0,0.0,0.0,1.0,11.0,15.0,6.0,0.0,0.0,8
0.0,0.0,4.0,15.0,16.0,6.0,0.0,0.0,0.0,0.0,16.0,12.0,8.0,15.0,0.0,0.0,0.0,7.0,16.0,4.0,0.0,11.0,5.0,0.0,0.0,10.0,15.0,0.0,0.0,8.0,9.0,0.0,0.0,10.0,14.0,0.0,0.0,8.0,11.0,0.0,0.0,6.0,16.0,4.0,0.0,11.0,9.0,0.0,0.0,1.0,15.0,7.0,8.0,16.0,5.0,0.0,0.0,0.0,3.0,14.0,16.0,10.0,1.0,0.0,0
0.0,0.0,0.0,12.0,9.0,0.0,0.0,0.0,0.0,0.0,2.0,16.0,16.0,0.0,0.0,0.0,0.0,0.0,3.0,16.0,16.0,1.0,0.0,0.0,0.0,0.0,4.0,16.0,13.0,0.0,0.0,0.0,0.0,0.0,3.0,16.0,11.0,0.0,0.0,0.0,0.0,0.0,5.0,16.0,10.0,0.0,0.0,0.0,0.0,0.0,2.0,16.0,10.0,0.0,0.0,0.0,0.0,0.0,0.0,11.0,13.0,0.0,0.0,0.0,1
0.0,0.0,7.0,14.0,16.0,5.0,0.0,0.0,0.0,0.0,16.0,12.0,15.0,12.0,0.0,0.0,0.0,0.0,3.0,0.0,14.0,9.0,0.0,0.0,0.0,0.0,5.0,12.0,16.0,15.0,10.0,0.0,0.0,8.0,16.0,16.0,13.0,6.0,0.0,0.0,0.0,3.0,9.0,16.0,6.0,0.0,0.0,0.0,0.0,0.0,10.0,12.0,1.0,0.0,0.0,0.0,0.0,0.0,12.0,5.0,0.0,0.0,0.0,0.0,7
0.0,0.0,0.0,8.0,7.0,0.0,0.0,0.0,0.0,0.0,4.0,16.0,11.0,0.0,0.0,0.0,0.0,0.0,9.0,16.0,1.0,0.0,0.0,0.0,0.0,0.0,11.0,14.0,11.0,13.0,2.0,0.0,0.0,0.0,13.0,16.0,14.0,14.0,10.0,0.0,0.0,0.0,10.0,15.0,1.0,5.0,13.0,0.0,0.0,0.0,6.0,16.0,8.0,14.0,12.0,0.0,0.0,0.0,0.0,5.0,14.0,16.0,4.0,0.0,6
0.0,1.0,11.0,16.0,16.0,12.0,0.0,0.0,0.0,8.0,16.0,13.0,16.0,16.0,3.0,0.0,0.0,1.0,5.0,7.0,16.0,14.0,0.0,0.0,0.0,0.0,0.0,11.0,16.0,4.0,0.0,0.0,0.0,0.0,0.0,2.0,15.0,9.0,0.0,0.0,0.0,0.0,0.0,0.0,11.0,13.0,0.0,0.0,0.0,0.0,3.0,7.0,15.0,14.0,0.0,0.0,0.0,0.0,14.0,16.0,16.0,6.0,0.0,0.0,3
0.0,2.0,13.0,16.0,7.0,0.0,0.0,0.0,0.0,12.0,13.0,14.0,13.0,0.0,0.0,0.0,0.0,2.0,0.0,8.0,12.0,0.0,0.0,0.0,0.0,0.0,0.0,11.0,9.0,0.0,0.0,0.0,0.0,0.0,0.0,13.0,5.0,0.0,0.0,0.0,0.0,0.0,8.0,15.0,2.0,0.0,0.0,0.0,0.0,0.0,16.0,16.0,16.0,9.0,2.0,0.0,0.0,1.0,16.0,14.0,13.0,16.0,9.0,0.0,2
0.0,0.0,0.0,11.0,9.0,0.0,0.0,0.0,0.0,0.0,0.0,11.0,14.0,0.0,0.0,0.0,0.0,0.0,0.0,11.0,13.0,0.0,0.0,0.0,0.0,0.0,0.0,15.0,13.0,0.0,0.0,0.0,0.0,0.0,0.0,13.0,13.0,0.0,0.0,0.0,0.0,0.0,0.0,13.0,9.0,0.0,0.0,0.0,0.0,0.0,0.0,10.0,10.0,0.0,0.0,0.0,0.0,0.0,0.0,9.0,11.0,0.0,0.0,0.0,1
0.0,1.0,11.0,16.0,11.0,0.0,0.0,0.0,0.0,10.0,14.0,11.0,16.0,0.0,0.0,0.0,0.0,14.0,5.0,6.0,15.0,0.0,0.0,0.0,0.0,3.0,1.0,11.0,14.0,3.0,1.0,0.0,0.0,2.0,13.0,16.0,16.0,16.0,9.0,0.0,0.0,2.0,14.0,16.0,5.0,4.0,2.0,0.0,0.0,0.0,11.0,11.0,0.0,0.0,0.0,0.0,0.0,0.0,16.0,3.0,0.0,0.0,0.0,0.0,7
0.0,0.0,5.0,13.0,0.0,0.0,0.0,0.0,0.0,0.0,12.0,9.0,4.0,13.0,0.0,0.0,0.0,0.0,16.0,5.0,11.0,13.0,0.0,0.0,0.0,0.0,15.0,13.0,15.0,7.0,0.0,0.0,0.0,0.0,4.0,14.0,15.0,0.0,0.0,0.0,0.0,0.0,0.0,14.0,8.0,0.0,0.0,0.0,0.0,0.0,2.0,16.0,4.0,0.0,0.0,0.0,0.0,0.0,6.0,16.0,1.0,0.0,0.0,0.0,4
0.0,0.0,0.0,8.0,10.0,0.0,0.0,0.0,0.0,0.0,3.0,15.0,5.0,0.0,0.0,0.0,0.0,0.0,7.0,13.0,0.0,0.0,0.0,0.0,0.0,0.0,7.0,14.0,5.0,1.0,0.0,0.0,0.0,0.0,6.0,16.0,16.0,16.0,3.0,0.0,0.0,0.0,6.0,16.0,7.0,13.0,8.0,0.0,0.0,0.0,2.0,15.0,7.0,15.0,7.0,0.0,0.0,0.0,0.0,7.0,15.0,12.0,0.0,0.0,6
0.0,0.0,6.0,16.0,15.0,5.0,0.0,0.0,0.0,0.0,2.0,13.0,14.0,13.0,0.0,0.0,0.0,0.0,0.0,2.0,14.0,14.0,1.0,0.0,0.0,0.0,0.0,3.0,16.0,10.0,0.0,0.0,0.0,0.0,0.0,0.0,14.0,10.0,0.0,0.0,0.0,0.0,0.0,0.0,10.0,14.0,0.0,0.0,0.0,0.0,8.0,7.0,12.0,16.0,0.0,0.0,0.0,0.0,6.0,16.0,16.0,12.0,1.0,0.0,3
0.0,0.0,0.0,12.0,7.0,0.0,0.0,0.0,0.0,0.0,0.0,14.0,15.0,0.0,0.0,0.0,0.0,0.0,0.0,14.0,16.0,1.0,0.0,0.0,0.0,0.0,0.0,15.0,16.0,2.0,0.0,0.0,0.0,0.0,0.0,13.0,16.0,1.0,0.0,0.0,0.0,0.0,0.0,14.0,16.0,1.0,0.0,0.0,0.0,0.0,0.0,14.0,16.0,1.0,0.0,0.0,0.0,0.0,0.0,6.0,16.0,2.0,0.0,0.0,1
0.0,0.0,6.0,15.0,15.0,4.0,0.0,0.0,0.0,6.0,16.0,16.0,16.0,14.0,0.0,0.0,0.0,7.0,16.0,14.0,16.0,13.0,0.0,0.0,0.0,0.0,3.0,7.0,16.0,6.0,0.0,0.0,0.0,0.0,0.0,2.0,16.0,9.0,0.0,0.0,0.0,0.0,0.0,0.0,14.0,15.0,0.0,0.0,0.0,0.0,7.0,10.0,16.0,14.0,0.0,0.0,0.0,0.0,7.0,15.0,15.0,4.0,0.0,0.0,3
0.0,0.0,0.0,8.0,10.0,14.0,3.0,0.0,0.0,1.0,13.0,13.0,9.0,12.0,8.0,0.0,0.0,6.0,16.0,8.0,8.0,16.0,4.0,0.0,0.0,5.0,16.0,16.0,16.0,9.0,0.0,0.0,0.0,0.0,5.0,8.0,14.0,12.0,0.0,0.0,0.0,0.0,0.0,3.0,16.0,5.0,0.0,0.0,0.0,0.0,0.0,15.0,8.0,0.0,0.0,0.0,0.0,0.0,1.0,12.0,2.0,0.0,0.0,0.0,9
0.0,0.0,0.0,16.0,11.0,0.0,0.0,0.0,0.0,0.0,2.0,16.0,16.0,2.0,0.0,0.0,0.0,0.0,3.0,16.0,16.0,6.0,0.0,0.0,0.0,0.0,3.0,16.0,15.0,2.0,0.0,0.0,0.0,0.0,2.0,16.0,16.0,2.0,0.0,0.0,0.0,0.0,4.0,16.0,15.0,0.0,0.0,0.0,0.0,0.0,1.0,16.0,15.0,1.0,0.0,0.0,0.0,0.0,0.0,12.0,16.0,2.0,0.0,0.0,1
0.0,4.0,15.0,16.0,15.0,4.0,0.0,0.0,0.0,11.0,16.0,14.0,15.0,16.0,0.0,0.0,0.0,3.0,3.0,0.0,16.0,14.0,2.0,0.0,0.0,0.0,9.0,16.0,16.0,16.0,8.0,0.0,0.0,0.0,15.0,16.0,11.0,1.0,0.0,0.0,0.0,0.0,11.0,13.0,1.0,0.0,0.0,0.0,0.0,4.0,16.0,5.0,0.0,0.0,0.0,0.0,0.0,4.0,15.0,0.0,0.0,0.0,0.0,0.0,7
0.0,0.0,0.0,9.0,8.0,0.0,0.0,0.0,0.0,0.0,1.0,16.0,2.0,0.0,0.0,0.0,0.0,0.0,6.0,14.0,0.0,0.0,0.0,0.0,0.0,0.0,9.0,11.0,0.0,3.0,0.0,0.0,0.0,0.0,13.0,8.0,13.0,13.0,10.0,0.0,0.0,0.0,12.0,16.0,8.0,0.0,13.0,1.0,0.0,0.0,6.0,16.0,5.0,9.0,13.0,0.0,0.0,0.0,0.0,8.0,15.0,14.0,4.0,0.0,6
0.0,0.0,0.0,9.0,15.0,9.0,0.0,0.0,0.0,0.0,8.0,15.0,5.0,12.0,2.0,0.0,0.0,0.0,15.0,15.0,3.0,13.0,3.0,0.0,0.0,0.0,11.0,16.0,16.0,13.0,0.0,0.0,0.0,4.0,16.0,10.0,15.0,0.0,0.0,0.0,0.0,3.0,12.0,0.0,8.0,7.0,0.0,0.0,0.0,0.0,12.0,8.0,10.0,11.0,0.0,0.0,0.0,0.0,0.0,9.0,13.0,4.0,0.0,0.0,8
0.0,0.0,0.0,14.0,5.0,0.0,0.0,0.0,0.0,0.0,5.0,16.0,5.0,0.0,0.0,0.0,0.0,0.0,13.0,12.0,0.0,1.0,3.0,0.0,0.0,4.0,16.0,5.0,1.0,15.0,11.0,0.0,0.0,10.0,15.0,4.0,13.0,16.0,3.0,0.0,0.0,8.0,16.0,16.0,16.0,10.0,0.0,0.0,0.0,2.0,11.0,12.0,15.0,1.0,0.0,0.0,0.0,0.0,0.0,16.0,9.0,0.0,0.0,0.0,4
0.0,0.0,7.0,15.0,16.0,10.0,0.0,0.0,0.0,0.0,14.0,9.0,10.0,16.0,1.0,0.0,0.0,0.0,2.0,5.0,15.0,14.0,0.0,0.0,0.0,0.0,0.0,11.0,16.0,5.0,0.0,0.0,0.0,0.0,0.0,2.0,16.0,8.0,0.0,0.0,0.0,0.0,0.0,0.0,10.0,13.0,0.0,0.0,0.0,0.0,11.0,9.0,15.0,16.0,1.0,0.0,0.0,0.0,8.0,16.0,16.0,12.0,0.0,0.0,3
0.0,0.0,0.0,14.0,9.0,0.0,0.0,0.0,0.0,0.0,0.0,14.0,13.0,0.0,0.0,0.0,0.0,0.0,0.0,11.0,16.0,2.0,0.0,0.0,0.0,0.0,0.0,14.0,16.0,5.0,0.0,0.0,0.0,0.0,0.0,13.0,16.0,4.0,0.0,0.0,0.0,0.0,0.0,16.0,16.0,4.0,0.0,0.0,0.0,0.0,1.0,16.0,16.0,0.0,0.0,0.0,0.0,0.0,0.0,14.0,12.0,0.0,0.0,0.0,1
0.0,0.0,0.0,15.0,5.0,0.0,0.0,0.0,0.0,0.0,4.0,16.0,7.0,0.0,0.0,0.0,0.0,1.0,13.0,16.0,0.0,9.0,2.0,0.0,0.0,5.0,16.0,11.0,5.0,16.0,9.0,0.0,0.0,7.0,16.0,14.0,16.0,16.0,7.0,0.0,0.0,1.0,11.0,15.0,16.0,10.0,0.0,0.0,0.0,0.0,0.0,13.0,16.0,3.0,0.0,0.0,0.0,0.0,1.0,16.0,11.0,0.0,0.0,0.0,4
0.0,0.0,0.0,10.0,13.0,3.0,0.0,0.0,0.0,0.0,8.0,16.0,14.0,12.0,0.0,0.0,0.0,3.0,16.0,13.0,0.0,14.0,1.0,0.0,0.0,5.0,16.0,6.0,0.0,14.0,5.0,0.0,0.0,6.0,16.0,0.0,0.0,15.0,4.0,0.0,0.0,2.0,13.0,1.0,5.0,16.0,4.0,0.0,0.0,0.0,10.0,16.0,16.0,14.0,1.0,0.0,0.0,0.0,2.0,11.0,13.0,6.0,0.0,0.0,0
0.0,0.0,7.0,12.0,15.0,6.0,0.0,0.0,0.0,14.0,16.0,15.0,6.0,0.0,0.0,0.0,0.0,16.0,16.0,13.0,0.0,0.0,0.0,0.0,0.0,10.0,16.0,14.0,8.0,0.0,0.0,0.0,0.0,0.0,2.0,8.0,13.0,0.0,0.0,0.0,0.0,0.0,0.0,10.0,15.0,0.0,0.0,0.0,0.0,0.0,4.0,13.0,15.0,0.0,0.0,0.0,0.0,0.0,7.0,16.0,7.0,0.0,0.0,0.0,5
0.0,0.0,8.0,15.0,16.0,6.0,0.0,0.0,0.0,0.0,13.0,13.0,13.0,13.0,0.0,0.0,0.0,0.0,2.0,6.0,16.0,9.0,0.0,0.0,0.0,0.0,0.0,3.0,16.0,2.0,0.0,0.0,0.0,0.0,0.0,0.0,10.0,10.0,0.0,0.0,0.0,0.0,0.0,0.0,5.0,15.0,0.0,0.0,0.0,0.0,7.0,4.0,11.0,16.0,1.0,0.0,0.0,0.0,7.0,16.0,16.0,8.0,0.0,0.0,3
0.0,0.0,0.0,5.0,13.0,1.0,0.0,0.0,0.0,0.0,1.0,15.0,12.0,0.0,0.0,0.0,0.0,0.0,4.0,16.0,5.0,0.0,0.0,0.0,0.0,0.0,11.0,14.0,3.0,0.0,0.0,0.0,0.0,0.0,11.0,16.0,16.0,4.0,0.0,0.0,0.0,0.0,11.0,11.0,5.0,13.0,0.0,0.0,0.0,0.0,6.0,13.0,7.0,15.0,0.0,0.0,0.0,0.0,0.0,5.0,14.0,9.0,0.0,0.0,6
0.0,0.0,7.0,16.0,15.0,4.0,0.0,0.0,0.0,0.0,11.0,16.0,15.0,12.0,0.0,0.0,0.0,0.0,5.0,16.0,16.0,14.0,0.0,0.0,0.0,0.0,0.0,3.0,8.0,15.0,5.0,0.0,0.0,0.0,0.0,0.0,0.0,10.0,10.0,0.0,0.0,0.0,0.0,0.0,0.0,11.0,11.0,0.0,0.0,0.0,1.0,0.0,5.0,15.0,9.0,0.0,0.0,0.0,6.0,15.0,16.0,16.0,2.0,0.0,9
0.0,0.0,1.0,13.0,16.0,2.0,0.0,0.0,0.0,0.0,8.0,16.0,12.0,1.0,0.0,0.0,0.0,0.0,14.0,16.0,2.0,0.0,0.0,0.0,0.0,0.0,15.0,14.0,9.0,1.0,0.0,0.0,0.0,1.0,16.0,16.0,16.0,10.0,0.0,0.0,0.0,0.0,13.0,15.0,13.0,15.0,0.0,0.0,0.0,0.0,8.0,16.0,14.0,14.0,1.0,0.0,0.0,0.0,1.0,11.0,16.0,8.0,0.0,0.0,6
0.0,0.0,0.0,12.0,10.0,0.0,0.0,0.0,0.0,0.0,0.0,14.0,16.0,2.0,0.0,0.0,0.0,0.0,0.0,13.0,16.0,0.0,0.0,0.0,0.0,0.0,0.0,11.0,16.0,3.0,0.0,0.0,0.0,0.0,0.0,10.0,16.0,3.0,0.0,0.0,0.0,0.0,0.0,11.0,16.0,2.0,0.0,0.0,0.0,0.0,0.0,14.0,16.0,2.0,0.0,0.0,0.0,0.0,0.0,11.0,14.0,0.0,0.0,0.0,1
0.0,0.0,3.0,16.0,15.0,5.0,0.0,0.0,0.0,0.0,7.0,16.0,15.0,14.0,0.0,0.0,0.0,0.0,0.0,1.0,7.0,16.0,4.0,0.0,0.0,2.0,6.0,9.0,14.0,16.0,5.0,0.0,0.0,9.0,16.0,16.0,16.0,12.0,1.0,0.0,0.0,0.0,9.0,15.0,16.0,4.0,0.0,0.0,0.0,0.0,6.0,16.0,11.0,0.0,0.0,0.0,0.0,0.0,2.0,15.0,4.0,0.0,0.0,0.0,7
0.0,0.0,15.0,13.0,13.0,13.0,0.0,0.0,0.0,0.0,16.0,16.0,11.0,3.0,0.0,0.0,0.0,0.0,12.0,13.0,0.0,0.0,0.0,0.0,0.0,0.0,5.0,16.0,3.0,0.0,0.0,0.0,0.0,0.0,0.0,11.0,10.0,0.0,0.0,0.0,0.0,0.0,0.0,10.0,14.0,0.0,0.0,0.0,0.0,0.0,9.0,16.0,10.0,0.0,0.0,0.0,0.0,0.0,11.0,15.0,1.0,0.0,0.0,0.0,5
0.0,0.0,0.0,13.0,8.0,0.0,0.0,0.0,0.0,0.0,2.0,15.0,1.0,0.0,0.0,0.0,0.0,0.0,11.0,10.0,0.0,8.0,2.0,0.0,0.0,4.0,16.0,5.0,11.0,16.0,8.0,0.0,0.0,7.0,16.0,16.0,16.0,16.0,3.0,0.0,0.0,2.0,13.0,9.0,16.0,12.0,0.0,0.0,0.0,0.0,0.0,7.0,16.0,6.0,0.0,0.0,0.0,0.0,0.0,13.0,15.0,1.0,0.0,0.0,4
0.0,0.0,4.0,16.0,1.0,0.0,0.0,0.0,0.0,0.0,12.0,13.0,0.0,1.0,1.0,0.0,0.0,3.0,16.0,8.0,5.0,16.0,6.0,0.0,0.0,9.0,16.0,6.0,14.0,16.0,2.0,0.0,0.0,11.0,16.0,16.0,16.0,9.0,0.0,0.0,0.0,0.0,10.0,15.0,15.0,2.0,0.0,0.0,0.0,0.0,3.0,16.0,9.0,0.0,0.0,0.0,0.0,0.0,5.0,16.0,3.0,0.0,0.0,0.0,4
0.0,0.0,5.0,14.0,14.0,2.0,0.0,0.0,0.0,2.0,16.0,16.0,16.0,7.0,0.0,0.0,0.0,0.0,7.0,4.0,16.0,12.0,0.0,0.0,0.0,0.0,1.0,9.0,16.0,16.0,8.0,0.0,0.0,3.0,15.0,16.0,16.0,10.0,2.0,0.0,0.0,4.0,16.0,16.0,11.0,0.0,0.0,0.0,0.0,0.0,9.0,16.0,5.0,0.0,0.0,0.0,0.0,0.0,9.0,13.0,0.0,0.0,0.0,0.0,7
0.0,0.0,7.0,16.0,5.0,0.0,0.0,0.0,0.0,0.0,16.0,16.0,11.0,0.0,0.0,0.0,0.0,0.0,10.0,13.0,16.0,1.0,0.0,0.0,0.0,0.0,0.0,13.0,15.0,0.0,0.0,0.0,0.0,0.0,0.0,14.0,13.0,0.0,0.0,0.0,0.0,0.0,12.0,16.0,6.0,4.0,8.0,1.0,0.0,0.0,14.0,16.0,16.0,16.0,16.0,4.0,0.0,0.0,7.0,16.0,15.0,7.0,3.0,0.0,2
0.0,0.0,8.0,16.0,16.0,12.0,0.0,0.0,0.0,0.0,16.0,13.0,10.0,16.0,3.0,0.0,0.0,0.0,12.0,1.0,2.0,16.0,4.0,0.0,0.0,0.0,0.0,0.0,6.0,15.0,0.0,0.0,0.0,0.0,0.0,1.0,15.0,10.0,0.0,0.0,0.0,0.0,0.0,9.0,15.0,2.0,0.0,0.0,0.0,1.0,11.0,16.0,12.0,8.0,8.0,1.0,0.0,0.0,11.0,16.0,16.0,16.0,12.0,1.0,2
0.0,0.0,3.0,9.0,14.0,9.0,0.0,0.0,0.0,5.0,16.0,14.0,5.0,0.0,0.0,0.0,0.0,12.0,11.0,3.0,0.0,0.0,0.0,0.0,0.0,13.0,16.0,12.0,1.0,0.0,0.0,0.0,0.0,4.0,11.0,13.0,8.0,0.0,0.0,0.0,0.0,0.0,0.0,7.0,11.0,0.0,0.0,0.0,0.0,0.0,1.0,12.0,12.0,0.0,0.0,0.0,0.0,0.0,2.0,15.0,7.0,0.0,0.0,0.0,5
0.0,7.0,12.0,14.0,16.0,8.0,0.0,0.0,0.0,8.0,16.0,14.0,15.0,11.0,0.0,0.0,0.0,2.0,11.0,2.0,16.0,6.0,0.0,0.0,0.0,0.0,0.0,9.0,16.0,8.0,5.0,0.0,0.0,8.0,13.0,16.0,16.0,12.0,5.0,0.0,0.0,7.0,16.0,12.0,3.0,0.0,0.0,0.0,0.0,4.0,16.0,4.0,0.0,0.0,0.0,0.0,0.0,9.0,12.0,0.0,0.0,0.0,0.0,0.0,7
0.0,0.0,7.0,16.0,16.0,8.0,0.0,0.0,0.0,0.0,14.0,12.0,11.0,14.0,0.0,0.0,0.0,0.0,11.0,15.0,16.0,12.0,0.0,0.0,0.0,0.0,5.0,15.0,15.0,4.0,0.0,0.0,0.0,0.0,0.0,3.0,12.0,14.0,0.0,0.0,0.0,1.0,10.0,0.0,7.0,15.0,0.0,0.0,0.0,1.0,14.0,6.0,13.0,12.0,0.0,0.0,0.0,0.0,7.0,16.0,16.0,11.0,0.0,0.0,9
0.0,0.0,3.0,14.0,16.0,14.0,0.0,0.0,0.0,3.0,12.0,16.0,8.0,1.0,0.0,0.0,0.0,15.0,16.0,12.0,0.0,0.0,0.0,0.0,0.0,10.0,16.0,16.0,8.0,0.0,0.0,0.0,0.0,0.0,7.0,11.0,15.0,1.0,0.0,0.0,0.0,0.0,0.0,7.0,16.0,1.0,0.0,0.0,0.0,0.0,8.0,15.0,16.0,2.0,0.0,0.0,0.0,0.0,4.0,16.0,9.0,0.0,0.0,0.0,5
0.0,0.0,11.0,7.0,0.0,0.0,0.0,0.0,0.0,5.0,16.0,3.0,2.0,14.0,3.0,0.0,0.0,9.0,15.0,0.0,12.0,15.0,0.0,0.0,0.0,6.0,16.0,15.0,16.0,5.0,0.0,0.0,0.0,0.0,6.0,15.0,11.0,0.0,0.0,0.0,0.0,0.0,1.0,16.0,4.0,0.0,0.0,0.0,0.0,0.0,9.0,12.0,0.0,0.0,0.0,0.0,0.0,0.0,13.0,10.0,0.0,0.0,0.0,0.0,4
0.0,0.0,0.0,11.0,8.0,0.0,0.0,0.0,0.0,0.0,6.0,15.0,2.0,0.0,0.0,0.0,0.0,0.0,13.0,8.0,0.0,4.0,7.0,0.0,0.0,5.0,16.0,2.0,2.0,13.0,9.0,0.0,0.0,10.0,15.0,12.0,15.0,14.0,1.0,0.0,0.0,6.0,16.0,9.0,16.0,5.0,0.0,0.0,0.0,0.0,0.0,6.0,14.0,1.0,0.0,0.0,0.0,0.0,0.0,14.0,7.0,0.0,0.0,0.0,4
0.0,0.0,7.0,15.0,16.0,12.0,0.0,0.0,0.0,12.0,16.0,11.0,16.0,13.0,0.0,0.0,0.0,15.0,16.0,16.0,14.0,5.0,0.0,0.0,0.0,8.0,16.0,12.0,0.0,0.0,0.0,0.0,0.0,0.0,2.0,12.0,9.0,0.0,0.0,0.0,0.0,0.0,0.0,9.0,13.0,0.0,0.0,0.0,0.0,0.0,2.0,16.0,8.0,0.0,0.0,0.0,0.0,0.0,10.0,12.0,1.0,0.0,0.0,0.0,9
0.0,0.0,1.0,13.0,15.0,8.0,0.0,0.0,0.0,0.0,11.0,14.0,8.0,15.0,0.0,0.0,0.0,2.0,16.0,3.0,0.0,13.0,2.0,0.0,0.0,5.0,15.0,0.0,0.0,10.0,5.0,0.0,0.0,3.0,10.0,0.0,0.0,10.0,5.0,0.0,0.0,3.0,13.0,0.0,1.0,15.0,3.0,0.0,0.0,0.0,12.0,10.0,11.0,11.0,0.0,0.0,0.0,0.0,1.0,12.0,11.0,4.0,0.0,0.0,0
0.0,0.0,2.0,10.0,11.0,1.0,0.0,0.0,0.0,0.0,5.0,14.0,3.0,12.0,0.0,0.0,0.0,0.0,6.0,13.0,3.0,15.0,0.0,0.0,0.0,0.0,8.0,15.0,15.0,9.0,0.0,0.0,0.0,2.0,16.0,11.0,9.0,0.0,0.0,0.0,0.0,2.0,14.0,2.0,10.0,0.0,0.0,0.0,0.0,0.0,7.0,6.0,13.0,0.0,0.0,0.0,0.0,0.0,1.0,15.0,6.0,0.0,0.0,0.0,8
0.0,0.0,1.0,10.0,13.0,12.0,5.0,0.0,0.0,0.0,13.0,13.0,4.0,4.0,12.0,0.0,0.0,3.0,16.0,7.0,4.0,12.0,6.0,0.0,0.0,2.0,15.0,16.0,15.0,5.0,0.0,0.0,0.0,0.0,1.0,9.0,16.0,0.0,0.0,0.0,0.0,0.0,0.0,2.0,15.0,0.0,0.0,0.0,0.0,0.0,0.0,11.0,6.0,0.0,0.0,0.0,0.0,0.0,0.0,15.0,0.0,0.0,0.0,0.0,9
0.0,0.0,1.0,9.0,15.0,10.0,1.0,0.0,0.0,0.0,2.0,12.0,8.0,12.0,4.0,0.0,0.0,0.0,0.0,11.0,1.0,11.0,3.0,0.0,0.0,0.0,0.0,8.0,8.0,15.0,4.0,0.0,0.0,2.0,15.0,16.0,16.0,7.0,0.0,0.0,0.0,2.0,15.0,5.0,11.0,0.0,0.0,0.0,0.0,0.0,14.0,4.0,12.0,0.0,0.0,0.0,0.0,0.0,3.0,14.0,9.0,0.0,0.0,0.0,8
0.0,0.0,8.0,12.0,12.0,1.0,0.0,0.0,0.0,3.0,16.0,16.0,14.0,9.0,0.0,0.0,0.0,6.0,15.0,9.0,3.0,12.0,2.0,0.0,0.0,7.0,9.0,0.0,0.0,9.0,7.0,0.0,0.0,7.0,8.0,0.0,0.0,7.0,8.0,0.0,0.0,5.0,10.0,0.0,0.0,7.0,9.0,0.0,0.0,0.0,14.0,13.0,10.0,16.0,6.0,0.0,0.0,0.0,5.0,13.0,11.0,4.0,0.0,0.0,0
0.0,0.0,4.0,14.0,16.0,14.0,1.0,0.0,0.0,2.0,14.0,16.0,16.0,8.0,0.0,0.0,0.0,4.0,16.0,16.0,14.0,3.0,0.0,0.0,0.0,4.0,16.0,16.0,10.0,0.0,0.0,0.0,0.0,0.0,12.0,13.0,12.0,0.0,0.0,0.0,0.0,1.0,14.0,16.0,15.0,3.0,0.0,0.0,0.0,0.0,10.0,16.0,16.0,12.0,0.0,0.0,0.0,0.0,2.0,9.0,15.0,16.0,8.0,0.0,1
0.0,1.0,12.0,16.0,5.0,0.0,0.0,0.0,0.0,11.0,16.0,16.0,13.0,0.0,0.0,0.0,0.0,7.0,6.0,5.0,14.0,2.0,0.0,0.0,0.0,0.0,0.0,0.0,12.0,3.0,0.0,0.0,0.0,0.0,0.0,4.0,13.0,0.0,0.0,0.0,0.0,0.0,1.0,13.0,5.0,0.0,0.0,0.0,0.0,0.0,10.0,16.0,10.0,8.0,4.0,0.0,0.0,0.0,13.0,15.0,16.0,12.0,7.0,0.0,2
0.0,1.0,6.0,12.0,15.0,5.0,0.0,0.0,0.0,7.0,14.0,14.0,16.0,7.0,0.0,0.0,0.0,0.0,2.0,14.0,10.0,0.0,0.0,0.0,0.0,0.0,11.0,16.0,2.0,0.0,0.0,0.0,0.0,0.0,2.0,11.0,16.0,12.0,0.0,0.0,0.0,0.0,0.0,0.0,4.0,14.0,7.0,0.0,0.0,0.0,2.0,4.0,5.0,14.0,7.0,0.0,0.0,0.0,6.0,16.0,14.0,8.0,0.0,0.0,3
0.0,0.0,0.0,0.0,8.0,10.0,0.0,0.0,0.0,0.0,0.0,0.0,13.0,6.0,0.0,0.0,0.0,0.0,0.0,5.0,13.0,0.0,0.0,0.0,0.0,0.0,2.0,14.0,3.0,10.0,10.0,0.0,0.0,1.0,14.0,15.0,10.0,16.0,6.0,0.0,0.0,14.0,14.0,12.0,15.0,16.0,2.0,0.0,0.0,3.0,0.0,0.0,8.0,14.0,0.0,0.0,0.0,0.0,0.0,0.0,5.0,10.0,0.0,0.0,4
0.0,0.0,9.0,15.0,16.0,15.0,2.0,0.0,0.0,4.0,16.0,5.0,3.0,1.0,0.0,0.0,0.0,4.0,14.0,0.0,0.0,0.0,0.0,0.0,0.0,5.0,14.0,9.0,14.0,15.0,2.0,0.0,0.0,5.0,13.0,9.0,8.0,15.0,8.0,0.0,0.0,0.0,0.0,0.0,0.0,13.0,5.0,0.0,0.0,0.0,0.0,5.0,11.0,14.0,0.0,0.0,0.0,0.0,11.0,12.0,7.0,1.0,0.0,0.0,5
0.0,0.0,1.0,13.0,2.0,0.0,0.0,0.0,0.0,0.0,9.0,14.0,2.0,0.0,0.0,0.0,0.0,3.0,16.0,7.0,0.0,0.0,0.0,0.0,0.0,3.0,16.0,7.0,0.0,0.0,0.0,0.0,0.0,5.0,16.0,16.0,8.0,1.0,0.0,0.0,0.0,3.0,15.0,11.0,14.0,13.0,2.0,0.0,0.0,0.0,10.0,16.0,10.0,16.0,15.0,0.0,0.0,0.0,1.0,10.0,14.0,12.0,7.0,0.0,6
0.0,0.0,7.0,16.0,16.0,15.0,5.0,0.0,0.0,0.0,9.0,12.0,15.0,16.0,7.0,0.0,0.0,0.0,0.0,0.0,9.0,15.0,1.0,0.0,0.0,0.0,7.0,12.0,15.0,15.0,8.0,0.0,0.0,1.0,16.0,16.0,16.0,13.0,5.0,0.0,0.0,0.0,0.0,14.0,10.0,0.0,0.0,0.0,0.0,0.0,5.0,16.0,2.0,0.0,0.0,0.0,0.0,0.0,8.0,14.0,1.0,0.0,0.0,0.0,7
0.0,1.0,11.0,10.0,8.0,1.0,1.0,0.0,0.0,3.0,15.0,11.0,3.0,12.0,6.0,0.0,0.0,0.0,4.0,16.0,16.0,12.0,0.0,0.0,0.0,0.0,0.0,11.0,16.0,5.0,0.0,0.0,0.0,0.0,5.0,13.0,12.0,12.0,0.0,0.0,0.0,0.0,13.0,7.0,1.0,16.0,4.0,0.0,0.0,1.0,15.0,4.0,7.0,14.0,0.0,0.0,0.0,1.0,14.0,14.0,8.0,1.0,0.0,0.0,8
0.0,1.0,8.0,13.0,15.0,5.0,0.0,0.0,0.0,8.0,14.0,7.0,16.0,14.0,0.0,0.0,0.0,10.0,12.0,1.0,10.0,16.0,2.0,0.0,0.0,2.0,12.0,14.0,15.0,16.0,4.0,0.0,0.0,0.0,0.0,4.0,4.0,15.0,8.0,0.0,0.0,0.0,0.0,0.0,0.0,9.0,9.0,0.0,0.0,0.0,9.0,7.0,1.0,10.0,12.0,0.0,0.0,0.0,6.0,13.0,16.0,15.0,6.0,0.0,9
0.0,0.0,4.0,15.0,8.0,0.0,0.0,0.0,0.0,0.0,15.0,14.0,15.0,5.0,0.0,0.0,0.0,8.0,16.0,5.0,3.0,14.0,0.0,0.0,0.0,5.0,11.0,0.0,0.0,10.0,5.0,0.0,0.0,5.0,9.0,0.0,0.0,8.0,8.0,0.0,0.0,0.0,14.0,0.0,0.0,10.0,8.0,0.0,0.0,0.0,14.0,13.0,13.0,16.0,1.0,0.0,0.0,0.0,2.0,14.0,14.0,7.0,0.0,0.0,0
0.0,0.0,0.0,8.0,12.0,9.0,2.0,0.0,0.0,0.0,5.0,16.0,16.0,16.0,4.0,0.0,0.0,0.0,9.0,16.0,16.0,11.0,0.0,0.0,0.0,3.0,16.0,16.0,16.0,5.0,0.0,0.0,0.0,4.0,16.0,16.0,16.0,4.0,0.0,0.0,0.0,1.0,15.0,16.0,16.0,3.0,0.0,0.0,0.0,0.0,8.0,16.0,16.0,9.0,0.0,0.0,0.0,0.0,0.0,9.0,12.0,6.0,0.0,0.0,1
0.0,0.0,8.0,16.0,8.0,0.0,0.0,0.0,0.0,0.0,10.0,16.0,16.0,3.0,0.0,0.0,0.0,0.0,2.0,4.0,14.0,4.0,0.0,0.0,0.0,0.0,0.0,8.0,14.0,0.0,0.0,0.0,0.0,0.0,5.0,16.0,8.0,0.0,0.0,0.0,0.0,2.0,15.0,14.0,7.0,6.0,3.0,0.0,0.0,5.0,16.0,15.0,16.0,15.0,3.0,0.0,0.0,0.0,10.0,13.0,8.0,2.0,0.0,0.0,2
0.0,1.0,8.0,13.0,16.0,13.0,0.0,0.0,0.0,1.0,13.0,12.0,15.0,16.0,0.0,0.0,0.0,0.0,0.0,5.0,15.0,8.0,0.0,0.0,0.0,0.0,5.0,15.0,5.0,0.0,0.0,0.0,0.0,0.0,6.0,16.0,11.0,1.0,0.0,0.0,0.0,0.0,2.0,13.0,16.0,11.0,0.0,0.0,0.0,0.0,0.0,2.0,14.0,16.0,4.0,0.0,0.0,0.0,13.0,16.0,15.0,7.0,0.0,0.0,3
0.0,0.0,0.0,6.0,12.0,0.0,0.0,0.0,0.0,0.0,2.0,15.0,5.0,0.0,0.0,0.0,0.0,0.0,12.0,8.0,0.0,2.0,6.0,0.0,0.0,4.0,15.0,0.0,1.0,13.0,8.0,0.0,0.0,6.0,16.0,2.0,6.0,14.0,1.0,0.0,0.0,8.0,16.0,16.0,16.0,6.0,0.0,0.0,0.0,1.0,5.0,8.0,16.0,1.0,0.0,0.0,0.0,0.0,0.0,3.0,11.0,0.0,0.0,0.0,4
0.0,0.0,8.0,14.0,16.0,16.0,0.0,0.0,0.0,0.0,14.0,13.0,8.0,8.0,0.0,0.0,0.0,2.0,16.0,6.0,0.0,0.0,0.0,0.0,0.0,6.0,16.0,13.0,16.0,13.0,0.0,0.0,0.0,3.0,16.0,16.0,12.0,16.0,7.0,0.0,0.0,0.0,4.0,1.0,2.0,14.0,6.0,0.0,0.0,0.0,1.0,6.0,16.0,11.0,0.0,0.0,0.0,0.0,11.0,15.0,8.0,1.0,0.0,0.0,5
0.0,0.0,2.0,15.0,6.0,0.0,0.0,0.0,0.0,0.0,11.0,16.0,4.0,0.0,0.0,0.0,0.0,3.0,16.0,7.0,0.0,0.0,0.0,0.0,0.0,4.0,16.0,6.0,4.0,1.0,0.0,0.0,0.0,6.0,16.0,16.0,14.0,16.0,3.0,0.0,0.0,2.0,14.0,9.0,0.0,11.0,9.0,0.0,0.0,0.0,10.0,14.0,8.0,15.0,5.0,0.0,0.0,0.0,3.0,13.0,16.0,8.0,0.0,0.0,6
0.0,0.0,4.0,16.0,16.0,16.0,3.0,0.0,0.0,0.0,7.0,12.0,13.0,16.0,8.0,0.0,0.0,0.0,0.0,0.0,1.0,16.0,5.0,0.0,0.0,1.0,4.0,4.0,7.0,16.0,1.0,0.0,0.0,10.0,16.0,16.0,16.0,16.0,9.0,0.0,0.0,5.0,11.0,13.0,16.0,10.0,2.0,0.0,0.0,0.0,0.0,11.0,13.0,0.0,0.0,0.0,0.0,0.0,5.0,13.0,3.0,0.0,0.0,0.0,7
0.0,2.0,12.0,14.0,3.0,0.0,0.0,0.0,0.0,7.0,16.0,1.0,0.0,4.0,1.0,0.0,0.0,0.0,13.0,16.0,16.0,15.0,1.0,0.0,0.0,0.0,7.0,16.0,14.0,1.0,0.0,0.0,0.0,0.0,15.0,14.0,16.0,0.0,0.0,0.0,0.0,2.0,16.0,1.0,15.0,7.0,0.0,0.0,0.0,5.0,16.0,6.0,15.0,7.0,0.0,0.0,0.0,1.0,16.0,14.0,9.0,0.0,0.0,0.0,8
0.0,0.0,8.0,14.0,12.0,3.0,0.0,0.0,0.0,6.0,16.0,6.0,14.0,14.0,0.0,0.0,0.0,6.0,13.0,0.0,8.0,14.0,0.0,0.0,0.0,2.0,14.0,14.0,14.0,16.0,3.0,0.0,0.0,0.0,2.0,4.0,6.0,16.0,5.0,0.0,0.0,0.0,0.0,0.0,0.0,16.0,5.0,0.0,0.0,0.0,0.0,0.0,5.0,16.0,3.0,0.0,0.0,0.0,7.0,16.0,16.0,8.0,0.0,0.0,9
0.0,0.0,7.0,12.0,1.0,0.0,0.0,0.0,0.0,0.0,15.0,16.0,15.0,4.0,0.0,0.0,0.0,2.0,16.0,9.0,10.0,11.0,0.0,0.0,0.0,6.0,12.0,0.0,0.0,12.0,3.0,0.0,0.0,8.0,12.0,0.0,0.0,6.0,8.0,0.0,0.0,6.0,13.0,0.0,0.0,9.0,8.0,0.0,0.0,1.0,16.0,13.0,15.0,16.0,3.0,0.0,0.0,0.0,6.0,15.0,9.0,3.0,0.0,0.0,0
0.0,0.0,6.0,12.0,11.0,0.0,0.0,0.0,0.0,0.0,12.0,16.0,15.0,0.0,0.0,0.0,0.0,0.0,13.0,16.0,14.0,2.0,0.0,0.0,0.0,1.0,15.0,16.0,11.0,2.0,0.0,0.0,0.0,0.0,9.0,16.0,10.0,0.0,0.0,0.0,0.0,0.0,9.0,16.0,14.0,5.0,0.0,0.0,0.0,0.0,10.0,16.0,16.0,14.0,0.0,0.0,0.0,0.0,4.0,11.0,12.0,8.0,0.0,0.0,1
0.0,0.0,10.0,13.0,8.0,1.0,0.0,0.0,0.0,0.0,16.0,16.0,16.0,8.0,0.0,0.0,0.0,0.0,6.0,1.0,11.0,9.0,0.0,0.0,0.0,0.0,0.0,0.0,13.0,8.0,0.0,0.0,0.0,0.0,0.0,5.0,15.0,4.0,0.0,0.0,0.0,0.0,8.0,16.0,10.0,0.0,0.0,0.0,0.0,8.0,16.0,16.0,16.0,15.0,4.0,0.0,0.0,2.0,10.0,11.0,7.0,2.0,0.0,0.0,2
0.0,4.0,13.0,16.0,16.0,7.0,0.0,0.0,0.0,8.0,12.0,16.0,16.0,13.0,0.0,0.0,0.0,0.0,9.0,16.0,16.0,3.0,0.0,0.0,0.0,0.0,15.0,16.0,6.0,0.0,0.0,0.0,0.0,0.0,10.0,11.0,9.0,2.0,0.0,0.0,0.0,0.0,1.0,7.0,15.0,13.0,2.0,0.0,0.0,0.0,3.0,4.0,7.0,16.0,10.0,0.0,0.0,2.0,11.0,15.0,11.0,8.0,2.0,0.0,3
0.0,0.0,0.0,2.0,14.0,2.0,0.0,0.0,0.0,0.0,0.0,14.0,8.0,0.0,0.0,0.0,0.0,0.0,10.0,9.0,0.0,4.0,4.0,0.0,0.0,4.0,14.0,1.0,1.0,15.0,8.0,0.0,0.0,4.0,16.0,5.0,11.0,16.0,2.0,0.0,0.0,6.0,16.0,16.0,16.0,11.0,0.0,0.0,0.0,0.0,4.0,0.0,12.0,6.0,0.0,0.0,0.0,0.0,0.0,1.0,13.0,1.0,0.0,0.0,4
0.0,0.0,3.0,10.0,15.0,8.0,0.0,0.0,0.0,0.0,12.0,14.0,8.0,1.0,0.0,0.0,0.0,1.0,16.0,3.0,0.0,0.0,0.0,0.0,0.0,2.0,16.0,9.0,11.0,16.0,3.0,0.0,0.0,4.0,16.0,14.0,9.0,15.0,7.0,0.0,0.0,1.0,4.0,0.0,0.0,15.0,3.0,0.0,0.0,0.0,0.0,3.0,12.0,8.0,0.0,0.0,0.0,0.0,2.0,10.0,8.0,0.0,0.0,0.0,5
0.0,0.0,1.0,12.0,6.0,0.0,0.0,0.0,0.0,0.0,12.0,15.0,0.0,0.0,0.0,0.0,0.0,4.0,16.0,10.0,0.0,0.0,0.0,0.0,0.0,7.0,16.0,10.0,1.0,0.0,0.0,0.0,0.0,8.0,16.0,16.0,15.0,7.0,0.0,0.0,0.0,6.0,16.0,9.0,9.0,16.0,3.0,0.0,0.0,0.0,8.0,16.0,13.0,15.0,11.0,0.0,0.0,0.0,1.0,10.0,15.0,14.0,4.0,0.0,6
0.0,0.0,5.0,14.0,16.0,16.0,3.0,0.0,0.0,0.0,7.0,16.0,16.0,16.0,5.0,0.0,0.0,0.0,0.0,0.0,8.0,16.0,0.0,0.0,0.0,0.0,9.0,14.0,16.0,16.0,13.0,0.0,0.0,2.0,16.0,16.0,15.0,7.0,1.0,0.0,0.0,0.0,1.0,14.0,10.0,0.0,0.0,0.0,0.0,0.0,3.0,16.0,5.0,0.0,0.0,0.0,0.0,0.0,7.0,13.0,0.0,0.0,0.0,0.0,7
0.0,0.0,15.0,13.0,0.0,3.0,3.0,0.0,0.0,0.0,15.0,15.0,8.0,15.0,5.0,0.0,0.0,0.0,8.0,16.0,16.0,7.0,0.0,0.0,0.0,0.0,7.0,16.0,16.0,1.0,0.0,0.0,0.0,0.0,12.0,12.0,15.0,10.0,0.0,0.0,0.0,3.0,16.0,0.0,10.0,15.0,1.0,0.0,0.0,2.0,16.0,5.0,7.0,15.0,3.0,0.0,0.0,1.0,12.0,16.0,15.0,7.0,0.0,0.0,8
0.0,0.0,4.0,13.0,13.0,4.0,0.0,0.0,0.0,0.0,16.0,10.0,10.0,8.0,0.0,0.0,0.0,0.0,14.0,7.0,6.0,11.0,0.0,0.0,0.0,0.0,6.0,15.0,15.0,16.0,2.0,0.0,0.0,0.0,0.0,0.0,0.0,11.0,5.0,0.0,0.0,0.0,0.0,0.0,0.0,7.0,9.0,0.0,0.0,1.0,4.0,4.0,6.0,12.0,10.0,0.0,0.0,1.0,6.0,11.0,15.0,12.0,1.0,0.0,9
0.0,0.0,7.0,12.0,13.0,2.0,0.0,0.0,0.0,0.0,14.0,13.0,8.0,13.0,0.0,0.0,0.0,3.0,16.0,1.0,0.0,11.0,2.0,0.0,0.0,4.0,14.0,0.0,0.0,5.0,8.0,0.0,0.0,5.0,8.0,0.0,0.0,5.0,8.0,0.0,0.0,4.0,16.0,0.0,2.0,14.0,7.0,0.0,0.0,2.0,16.0,10.0,14.0,15.0,1.0,0.0,0.0,0.0,6.0,14.0,14.0,4.0,0.0,0.0,0
0.0,0.0,5.0,14.0,11.0,3.0,0.0,0.0,0.0,1.0,15.0,8.0,13.0,10.0,0.0,0.0,0.0,1.0,15.0,9.0,9.0,15.0,2.0,0.0,0.0,0.0,10.0,16.0,16.0,16.0,3.0,0.0,0.0,0.0,0.0,0.0,1.0,16.0,4.0,0.0,0.0,0.0,0.0,0.0,0.0,15.0,4.0,0.0,0.0,0.0,7.0,5.0,9.0,16.0,0.0,0.0,0.0,0.0,6.0,12.0,13.0,9.0,0.0,0.0,9
0.0,0.0,15.0,16.0,12.0,5.0,0.0,0.0,0.0,1.0,16.0,15.0,11.0,7.0,0.0,0.0,0.0,4.0,16.0,9.0,0.0,0.0,0.0,0.0,0.0,8.0,16.0,14.0,12.0,7.0,0.0,0.0,0.0,7.0,16.0,14.0,10.0,16.0,3.0,0.0,0.0,0.0,1.0,0.0,10.0,16.0,4.0,0.0,0.0,0.0,1.0,10.0,16.0,10.0,0.0,0.0,0.0,0.0,13.0,15.0,5.0,0.0,0.0,0.0,5
0.0,0.0,4.0,9.0,12.0,16.0,8.0,0.0,0.0,0.0,15.0,15.0,8.0,8.0,2.0,0.0,0.0,4.0,16.0,11.0,4.0,1.0,0.0,0.0,0.0,8.0,16.0,16.0,16.0,14.0,0.0,0.0,0.0,0.0,11.0,9.0,8.0,16.0,0.0,0.0,0.0,0.0,0.0,0.0,7.0,16.0,0.0,0.0,0.0,0.0,0.0,8.0,16.0,12.0,0.0,0.0,0.0,0.0,3.0,13.0,9.0,1.0,0.0,0.0,5
0.0,0.0,4.0,14.0,5.0,0.0,0.0,0.0,0.0,0.0,13.0,14.0,0.0,0.0,0.0,0.0,0.0,2.0,16.0,10.0,0.0,0.0,0.0,0.0,0.0,4.0,16.0,7.0,0.0,0.0,0.0,0.0,0.0,6.0,16.0,16.0,15.0,4.0,0.0,0.0,0.0,4.0,16.0,9.0,4.0,16.0,2.0,0.0,0.0,1.0,15.0,13.0,6.0,16.0,11.0,0.0,0.0,0.0,4.0,13.0,16.0,15.0,5.0,0.0,6
0.0,0.0,7.0,11.0,13.0,8.0,1.0,0.0,0.0,1.0,15.0,9.0,8.0,6.0,0.0,0.0,0.0,10.0,16.0,0.0,0.0,0.0,0.0,0.0,0.0,8.0,16.0,16.0,16.0,9.0,0.0,0.0,0.0,0.0,6.0,5.0,10.0,13.0,0.0,0.0,0.0,0.0,0.0,1.0,14.0,16.0,0.0,0.0,0.0,0.0,6.0,14.0,14.0,4.0,0.0,0.0,0.0,1.0,10.0,14.0,2.0,0.0,0.0,0.0,5
0.0,0.0,4.0,14.0,11.0,3.0,0.0,0.0,0.0,0.0,10.0,16.0,12.0,14.0,1.0,0.0,0.0,1.0,14.0,12.0,0.0,13.0,3.0,0.0,0.0,5.0,16.0,6.0,0.0,8.0,6.0,0.0,0.0,8.0,16.0,0.0,0.0,9.0,8.0,0.0,0.0,7.0,16.0,3.0,7.0,16.0,5.0,0.0,0.0,3.0,15.0,13.0,16.0,15.0,2.0,0.0,0.0,0.0,4.0,15.0,12.0,2.0,0.0,0.0,0
0.0,0.0,12.0,16.0,14.0,8.0,0.0,0.0,0.0,7.0,16.0,10.0,14.0,16.0,0.0,0.0,0.0,4.0,16.0,11.0,14.0,16.0,4.0,0.0,0.0,0.0,5.0,14.0,16.0,16.0,8.0,0.0,0.0,0.0,0.0,0.0,0.0,16.0,8.0,0.0,0.0,0.0,0.0,0.0,4.0,16.0,6.0,0.0,0.0,2.0,12.0,9.0,16.0,15.0,1.0,0.0,0.0,1.0,9.0,16.0,14.0,3.0,0.0,0.0,9
0.0,0.0,7.0,14.0,11.0,0.0,0.0,0.0,0.0,1.0,16.0,13.0,2.0,2.0,1.0,0.0,0.0,3.0,16.0,9.0,4.0,13.0,4.0,0.0,0.0,0.0,7.0,16.0,16.0,14.0,0.0,0.0,0.0,0.0,11.0,16.0,16.0,9.0,0.0,0.0,0.0,0.0,16.0,9.0,10.0,15.0,0.0,0.0,0.0,1.0,16.0,2.0,5.0,16.0,4.0,0.0,0.0,0.0,7.0,15.0,16.0,16.0,3.0,0.0,8
0.0,0.0,9.0,16.0,14.0,6.0,0.0,0.0,0.0,6.0,16.0,5.0,10.0,16.0,0.0,0.0,0.0,2.0,15.0,7.0,10.0,16.0,3.0,0.0,0.0,0.0,4.0,8.0,12.0,16.0,4.0,0.0,0.0,0.0,0.0,0.0,0.0,16.0,7.0,0.0,0.0,0.0,0.0,0.0,1.0,16.0,8.0,0.0,0.0,0.0,3.0,0.0,8.0,16.0,1.0,0.0,0.0,0.0,10.0,16.0,13.0,4.0,0.0,0.0,9
0.0,1.0,15.0,14.0,2.0,0.0,0.0,0.0,0.0,6.0,14.0,0.0,0.0,3.0,2.0,0.0,0.0,2.0,16.0,3.0,2.0,13.0,3.0,0.0,0.0,0.0,11.0,14.0,15.0,9.0,0.0,0.0,0.0,0.0,7.0,16.0,11.0,0.0,0.0,0.0,0.0,0.0,15.0,13.0,14.0,0.0,0.0,0.0,0.0,2.0,15.0,4.0,16.0,3.0,0.0,0.0,0.0,1.0,15.0,16.0,12.0,1.0,0.0,0.0,8
0.0,0.0,0.0,5.0,12.0,0.0,2.0,1.0,0.0,0.0,1.0,14.0,4.0,1.0,14.0,8.0,0.0,0.0,10.0,8.0,0.0,9.0,15.0,1.0,0.0,1.0,15.0,1.0,2.0,15.0,8.0,0.0,0.0,5.0,16.0,6.0,11.0,16.0,2.0,0.0,0.0,5.0,16.0,16.0,16.0,10.0,0.0,0.0,0.0,0.0,1.0,0.0,15.0,2.0,0.0,0.0,0.0,0.0,0.0,5.0,11.0,0.0,0.0,0.0,4
0.0,0.0,3.0,14.0,15.0,9.0,0.0,0.0,0.0,0.0,10.0,16.0,16.0,13.0,0.0,0.0,0.0,2.0,13.0,16.0,16.0,4.0,0.0,0.0,0.0,0.0,12.0,16.0,16.0,4.0,0.0,0.0,0.0,2.0,13.0,16.0,16.0,4.0,0.0,0.0,0.0,0.0,12.0,16.0,16.0,4.0,0.0,0.0,0.0,0.0,6.0,16.0,16.0,16.0,6.0,0.0,0.0,0.0,2.0,10.0,16.0,16.0,2.0,0.0,1
0.0,0.0,3.0,12.0,16.0,16.0,15.0,0.0,0.0,0.0,9.0,10.0,7.0,12.0,14.0,0.0,0.0,0.0,0.0,0.0,2.0,15.0,6.0,0.0,0.0,0.0,0.0,0.0,11.0,13.0,0.0,0.0,0.0,1.0,9.0,9.0,16.0,11.0,1.0,0.0,0.0,13.0,16.0,16.0,16.0,16.0,4.0,0.0,0.0,0.0,1.0,16.0,7.0,0.0,0.0,0.0,0.0,0.0,6.0,16.0,2.0,0.0,0.0,0.0,7
0.0,0.0,1.0,11.0,16.0,16.0,8.0,0.0,0.0,0.0,5.0,11.0,9.0,16.0,11.0,0.0,0.0,0.0,0.0,0.0,2.0,16.0,6.0,0.0,0.0,0.0,6.0,9.0,12.0,16.0,9.0,0.0,0.0,1.0,16.0,16.0,16.0,14.0,3.0,0.0,0.0,0.0,3.0,5.0,16.0,7.0,0.0,0.0,0.0,0.0,0.0,8.0,14.0,0.0,0.0,0.0,0.0,0.0,1.0,16.0,5.0,0.0,0.0,0.0,7
0.0,0.0,8.0,14.0,16.0,16.0,15.0,1.0,0.0,0.0,6.0,6.0,5.0,12.0,12.0,1.0,0.0,0.0,0.0,2.0,11.0,12.0,3.0,0.0,0.0,0.0,5.0,14.0,9.0,0.0,0.0,0.0,0.0,0.0,9.0,16.0,9.0,0.0,0.0,0.0,0.0,0.0,1.0,11.0,16.0,7.0,0.0,0.0,0.0,0.0,2.0,7.0,16.0,7.0,0.0,0.0,0.0,0.0,9.0,13.0,5.0,0.0,0.0,0.0,3
0.0,0.0,8.0,12.0,15.0,16.0,5.0,0.0,0.0,0.0,10.0,11.0,2.0,3.0,0.0,0.0,0.0,0.0,13.0,5.0,0.0,0.0,0.0,0.0,0.0,2.0,16.0,10.0,12.0,11.0,1.0,0.0,0.0,1.0,16.0,13.0,8.0,14.0,7.0,0.0,0.0,0.0,1.0,0.0,0.0,13.0,3.0,0.0,0.0,0.0,1.0,6.0,12.0,10.0,0.0,0.0,0.0,0.0,10.0,10.0,7.0,0.0,0.0,0.0,5
0.0,0.0,1.0,7.0,10.0,3.0,0.0,0.0,0.0,0.0,8.0,16.0,16.0,12.0,0.0,0.0,0.0,0.0,8.0,16.0,16.0,12.0,0.0,0.0,0.0,0.0,10.0,16.0,16.0,5.0,0.0,0.0,0.0,0.0,7.0,16.0,16.0,1.0,0.0,0.0,0.0,0.0,14.0,16.0,15.0,1.0,0.0,0.0,0.0,0.0,12.0,16.0,16.0,1.0,0.0,0.0,0.0,0.0,1.0,9.0,12.0,9.0,0.0,0.0,1
0.0,0.0,10.0,12.0,14.0,1.0,0.0,0.0,0.0,0.0,16.0,16.0,16.0,12.0,0.0,0.0,0.0,5.0,16.0,8.0,3.0,16.0,0.0,0.0,0.0,8.0,13.0,0.0,0.0,8.0,7.0,0.0,0.0,8.0,12.0,0.0,0.0,6.0,8.0,0.0,0.0,8.0,13.0,0.0,4.0,12.0,8.0,0.0,0.0,7.0,16.0,16.0,16.0,13.0,0.0,0.0,0.0,0.0,11.0,14.0,8.0,1.0,0.0,0.0,0
0.0,0.0,5.0,12.0,1.0,6.0,0.0,0.0,0.0,0.0,11.0,12.0,0.0,16.0,2.0,0.0,0.0,0.0,16.0,5.0,0.0,12.0,4.0,0.0,0.0,3.0,15.0,0.0,0.0,8.0,4.0,0.0,0.0,7.0,12.0,0.0,0.0,4.0,7.0,0.0,0.0,2.0,15.0,1.0,1.0,12.0,5.0,0.0,0.0,0.0,16.0,11.0,12.0,15.0,3.0,0.0,0.0,0.0,4.0,12.0,12.0,3.0,0.0,0.0,0
0.0,0.0,13.0,9.0,0.0,0.0,0.0,0.0,0.0,8.0,16.0,15.0,0.0,0.0,0.0,0.0,0.0,9.0,9.0,13.0,2.0,0.0,0.0,0.0,0.0,0.0,0.0,11.0,3.0,0.0,0.0,0.0,0.0,0.0,1.0,13.0,0.0,0.0,0.0,0.0,0.0,0.0,4.0,13.0,0.0,0.0,0.0,0.0,0.0,1.0,13.0,15.0,8.0,12.0,11.0,0.0,0.0,0.0,12.0,16.0,16.0,12.0,2.0,0.0,2
0.0,5.0,15.0,16.0,6.0,0.0,0.0,0.0,0.0,11.0,16.0,16.0,11.0,0.0,0.0,0.0,0.0,6.0,10.0,11.0,14.0,0.0,0.0,0.0,0.0,0.0,0.0,7.0,15.0,0.0,0.0,0.0,0.0,0.0,0.0,11.0,11.0,0.0,0.0,0.0,0.0,0.0,3.0,16.0,6.0,0.0,0.0,0.0,0.0,0.0,13.0,16.0,15.0,12.0,11.0,0.0,0.0,6.0,16.0,16.0,16.0,13.0,3.0,0.0,2
0.0,0.0,7.0,14.0,16.0,8.0,0.0,0.0,0.0,0.0,14.0,14.0,16.0,14.0,0.0,0.0,0.0,0.0,0.0,0.0,10.0,12.0,0.0,0.0,0.0,0.0,4.0,4.0,14.0,9.0,2.0,0.0,0.0,7.0,16.0,16.0,16.0,16.0,7.0,0.0,0.0,6.0,12.0,16.0,11.0,1.0,0.0,0.0,0.0,0.0,2.0,16.0,3.0,0.0,0.0,0.0,0.0,0.0,6.0,13.0,0.0,0.0,0.0,0.0,7
0.0,0.0,6.0,14.0,9.0,5.0,2.0,0.0,0.0,7.0,15.0,6.0,2.0,12.0,8.0,0.0,0.0,5.0,15.0,2.0,8.0,15.0,1.0,0.0,0.0,1.0,12.0,14.0,16.0,4.0,0.0,0.0,0.0,0.0,1.0,16.0,11.0,0.0,0.0,0.0,0.0,0.0,4.0,10.0,16.0,3.0,0.0,0.0,0.0,0.0,9.0,2.0,13.0,8.0,0.0,0.0,0.0,0.0,5.0,14.0,11.0,3.0,0.0,0.0,8
0.0,4.0,15.0,11.0,1.0,0.0,0.0,0.0,0.0,8.0,16.0,16.0,4.0,0.0,0.0,0.0,0.0,2.0,6.0,13.0,8.0,0.0,0.0,0.0,0.0,0.0,0.0,8.0,5.0,0.0,0.0,0.0,0.0,0.0,0.0,11.0,4.0,0.0,0.0,0.0,0.0,0.0,5.0,16.0,0.0,0.0,0.0,0.0,0.0,2.0,13.0,16.0,13.0,12.0,6.0,0.0,0.0,5.0,16.0,15.0,16.0,12.0,3.0,0.0,2
0.0,0.0,9.0,13.0,8.0,0.0,0.0,0.0,0.0,0.0,13.0,16.0,16.0,12.0,0.0,0.0,0.0,2.0,16.0,7.0,6.0,15.0,3.0,0.0,0.0,8.0,14.0,0.0,0.0,8.0,3.0,0.0,0.0,5.0,14.0,0.0,0.0,8.0,8.0,0.0,0.0,2.0,16.0,13.0,11.0,14.0,4.0,0.0,0.0,3.0,16.0,15.0,16.0,6.0,0.0,0.0,0.0,0.0,6.0,14.0,8.0,0.0,0.0,0.0,0
0.0,0.0,5.0,11.0,12.0,5.0,0.0,0.0,0.0,0.0,12.0,6.0,2.0,3.0,0.0,0.0,0.0,0.0,9.0,16.0,16.0,4.0,0.0,0.0,0.0,0.0,12.0,16.0,16.0,4.0,0.0,0.0,0.0,0.0,12.0,16.0,16.0,4.0,0.0,0.0,0.0,0.0,12.0,16.0,16.0,4.0,0.0,0.0,0.0,0.0,12.0,16.0,16.0,8.0,0.0,0.0,0.0,0.0,6.0,12.0,11.0,7.0,0.0,0.0,1
0.0,2.0,16.0,10.0,0.0,0.0,0.0,0.0,0.0,7.0,16.0,16.0,3.0,0.0,0.0,0.0,0.0,3.0,10.0,12.0,8.0,0.0,0.0,0.0,0.0,0.0,0.0,7.0,10.0,0.0,0.0,0.0,0.0,0.0,0.0,10.0,12.0,0.0,0.0,0.0,0.0,0.0,8.0,15.0,15.0,12.0,5.0,0.0,0.0,2.0,16.0,16.0,16.0,16.0,15.0,2.0,0.0,2.0,15.0,14.0,12.0,12.0,7.0,0.0,2
0.0,0.0,1.0,13.0,9.0,0.0,0.0,0.0,0.0,0.0,8.0,16.0,4.0,0.0,0.0,0.0,0.0,0.0,16.0,11.0,0.0,0.0,0.0,0.0,0.0,2.0,16.0,10.0,2.0,0.0,0.0,0.0,0.0,7.0,16.0,16.0,16.0,10.0,1.0,0.0,0.0,4.0,16.0,6.0,2.0,14.0,7.0,0.0,0.0,0.0,11.0,15.0,12.0,15.0,8.0,0.0,0.0,0.0,2.0,14.0,15.0,6.0,0.0,0.0,6
0.0,0.0,5.0,13.0,16.0,10.0,1.0,0.0,0.0,7.0,16.0,16.0,16.0,16.0,7.0,0.0,0.0,0.0,5.0,2.0,11.0,14.0,5.0,0.0,0.0,0.0,0.0,10.0,15.0,6.0,0.0,0.0,0.0,0.0,9.0,16.0,13.0,2.0,0.0,0.0,0.0,0.0,4.0,11.0,15.0,14.0,0.0,0.0,0.0,0.0,2.0,2.0,13.0,16.0,1.0,0.0,0.0,0.0,5.0,14.0,15.0,9.0,0.0,0.0,3
0.0,0.0,6.0,11.0,16.0,13.0,5.0,0.0,0.0,2.0,16.0,16.0,16.0,16.0,12.0,0.0,0.0,0.0,0.0,0.0,5.0,16.0,4.0,0.0,0.0,0.0,0.0,10.0,15.0,5.0,0.0,0.0,0.0,0.0,9.0,16.0,3.0,0.0,0.0,0.0,0.0,0.0,13.0,16.0,13.0,1.0,0.0,0.0,0.0,0.0,0.0,5.0,16.0,14.0,0.0,0.0,0.0,0.0,5.0,14.0,11.0,6.0,0.0,0.0,3
0.0,0.0,2.0,14.0,16.0,8.0,0.0,0.0,0.0,0.0,4.0,12.0,16.0,11.0,0.0,0.0,0.0,0.0,0.0,0.0,16.0,12.0,0.0,0.0,0.0,0.0,0.0,3.0,16.0,9.0,0.0,0.0,0.0,2.0,5.0,10.0,16.0,12.0,2.0,0.0,0.0,16.0,16.0,16.0,16.0,14.0,3.0,0.0,0.0,4.0,4.0,14.0,12.0,0.0,0.0,0.0,0.0,0.0,2.0,16.0,7.0,0.0,0.0,0.0,7
0.0,0.0,4.0,12.0,13.0,1.0,0.0,0.0,0.0,0.0,4.0,16.0,16.0,5.0,0.0,0.0,0.0,0.0,9.0,16.0,10.0,0.0,0.0,0.0,0.0,8.0,16.0,16.0,11.0,4.0,0.0,0.0,0.0,0.0,4.0,8.0,16.0,16.0,7.0,0.0,0.0,0.0,0.0,0.0,2.0,14.0,14.0,0.0,0.0,0.0,0.0,4.0,15.0,16.0,11.0,0.0,0.0,0.0,5.0,16.0,14.0,8.0,0.0,0.0,3
0.0,1.0,9.0,16.0,16.0,12.0,1.0,0.0,0.0,0.0,7.0,8.0,10.0,16.0,9.0,0.0,0.0,0.0,0.0,0.0,9.0,16.0,4.0,0.0,0.0,0.0,5.0,13.0,13.0,3.0,0.0,0.0,0.0,0.0,13.0,16.0,8.0,0.0,0.0,0.0,0.0,0.0,0.0,11.0,16.0,8.0,0.0,0.0,0.0,0.0,3.0,5.0,14.0,15.0,0.0,0.0,0.0,0.0,10.0,16.0,11.0,4.0,0.0,0.0,3
0.0,0.0,0.0,2.0,14.0,0.0,0.0,0.0,0.0,0.0,0.0,12.0,9.0,0.0,0.0,0.0,0.0,0.0,8.0,12.0,0.0,0.0,13.0,5.0,0.0,0.0,13.0,8.0,0.0,9.0,14.0,0.0,0.0,4.0,16.0,16.0,12.0,16.0,4.0,0.0,0.0,4.0,12.0,12.0,15.0,12.0,0.0,0.0,0.0,0.0,0.0,1.0,15.0,4.0,0.0,0.0,0.0,0.0,0.0,4.0,10.0,0.0,0.0,0.0,4
0.0,0.0,4.0,16.0,6.0,0.0,0.0,0.0,0.0,0.0,7.0,16.0,5.0,0.0,0.0,0.0,0.0,0.0,12.0,12.0,1.0,0.0,0.0,0.0,0.0,0.0,16.0,8.0,0.0,0.0,0.0,0.0,0.0,4.0,16.0,11.0,2.0,0.0,0.0,0.0,0.0,5.0,16.0,16.0,16.0,13.0,1.0,0.0,0.0,2.0,16.0,14.0,15.0,16.0,5.0,0.0,0.0,0.0,5.0,15.0,14.0,7.0,0.0,0.0,6
0.0,0.0,5.0,16.0,5.0,0.0,0.0,0.0,0.0,0.0,12.0,14.0,1.0,0.0,0.0,0.0,0.0,0.0,15.0,10.0,0.0,0.0,0.0,0.0,0.0,3.0,16.0,9.0,1.0,0.0,0.0,0.0,0.0,7.0,16.0,16.0,16.0,9.0,0.0,0.0,0.0,1.0,16.0,10.0,8.0,16.0,6.0,0.0,0.0,0.0,12.0,14.0,5.0,9.0,13.0,0.0,0.0,0.0,4.0,15.0,15.0,12.0,3.0,0.0,6
0.0,0.0,3.0,14.0,1.0,0.0,0.0,0.0,0.0,0.0,12.0,12.0,0.0,0.0,0.0,0.0,0.0,3.0,16.0,6.0,0.0,0.0,0.0,0.0,0.0,5.0,16.0,2.0,0.0,0.0,0.0,0.0,0.0,6.0,16.0,2.0,5.0,2.0,0.0,0.0,0.0,4.0,16.0,2.0,12.0,15.0,2.0,0.0,0.0,1.0,14.0,13.0,2.0,13.0,11.0,0.0,0.0,0.0,3.0,11.0,16.0,13.0,4.0,0.0,6
0.0,0.0,0.0,1.0,15.0,2.0,0.0,0.0,0.0,0.0,0.0,6.0,14.0,0.0,0.0,0.0,0.0,0.0,0.0,11.0,9.0,0.0,6.0,0.0,0.0,0.0,6.0,15.0,1.0,11.0,15.0,0.0,0.0,5.0,16.0,14.0,10.0,16.0,8.0,0.0,1.0,15.0,16.0,16.0,16.0,16.0,3.0,0.0,0.0,3.0,7.0,5.0,13.0,11.0,0.0,0.0,0.0,0.0,0.0,0.0,15.0,3.0,0.0,0.0,4
0.0,0.0,10.0,16.0,9.0,1.0,0.0,0.0,0.0,7.0,16.0,9.0,14.0,11.0,0.0,0.0,0.0,8.0,14.0,1.0,7.0,14.0,2.0,0.0,0.0,2.0,14.0,14.0,14.0,15.0,3.0,0.0,0.0,0.0,2.0,4.0,4.0,16.0,4.0,0.0,0.0,0.0,3.0,0.0,0.0,13.0,9.0,0.0,0.0,2.0,15.0,8.0,8.0,14.0,8.0,0.0,0.0,0.0,8.0,15.0,13.0,10.0,0.0,0.0,9
0.0,0.0,11.0,15.0,12.0,1.0,0.0,0.0,0.0,0.0,7.0,16.0,16.0,7.0,0.0,0.0,0.0,0.0,12.0,16.0,16.0,16.0,1.0,0.0,0.0,0.0,13.0,16.0,16.0,13.0,2.0,0.0,0.0,0.0,14.0,16.0,16.0,4.0,0.0,0.0,0.0,2.0,16.0,16.0,14.0,0.0,0.0,0.0,0.0,0.0,14.0,16.0,14.0,0.0,0.0,0.0,0.0,0.0,8.0,16.0,13.0,1.0,0.0,0.0,1
0.0,0.0,7.0,12.0,16.0,9.0,0.0,0.0,0.0,4.0,16.0,6.0,7.0,3.0,0.0,0.0,0.0,4.0,16.0,2.0,8.0,3.0,0.0,0.0,0.0,7.0,16.0,15.0,13.0,16.0,3.0,0.0,0.0,5.0,11.0,1.0,1.0,16.0,8.0,0.0,0.0,0.0,0.0,0.0,7.0,16.0,0.0,0.0,0.0,0.0,0.0,10.0,16.0,6.0,0.0,0.0,0.0,0.0,10.0,11.0,4.0,0.0,0.0,0.0,5
0.0,0.0,10.0,11.0,7.0,0.0,0.0,0.0,0.0,4.0,16.0,16.0,16.0,10.0,0.0,0.0,0.0,4.0,16.0,6.0,5.0,15.0,2.0,0.0,0.0,8.0,12.0,0.0,0.0,5.0,8.0,0.0,0.0,8.0,10.0,0.0,0.0,5.0,8.0,0.0,0.0,6.0,13.0,1.0,5.0,14.0,5.0,0.0,0.0,0.0,14.0,13.0,15.0,11.0,1.0,0.0,0.0,0.0,7.0,12.0,8.0,0.0,0.0,0.0,0
0.0,0.0,8.0,16.0,11.0,0.0,0.0,0.0,0.0,2.0,15.0,8.0,16.0,7.0,0.0,0.0,0.0,3.0,13.0,1.0,14.0,13.0,0.0,0.0,0.0,0.0,10.0,16.0,16.0,16.0,3.0,0.0,0.0,0.0,0.0,2.0,5.0,15.0,4.0,0.0,0.0,0.0,0.0,0.0,0.0,12.0,6.0,0.0,0.0,0.0,5.0,6.0,5.0,15.0,4.0,0.0,0.0,0.0,6.0,15.0,16.0,12.0,1.0,0.0,9
0.0,0.0,3.0,10.0,16.0,12.0,0.0,0.0,0.0,0.0,13.0,12.0,0.0,2.0,0.0,0.0,0.0,4.0,16.0,2.0,0.0,0.0,0.0,0.0,0.0,0.0,16.0,14.0,16.0,14.0,2.0,0.0,0.0,6.0,16.0,12.0,5.0,16.0,5.0,0.0,0.0,1.0,12.0,1.0,0.0,14.0,7.0,0.0,0.0,0.0,0.0,3.0,13.0,13.0,1.0,0.0,0.0,0.0,1.0,13.0,10.0,1.0,0.0,0.0,5
0.0,4.0,15.0,15.0,8.0,0.0,0.0,0.0,0.0,8.0,16.0,16.0,16.0,3.0,0.0,0.0,0.0,1.0,0.0,1.0,15.0,5.0,0.0,0.0,0.0,0.0,0.0,0.0,11.0,6.0,0.0,0.0,0.0,0.0,0.0,3.0,15.0,2.0,0.0,0.0,0.0,0.0,4.0,15.0,16.0,14.0,6.0,0.0,0.0,6.0,16.0,16.0,15.0,11.0,3.0,0.0,0.0,7.0,14.0,11.0,0.0,0.0,0.0,0.0,2
0.0,0.0,7.0,12.0,10.0,0.0,0.0,0.0,0.0,3.0,16.0,16.0,16.0,9.0,1.0,0.0,0.0,0.0,8.0,16.0,16.0,11.0,1.0,0.0,0.0,0.0,10.0,16.0,16.0,0.0,0.0,0.0,0.0,3.0,16.0,14.0,16.0,4.0,0.0,0.0,0.0,4.0,13.0,0.0,7.0,15.0,0.0,0.0,0.0,4.0,14.0,2.0,2.0,16.0,0.0,0.0,0.0,0.0,6.0,11.0,10.0,5.0,0.0,0.0,8
0.0,2.0,11.0,16.0,13.0,2.0,0.0,0.0,0.0,11.0,15.0,12.0,16.0,7.0,0.0,0.0,0.0,7.0,6.0,0.0,14.0,8.0,0.0,0.0,0.0,0.0,0.0,1.0,16.0,6.0,0.0,0.0,0.0,0.0,0.0,10.0,10.0,0.0,0.0,0.0,0.0,0.0,7.0,16.0,4.0,3.0,3.0,0.0,0.0,3.0,15.0,16.0,15.0,15.0,11.0,0.0,0.0,2.0,13.0,12.0,9.0,0.0,0.0,0.0,2
0.0,0.0,7.0,14.0,8.0,4.0,0.0,0.0,0.0,0.0,16.0,8.0,15.0,14.0,1.0,0.0,0.0,4.0,16.0,4.0,0.0,8.0,4.0,0.0,0.0,8.0,14.0,0.0,0.0,4.0,4.0,0.0,0.0,8.0,16.0,0.0,0.0,4.0,5.0,0.0,0.0,3.0,16.0,1.0,0.0,11.0,4.0,0.0,0.0,0.0,15.0,16.0,16.0,12.0,0.0,0.0,0.0,0.0,6.0,13.0,7.0,0.0,0.0,0.0,0
0.0,0.0,9.0,15.0,6.0,0.0,0.0,0.0,0.0,2.0,16.0,16.0,16.0,7.0,0.0,0.0,0.0,4.0,14.0,5.0,11.0,13.0,0.0,0.0,0.0,7.0,12.0,0.0,0.0,12.0,4.0,0.0,0.0,8.0,11.0,0.0,0.0,7.0,5.0,0.0,0.0,4.0,13.0,1.0,1.0,10.0,6.0,0.0,0.0,2.0,16.0,15.0,15.0,14.0,1.0,0.0,0.0,0.0,8.0,15.0,11.0,4.0,0.0,0.0,0
0.0,0.0,4.0,12.0,12.0,7.0,0.0,0.0,0.0,0.0,16.0,16.0,16.0,5.0,0.0,0.0,0.0,0.0,16.0,16.0,16.0,16.0,0.0,0.0,0.0,4.0,16.0,16.0,16.0,12.0,0.0,0.0,0.0,4.0,16.0,16.0,16.0,12.0,0.0,0.0,0.0,3.0,15.0,16.0,16.0,9.0,0.0,0.0,0.0,0.0,12.0,16.0,16.0,8.0,0.0,0.0,0.0,1.0,7.0,12.0,11.0,5.0,0.0,0.0,1
0.0,0.0,6.0,15.0,14.0,1.0,0.0,0.0,0.0,0.0,13.0,16.0,16.0,2.0,0.0,0.0,0.0,0.0,3.0,8.0,16.0,2.0,0.0,0.0,0.0,2.0,6.0,12.0,16.0,7.0,2.0,0.0,0.0,13.0,16.0,16.0,16.0,16.0,9.0,0.0,0.0,10.0,13.0,16.0,7.0,1.0,0.0,0.0,0.0,0.0,6.0,14.0,0.0,0.0,0.0,0.0,0.0,0.0,10.0,8.0,0.0,0.0,0.0,0.0,7
0.0,0.0,0.0,13.0,12.0,0.0,0.0,0.0,0.0,0.0,6.0,16.0,4.0,0.0,0.0,0.0,0.0,2.0,16.0,10.0,0.0,0.0,0.0,0.0,0.0,5.0,16.0,10.0,0.0,0.0,0.0,0.0,0.0,8.0,15.0,15.0,6.0,0.0,0.0,0.0,0.0,3.0,16.0,14.0,13.0,10.0,2.0,0.0,0.0,0.0,12.0,16.0,13.0,16.0,12.0,0.0,0.0,0.0,1.0,10.0,16.0,14.0,4.0,0.0,6
0.0,0.0,7.0,16.0,16.0,15.0,8.0,0.0,0.0,0.0,12.0,15.0,15.0,16.0,11.0,0.0,0.0,0.0,0.0,3.0,14.0,15.0,2.0,0.0,0.0,0.0,1.0,14.0,12.0,1.0,0.0,0.0,0.0,0.0,1.0,16.0,15.0,5.0,0.0,0.0,0.0,0.0,0.0,3.0,12.0,15.0,0.0,0.0,0.0,0.0,0.0,4.0,12.0,14.0,1.0,0.0,0.0,0.0,10.0,15.0,10.0,4.0,0.0,0.0,3
0.0,0.0,11.0,16.0,10.0,0.0,0.0,0.0,0.0,6.0,15.0,16.0,16.0,6.0,0.0,0.0,0.0,0.0,0.0,2.0,11.0,12.0,0.0,0.0,0.0,0.0,0.0,0.0,9.0,8.0,0.0,0.0,0.0,0.0,0.0,4.0,15.0,2.0,0.0,0.0,0.0,1.0,9.0,15.0,9.0,3.0,0.0,0.0,0.0,0.0,16.0,16.0,16.0,16.0,7.0,0.0,0.0,0.0,10.0,13.0,8.0,4.0,1.0,0.0,2
0.0,0.0,4.0,10.0,12.0,7.0,0.0,0.0,0.0,0.0,8.0,16.0,16.0,15.0,0.0,0.0,0.0,0.0,9.0,16.0,16.0,12.0,0.0,0.0,0.0,0.0,7.0,16.0,16.0,9.0,0.0,0.0,0.0,0.0,2.0,14.0,16.0,11.0,1.0,0.0,0.0,0.0,0.0,16.0,16.0,16.0,0.0,0.0,0.0,0.0,2.0,16.0,16.0,12.0,0.0,0.0,0.0,0.0,1.0,9.0,10.0,0.0,0.0,0.0,1
0.0,0.0,1.0,15.0,15.0,2.0,0.0,0.0,0.0,0.0,3.0,12.0,16.0,6.0,0.0,0.0,0.0,0.0,0.0,4.0,16.0,4.0,0.0,0.0,0.0,0.0,3.0,8.0,16.0,4.0,0.0,0.0,0.0,10.0,16.0,16.0,16.0,16.0,8.0,0.0,0.0,8.0,11.0,14.0,14.0,5.0,1.0,0.0,0.0,0.0,0.0,15.0,6.0,0.0,0.0,0.0,0.0,0.0,1.0,15.0,2.0,0.0,0.0,0.0,7
0.0,0.0,0.0,0.0,13.0,8.0,0.0,0.0,0.0,0.0,0.0,5.0,16.0,3.0,0.0,0.0,0.0,0.0,0.0,14.0,10.0,2.0,9.0,0.0,0.0,1.0,11.0,13.0,0.0,10.0,15.0,0.0,0.0,12.0,15.0,5.0,7.0,14.0,10.0,0.0,1.0,15.0,16.0,16.0,16.0,16.0,4.0,0.0,0.0,4.0,4.0,3.0,10.0,14.0,0.0,0.0,0.0,0.0,0.0,0.0,15.0,7.0,0.0,0.0,4
0.0,0.0,0.0,8.0,15.0,3.0,0.0,0.0,0.0,0.0,1.0,15.0,11.0,2.0,0.0,0.0,0.0,0.0,13.0,16.0,1.0,0.0,0.0,0.0,0.0,3.0,16.0,14.0,0.0,0.0,0.0,0.0,0.0,3.0,16.0,15.0,5.0,0.0,0.0,0.0,0.0,3.0,15.0,16.0,11.0,14.0,7.0,0.0,0.0,0.0,11.0,16.0,6.0,6.0,15.0,0.0,0.0,0.0,0.0,10.0,14.0,12.0,8.0,0.0,6
0.0,0.0,10.0,15.0,15.0,11.0,4.0,0.0,0.0,1.0,10.0,5.0,7.0,16.0,10.0,0.0,0.0,0.0,0.0,1.0,14.0,14.0,0.0,0.0,0.0,0.0,0.0,11.0,13.0,0.0,0.0,0.0,0.0,0.0,0.0,5.0,16.0,5.0,0.0,0.0,0.0,0.0,0.0,1.0,10.0,14.0,0.0,0.0,0.0,0.0,0.0,2.0,7.0,15.0,3.0,0.0,0.0,0.0,6.0,11.0,16.0,8.0,0.0,0.0,3
0.0,0.0,4.0,16.0,16.0,8.0,0.0,0.0,0.0,0.0,6.0,16.0,16.0,15.0,1.0,0.0,0.0,0.0,4.0,16.0,16.0,12.0,0.0,0.0,0.0,0.0,3.0,16.0,16.0,15.0,0.0,0.0,0.0,0.0,8.0,16.0,16.0,6.0,0.0,0.0,0.0,1.0,13.0,16.0,16.0,4.0,0.0,0.0,0.0,3.0,16.0,16.0,15.0,2.0,0.0,0.0,0.0,0.0,6.0,12.0,12.0,2.0,0.0,0.0,1
0.0,0.0,3.0,13.0,16.0,5.0,0.0,0.0,0.0,6.0,15.0,9.0,15.0,7.0,0.0,0.0,0.0,0.0,0.0,6.0,16.0,10.0,0.0,0.0,0.0,0.0,7.0,14.0,16.0,3.0,0.0,0.0,0.0,0.0,9.0,16.0,16.0,14.0,3.0,0.0,0.0,0.0,0.0,3.0,2.0,15.0,10.0,0.0,0.0,0.0,4.0,5.0,12.0,16.0,14.0,0.0,0.0,0.0,5.0,13.0,14.0,8.0,2.0,0.0,3
0.0,0.0,7.0,16.0,9.0,8.0,2.0,0.0,0.0,5.0,16.0,14.0,16.0,16.0,4.0,0.0,0.0,8.0,14.0,0.0,6.0,16.0,4.0,0.0,0.0,1.0,16.0,16.0,15.0,16.0,6.0,0.0,0.0,0.0,0.0,4.0,4.0,13.0,8.0,0.0,0.0,0.0,0.0,0.0,0.0,13.0,8.0,0.0,0.0,0.0,12.0,9.0,11.0,16.0,7.0,0.0,0.0,0.0,7.0,15.0,14.0,7.0,0.0,0.0,9
0.0,0.0,1.0,12.0,10.0,3.0,0.0,0.0,0.0,0.0,7.0,16.0,16.0,7.0,0.0,0.0,0.0,0.0,12.0,16.0,16.0,3.0,0.0,0.0,0.0,0.0,14.0,16.0,16.0,2.0,0.0,0.0,0.0,1.0,15.0,16.0,16.0,5.0,0.0,0.0,0.0,0.0,15.0,16.0,15.0,2.0,0.0,0.0,0.0,0.0,11.0,16.0,16.0,8.0,0.0,0.0,0.0,0.0,1.0,7.0,12.0,10.0,0.0,0.0,1
0.0,0.0,1.0,10.0,16.0,16.0,1.0,0.0,0.0,0.0,9.0,16.0,13.0,16.0,1.0,0.0,0.0,0.0,0.0,0.0,5.0,11.0,0.0,0.0,0.0,0.0,0.0,3.0,12.0,12.0,5.0,0.0,0.0,0.0,7.0,16.0,16.0,10.0,4.0,0.0,0.0,0.0,3.0,11.0,13.0,0.0,0.0,0.0,0.0,0.0,0.0,11.0,5.0,0.0,0.0,0.0,0.0,0.0,0.0,15.0,0.0,0.0,0.0,0.0,7
0.0,0.0,2.0,13.0,13.0,1.0,0.0,0.0,0.0,0.0,12.0,16.0,9.0,0.0,0.0,0.0,0.0,0.0,16.0,11.0,0.0,0.0,0.0,0.0,0.0,4.0,16.0,8.0,0.0,0.0,0.0,0.0,0.0,6.0,16.0,9.0,3.0,0.0,0.0,0.0,0.0,3.0,16.0,14.0,12.0,13.0,4.0,0.0,0.0,0.0,14.0,10.0,0.0,10.0,15.0,0.0,0.0,0.0,2.0,12.0,16.0,13.0,7.0,0.0,6
0.0,0.0,5.0,12.0,13.0,4.0,0.0,0.0,0.0,3.0,16.0,10.0,2.0,5.0,9.0,0.0,0.0,0.0,15.0,14.0,11.0,15.0,3.0,0.0,0.0,0.0,7.0,16.0,15.0,1.0,0.0,0.0,0.0,0.0,3.0,16.0,16.0,4.0,0.0,0.0,0.0,0.0,8.0,14.0,13.0,12.0,0.0,0.0,0.0,0.0,12.0,12.0,13.0,11.0,0.0,0.0,0.0,0.0,7.0,16.0,11.0,2.0,0.0,0.0,8
0.0,0.0,0.0,3.0,13.0,7.0,0.0,0.0,0.0,0.0,1.0,14.0,11.0,0.0,0.0,0.0,0.0,0.0,12.0,12.0,1.0,2.0,3.0,0.0,0.0,7.0,16.0,4.0,1.0,15.0,10.0,0.0,0.0,10.0,14.0,0.0,7.0,16.0,8.0,0.0,0.0,15.0,16.0,16.0,16.0,16.0,1.0,0.0,0.0,4.0,11.0,11.0,15.0,11.0,0.0,0.0,0.0,0.0,0.0,2.0,15.0,4.0,0.0,0.0,4
0.0,1.0,7.0,13.0,16.0,13.0,0.0,0.0,0.0,7.0,16.0,16.0,16.0,14.0,0.0,0.0,0.0,1.0,7.0,16.0,10.0,1.0,0.0,0.0,0.0,1.0,16.0,15.0,0.0,0.0,0.0,0.0,0.0,0.0,8.0,15.0,14.0,3.0,0.0,0.0,0.0,0.0,0.0,1.0,14.0,15.0,3.0,0.0,0.0,0.0,1.0,5.0,13.0,16.0,7.0,0.0,0.0,0.0,8.0,15.0,10.0,6.0,0.0,0.0,3
0.0,0.0,8.0,12.0,11.0,6.0,0.0,0.0,0.0,0.0,8.0,16.0,16.0,13.0,2.0,0.0,0.0,2.0,14.0,16.0,16.0,14.0,2.0,0.0,0.0,2.0,13.0,16.0,16.0,8.0,0.0,0.0,0.0,4.0,16.0,16.0,16.0,8.0,0.0,0.0,0.0,4.0,16.0,16.0,16.0,10.0,0.0,0.0,0.0,1.0,11.0,16.0,16.0,8.0,0.0,0.0,0.0,0.0,4.0,11.0,12.0,7.0,0.0,0.0,1
0.0,0.0,0.0,2.0,16.0,1.0,0.0,0.0,0.0,0.0,0.0,9.0,12.0,0.0,0.0,0.0,0.0,0.0,4.0,15.0,9.0,0.0,0.0,0.0,0.0,4.0,16.0,12.0,0.0,9.0,12.0,0.0,0.0,9.0,16.0,16.0,16.0,16.0,10.0,0.0,0.0,1.0,6.0,10.0,14.0,16.0,4.0,0.0,0.0,0.0,0.0,0.0,14.0,14.0,0.0,0.0,0.0,0.0,0.0,3.0,16.0,7.0,0.0,0.0,4
0.0,0.0,5.0,16.0,10.0,0.0,0.0,0.0,0.0,0.0,8.0,16.0,16.0,5.0,0.0,0.0,0.0,0.0,14.0,14.0,1.0,12.0,0.0,0.0,0.0,0.0,15.0,10.0,0.0,7.0,4.0,0.0,0.0,2.0,16.0,7.0,0.0,2.0,9.0,0.0,0.0,2.0,16.0,8.0,0.0,6.0,11.0,0.0,0.0,1.0,12.0,14.0,14.0,16.0,5.0,0.0,0.0,0.0,4.0,15.0,16.0,8.0,1.0,0.0,0
0.0,0.0,9.0,12.0,14.0,6.0,0.0,0.0,0.0,0.0,16.0,6.0,0.0,0.0,0.0,0.0,0.0,2.0,15.0,0.0,0.0,0.0,0.0,0.0,0.0,8.0,15.0,12.0,16.0,9.0,1.0,0.0,0.0,1.0,8.0,6.0,2.0,12.0,7.0,0.0,0.0,0.0,0.0,0.0,0.0,11.0,7.0,0.0,0.0,0.0,0.0,0.0,8.0,15.0,2.0,0.0,0.0,0.0,12.0,14.0,9.0,2.0,0.0,0.0,5
0.0,2.0,10.0,12.0,16.0,8.0,0.0,0.0,0.0,4.0,8.0,5.0,13.0,16.0,0.0,0.0,0.0,0.0,0.0,7.0,15.0,7.0,0.0,0.0,0.0,0.0,6.0,16.0,10.0,0.0,0.0,0.0,0.0,0.0,0.0,5.0,16.0,11.0,0.0,0.0,0.0,0.0,0.0,0.0,6.0,16.0,3.0,0.0,0.0,0.0,0.0,0.0,10.0,16.0,5.0,0.0,0.0,2.0,14.0,16.0,12.0,9.0,0.0,0.0,3
0.0,0.0,0.0,6.0,12.0,6.0,0.0,0.0,0.0,0.0,1.0,15.0,14.0,1.0,0.0,0.0,0.0,0.0,10.0,16.0,8.0,0.0,0.0,0.0,0.0,1.0,13.0,16.0,0.0,0.0,0.0,0.0,0.0,3.0,16.0,16.0,11.0,4.0,0.0,0.0,0.0,0.0,16.0,16.0,16.0,16.0,7.0,0.0,0.0,0.0,9.0,16.0,16.0,16.0,12.0,0.0,0.0,0.0,0.0,6.0,11.0,12.0,5.0,0.0,6
0.0,0.0,5.0,14.0,11.0,8.0,0.0,0.0,0.0,4.0,15.0,2.0,16.0,16.0,0.0,0.0,0.0,8.0,12.0,0.0,12.0,16.0,0.0,0.0,0.0,2.0,15.0,16.0,16.0,15.0,4.0,0.0,0.0,0.0,0.0,4.0,10.0,16.0,2.0,0.0,0.0,0.0,0.0,0.0,4.0,16.0,2.0,0.0,0.0,3.0,13.0,8.0,14.0,16.0,0.0,0.0,0.0,0.0,7.0,15.0,12.0,5.0,0.0,0.0,9
0.0,0.0,2.0,13.0,10.0,0.0,0.0,0.0,0.0,0.0,10.0,13.0,0.0,0.0,0.0,0.0,0.0,0.0,16.0,6.0,0.0,0.0,0.0,0.0,0.0,3.0,16.0,8.0,2.0,0.0,0.0,0.0,0.0,7.0,16.0,16.0,16.0,11.0,0.0,0.0,0.0,4.0,16.0,2.0,4.0,11.0,9.0,0.0,0.0,1.0,13.0,11.0,8.0,12.0,12.0,0.0,0.0,0.0,1.0,12.0,16.0,14.0,4.0,0.0,6
0.0,0.0,6.0,12.0,12.0,6.0,0.0,0.0,0.0,0.0,11.0,16.0,16.0,13.0,0.0,0.0,0.0,0.0,12.0,16.0,16.0,8.0,0.0,0.0,0.0,0.0,8.0,16.0,16.0,12.0,0.0,0.0,0.0,2.0,13.0,16.0,16.0,12.0,0.0,0.0,0.0,1.0,16.0,16.0,16.0,10.0,0.0,0.0,0.0,0.0,16.0,16.0,16.0,8.0,0.0,0.0,0.0,0.0,2.0,11.0,10.0,4.0,0.0,0.0,1
0.0,0.0,6.0,16.0,16.0,3.0,0.0,0.0,0.0,0.0,8.0,16.0,16.0,12.0,0.0,0.0,0.0,0.0,0.0,4.0,15.0,11.0,0.0,0.0,0.0,0.0,6.0,16.0,16.0,16.0,13.0,0.0,0.0,0.0,11.0,16.0,16.0,5.0,1.0,0.0,0.0,0.0,0.0,14.0,7.0,0.0,0.0,0.0,0.0,0.0,4.0,16.0,1.0,0.0,0.0,0.0,0.0,0.0,11.0,11.0,0.0,0.0,0.0,0.0,7
0.0,0.0,12.0,16.0,16.0,7.0,0.0,0.0,0.0,3.0,16.0,10.0,2.0,2.0,0.0,0.0,0.0,4.0,16.0,5.0,0.0,0.0,0.0,0.0,0.0,3.0,16.0,12.0,12.0,9.0,1.0,0.0,0.0,1.0,15.0,16.0,12.0,15.0,9.0,0.0,0.0,0.0,0.0,0.0,3.0,14.0,11.0,0.0,0.0,0.0,3.0,9.0,16.0,16.0,7.0,0.0,0.0,0.0,10.0,12.0,12.0,4.0,0.0,0.0,5
0.0,0.0,0.0,2.0,14.0,0.0,0.0,0.0,0.0,0.0,0.0,4.0,15.0,0.0,0.0,0.0,0.0,0.0,0.0,11.0,10.0,5.0,7.0,0.0,0.0,0.0,11.0,15.0,2.0,13.0,7.0,0.0,0.0,10.0,16.0,8.0,8.0,16.0,6.0,0.0,0.0,8.0,12.0,12.0,13.0,15.0,1.0,0.0,0.0,0.0,0.0,0.0,10.0,10.0,0.0,0.0,0.0,0.0,0.0,1.0,13.0,3.0,0.0,0.0,4
0.0,0.0,0.0,1.0,13.0,8.0,0.0,0.0,0.0,0.0,0.0,9.0,15.0,3.0,0.0,0.0,0.0,0.0,2.0,16.0,9.0,2.0,1.0,0.0,0.0,2.0,14.0,13.0,1.0,16.0,6.0,0.0,0.0,11.0,16.0,6.0,8.0,16.0,3.0,0.0,1.0,16.0,16.0,16.0,16.0,13.0,0.0,0.0,0.0,7.0,12.0,13.0,16.0,10.0,0.0,0.0,0.0,0.0,0.0,0.0,15.0,7.0,0.0,0.0,4
0.0,0.0,3.0,10.0,16.0,16.0,4.0,0.0,0.0,0.0,0.0,0.0,1.0,14.0,7.0,0.0,0.0,0.0,0.0,0.0,2.0,15.0,4.0,0.0,0.0,0.0,4.0,4.0,12.0,15.0,5.0,0.0,0.0,1.0,15.0,16.0,16.0,9.0,4.0,0.0,0.0,0.0,2.0,11.0,13.0,0.0,0.0,0.0,0.0,0.0,1.0,16.0,5.0,0.0,0.0,0.0,0.0,0.0,3.0,12.0,0.0,0.0,0.0,0.0,7
0.0,3.0,14.0,15.0,6.0,0.0,0.0,0.0,0.0,7.0,15.0,14.0,15.0,0.0,0.0,0.0,0.0,2.0,7.0,2.0,14.0,3.0,0.0,0.0,0.0,0.0,0.0,1.0,14.0,4.0,0.0,0.0,0.0,0.0,0.0,7.0,15.0,2.0,0.0,0.0,0.0,0.0,5.0,15.0,14.0,4.0,1.0,0.0,0.0,4.0,15.0,16.0,16.0,16.0,6.0,0.0,0.0,4.0,15.0,13.0,12.0,11.0,1.0,0.0,2
0.0,0.0,10.0,16.0,14.0,5.0,0.0,0.0,0.0,2.0,16.0,16.0,8.0,0.0,0.0,0.0,0.0,0.0,9.0,16.0,16.0,5.0,0.0,0.0,0.0,0.0,7.0,16.0,16.0,3.0,0.0,0.0,0.0,0.0,14.0,14.0,13.0,11.0,0.0,0.0,0.0,5.0,16.0,1.0,6.0,15.0,0.0,0.0,0.0,7.0,14.0,9.0,13.0,15.0,1.0,0.0,0.0,1.0,11.0,16.0,15.0,6.0,0.0,0.0,8
0.0,1.0,10.0,13.0,2.0,0.0,0.0,0.0,0.0,10.0,16.0,16.0,12.0,0.0,0.0,0.0,0.0,9.0,9.0,8.0,16.0,0.0,0.0,0.0,0.0,0.0,0.0,6.0,16.0,2.0,0.0,0.0,0.0,0.0,1.0,11.0,15.0,0.0,0.0,0.0,0.0,0.0,4.0,16.0,13.0,2.0,0.0,0.0,0.0,0.0,14.0,16.0,16.0,16.0,13.0,0.0,0.0,0.0,9.0,13.0,11.0,10.0,9.0,0.0,2
0.0,0.0,15.0,13.0,1.0,0.0,0.0,0.0,0.0,0.0,14.0,14.0,4.0,0.0,0.0,0.0,0.0,0.0,1.0,4.0,12.0,0.0,0.0,0.0,0.0,0.0,0.0,6.0,12.0,0.0,0.0,0.0,0.0,0.0,0.0,11.0,10.0,0.0,0.0,0.0,0.0,0.0,1.0,16.0,8.0,6.0,5.0,0.0,0.0,0.0,13.0,16.0,16.0,16.0,14.0,0.0,0.0,0.0,10.0,13.0,10.0,6.0,2.0,0.0,2
0.0,0.0,1.0,10.0,14.0,13.0,1.0,0.0,0.0,0.0,8.0,12.0,6.0,4.0,0.0,0.0,0.0,0.0,14.0,4.0,0.0,0.0,0.0,0.0,0.0,5.0,16.0,12.0,13.0,12.0,0.0,0.0,0.0,2.0,11.0,11.0,8.0,14.0,4.0,0.0,0.0,0.0,0.0,0.0,0.0,16.0,4.0,0.0,0.0,0.0,0.0,0.0,6.0,15.0,2.0,0.0,0.0,0.0,0.0,12.0,14.0,4.0,0.0,0.0,5
0.0,1.0,10.0,16.0,15.0,2.0,0.0,0.0,0.0,1.0,12.0,13.0,16.0,4.0,0.0,0.0,0.0,0.0,0.0,0.0,16.0,8.0,0.0,0.0,0.0,0.0,7.0,11.0,16.0,13.0,8.0,0.0,0.0,8.0,16.0,16.0,16.0,16.0,6.0,0.0,0.0,2.0,10.0,16.0,9.0,0.0,0.0,0.0,0.0,0.0,3.0,16.0,4.0,0.0,0.0,0.0,0.0,0.0,10.0,15.0,2.0,0.0,0.0,0.0,7
0.0,0.0,4.0,14.0,15.0,6.0,0.0,0.0,0.0,5.0,16.0,16.0,16.0,16.0,0.0,0.0,0.0,5.0,16.0,16.0,16.0,16.0,3.0,0.0,0.0,0.0,2.0,8.0,13.0,16.0,5.0,0.0,0.0,0.0,0.0,0.0,8.0,16.0,6.0,0.0,0.0,0.0,0.0,0.0,4.0,16.0,8.0,0.0,0.0,0.0,1.0,6.0,13.0,16.0,6.0,0.0,0.0,0.0,4.0,13.0,15.0,9.0,0.0,0.0,9
0.0,0.0,10.0,16.0,15.0,1.0,0.0,0.0,0.0,0.0,16.0,12.0,5.0,0.0,0.0,0.0,0.0,2.0,16.0,9.0,4.0,0.0,0.0,0.0,0.0,4.0,16.0,16.0,16.0,14.0,2.0,0.0,0.0,1.0,10.0,4.0,1.0,16.0,4.0,0.0,0.0,0.0,0.0,0.0,2.0,16.0,7.0,0.0,0.0,0.0,7.0,8.0,14.0,16.0,3.0,0.0,0.0,0.0,6.0,13.0,10.0,4.0,0.0,0.0,5
0.0,0.0,0.0,1.0,12.0,6.0,0.0,0.0,0.0,0.0,0.0,11.0,15.0,2.0,0.0,0.0,0.0,0.0,8.0,16.0,6.0,1.0,2.0,0.0,0.0,4.0,16.0,9.0,1.0,15.0,9.0,0.0,0.0,13.0,15.0,6.0,10.0,16.0,6.0,0.0,0.0,12.0,16.0,16.0,16.0,16.0,1.0,0.0,0.0,1.0,7.0,4.0,14.0,13.0,0.0,0.0,0.0,0.0,0.0,0.0,14.0,9.0,0.0,0.0,4
0.0,0.0,8.0,16.0,3.0,0.0,1.0,0.0,0.0,0.0,16.0,14.0,5.0,14.0,12.0,0.0,0.0,0.0,8.0,16.0,16.0,9.0,0.0,0.0,0.0,0.0,3.0,16.0,14.0,1.0,0.0,0.0,0.0,0.0,12.0,16.0,16.0,2.0,0.0,0.0,0.0,0.0,16.0,11.0,16.0,4.0,0.0,0.0,0.0,3.0,16.0,16.0,16.0,6.0,0.0,0.0,0.0,0.0,10.0,16.0,10.0,1.0,0.0,0.0,8
0.0,0.0,5.0,12.0,8.0,0.0,1.0,0.0,0.0,0.0,11.0,16.0,5.0,13.0,6.0,0.0,0.0,0.0,2.0,15.0,16.0,12.0,1.0,0.0,0.0,0.0,0.0,10.0,16.0,6.0,0.0,0.0,0.0,0.0,1.0,15.0,16.0,7.0,0.0,0.0,0.0,0.0,8.0,16.0,16.0,11.0,0.0,0.0,0.0,0.0,11.0,16.0,16.0,9.0,0.0,0.0,0.0,0.0,6.0,12.0,12.0,3.0,0.0,0.0,8
0.0,0.0,0.0,3.0,15.0,4.0,0.0,0.0,0.0,0.0,4.0,16.0,12.0,0.0,0.0,0.0,0.0,0.0,12.0,15.0,3.0,4.0,3.0,0.0,0.0,7.0,16.0,5.0,3.0,15.0,8.0,0.0,0.0,13.0,16.0,13.0,15.0,16.0,2.0,0.0,0.0,12.0,16.0,16.0,16.0,13.0,0.0,0.0,0.0,0.0,4.0,5.0,16.0,8.0,0.0,0.0,0.0,0.0,0.0,1.0,16.0,4.0,0.0,0.0,4
0.0,0.0,4.0,10.0,13.0,6.0,0.0,0.0,0.0,1.0,16.0,14.0,12.0,16.0,3.0,0.0,0.0,4.0,16.0,6.0,3.0,16.0,4.0,0.0,0.0,0.0,12.0,16.0,16.0,16.0,5.0,0.0,0.0,0.0,0.0,4.0,4.0,16.0,8.0,0.0,0.0,0.0,0.0,0.0,0.0,15.0,5.0,0.0,0.0,0.0,5.0,7.0,7.0,16.0,4.0,0.0,0.0,0.0,2.0,14.0,15.0,9.0,0.0,0.0,9
0.0,0.0,6.0,16.0,13.0,11.0,1.0,0.0,0.0,0.0,16.0,15.0,12.0,16.0,1.0,0.0,0.0,3.0,16.0,7.0,0.0,13.0,6.0,0.0,0.0,4.0,16.0,0.0,0.0,10.0,8.0,0.0,0.0,8.0,16.0,0.0,0.0,14.0,6.0,0.0,0.0,5.0,16.0,7.0,9.0,16.0,5.0,0.0,0.0,1.0,15.0,16.0,16.0,16.0,1.0,0.0,0.0,0.0,6.0,16.0,14.0,6.0,0.0,0.0,0
0.0,0.0,1.0,11.0,15.0,1.0,0.0,0.0,0.0,0.0,13.0,16.0,8.0,2.0,1.0,0.0,0.0,0.0,16.0,15.0,10.0,16.0,5.0,0.0,0.0,0.0,8.0,16.0,16.0,7.0,0.0,0.0,0.0,0.0,9.0,16.0,16.0,4.0,0.0,0.0,0.0,0.0,16.0,14.0,16.0,15.0,0.0,0.0,0.0,0.0,15.0,15.0,15.0,16.0,0.0,0.0,0.0,0.0,2.0,9.0,13.0,6.0,0.0,0.0,8
0.0,0.0,2.0,10.0,7.0,0.0,0.0,0.0,0.0,0.0,14.0,16.0,16.0,15.0,1.0,0.0,0.0,4.0,16.0,7.0,3.0,16.0,7.0,0.0,0.0,5.0,16.0,10.0,7.0,16.0,4.0,0.0,0.0,0.0,5.0,14.0,14.0,16.0,4.0,0.0,0.0,0.0,0.0,0.0,0.0,16.0,2.0,0.0,0.0,0.0,4.0,7.0,7.0,16.0,2.0,0.0,0.0,0.0,5.0,12.0,16.0,12.0,0.0,0.0,9
0.0,0.0,10.0,14.0,8.0,1.0,0.0,0.0,0.0,2.0,16.0,14.0,6.0,1.0,0.0,0.0,0.0,0.0,15.0,15.0,8.0,15.0,0.0,0.0,0.0,0.0,5.0,16.0,16.0,10.0,0.0,0.0,0.0,0.0,12.0,15.0,15.0,12.0,0.0,0.0,0.0,4.0,16.0,6.0,4.0,16.0,6.0,0.0,0.0,8.0,16.0,10.0,8.0,16.0,8.0,0.0,0.0,1.0,8.0,12.0,14.0,12.0,1.0,0.0,8
